text,platform,source
"Currently working at amazon. I work Front half night shift, Sunday - Wednesday, 6PM - 4:30AM. I lucked out- Durning training I got assigned to floor 1, that's ship dock and pack, two decent process paths- I got put into ship. Ship is great because plenty of those tasks aren't tracked at all, and the bosses down there are actually pretty chill and respectful *most* of the time. Drama is low, bathroom breaks are plenty, and you can pretty much avoid most of the hassle by being respectful, competent and not abusing the trust you get. These traits could be unique to my building- It's rather new, having only opened last year, but being in ship dock has actually been one of the more satisfying job experiences I've had. You're still just a number to them, still only getting moderately decent pay, and you still sometimes get work tracked- but you're almost never going to be fired for working too slow or having time off task if you show a baseline level of capability here. 

Me- I'm an ultra special case, I'm a dedicated Cart Builder- That means I unfold ""Go-Carts,"" these big 7~ish foot tall rectangular metal and plastic carts, with caster wheels and double dutch-style doors- each a few hundred pounds-ish and come folded up into an L shape with usually around 128 of them nested into a single trailer. All I do all day, almost every day, is put my stuff away, put on my PPE, and just build carts all day. I spend hours on end inside a trailer just spitting carts out while other workers come and take them- I'm not tracked, I'm not monitored, the cameras usually can't see me on account of the massive wall of carts I typically produce after a few minutes- It's kinda heavenly for someone who enjoys physical work and likes a little independence. Brutal on your body but the freedom is awesome since every time I clear a trailer, my bosses usually go ""Hey, nice work, why don't you take a quick five minute break"" and on a good day I can score six or so breaks- enough to rest up, get snacks, and avoid overworking myself most of the time. 

Not exactly a cushy job- but there's ways to score a tolerable amount of comfort in amazon. And it can be an amazing place to go if you need a job that will keep you more physically active- I don't even go to the gym and since working here for 4 months I've lost ten pounds and my six pack is coming back, so there's that too.

For sure though- working any of the other process paths is hell, don't do it- don't listen to anyone who says ""You know, getting cross-trained into pick/stow/sort is a great way to-"" tell them to shut up and that you want to go into pack or ship and never let them train you for anything else. They cannot FORCE you to be trained in anything you don't want to- but once you're trained, they CAN force you to go back there- so be wary. Also don't let your Unpaid time off slip below zero- idk why this is so common but it's the number one way I hear about people getting fired from ship. You get voluntary days off, just grift for those and always keep a day of time off in case of emergencies.

Primary downside? People online get to call you corpo scum and you can't argue with them about it.",youtube,Lyqo2uJvNO4
Going on 8.5 years,youtube,Lyqo2uJvNO4
Do they have a union? Jeeze…,youtube,Lyqo2uJvNO4
Workers having sex in the bathrooms at amazon.,youtube,Lyqo2uJvNO4
I work sort. The day I quit Im fucking the sort up 🤫,youtube,Lyqo2uJvNO4
From my experience with talking to many associates about what they hate the most about working at Amazon and it's the managers. There are way way too many A-hole managers that there are not enough good managers to balance the workplace to be a physically and mentally healthy environment to work in. Amazon's policies don't always make sense which is frustrating. Amazon management don't apply common sense to the way they handle the associate's.,youtube,Lyqo2uJvNO4
"I experienced a similar experience working at a Target Distribution Center. Went in after getting murdered the day prior, saw my truck they wanted me to unload. I just left. Never again.",youtube,Lyqo2uJvNO4
"I worked there for five years bust my ass they found safety to try to wrap me out got in trouble because of a safety rat a month later got terminated in a email saying that I was suspended. They blocked me from my app and say that I had a week of benefits left over. I tried to hit HR up several times with fixing the problem so I could do my seven day appeal I was trying to get a hold of the HR in the building haven’t called me back and when it comes to a warehouse cause I work first shift from 7:30am to 6pm and when it comes to working in the warehouse, don’t talk about a union to anyone because it’s like oh no the world is going to end. We’re all gonna have a union. People are trying to get a union involved when you know the benefit of the doubt of having a union to have better raises in a retirement plan and union dues is just like paying for your insurance other thing is you already paying your for your insurance because the union gives you what you deserve that’s why union dues as union dues so you don’t have to pay for their insurance. It’s just the union dues",youtube,Lyqo2uJvNO4
"Video title should be “Grown men guides to be a lazy worker, and how to complain about working” it’s the easiest job ever. You got lazy friends",youtube,Lyqo2uJvNO4
"I remember when I quit. Very clearly. I had asked for some time away because my mental health was the lowest it had been in my entire life. Every time I got in the car I dreaded going to work. Dread, actual anxiety just getting in the car and starting it. Different from exhaustion or irritation, I DREADED it. I took I think roughly two weeks away, I asked for a period to allow my health to return to normal. But when the time to return to that dreary warehouse came around, I physically could not do it. I dreaded it so much that I couldn't get in the car. I quit that afternoon. No two weeks, nothing. I quit then and there. I haven't looked back since.",youtube,Lyqo2uJvNO4
I love this dude's personality sarcasm and everything 😂😂😂,youtube,Lyqo2uJvNO4
"Actually, if you use the bathroom on yourself during shift, you have to let your area manager know and maybe they might let you off on vto",youtube,Lyqo2uJvNO4
"100% accurate!  The manager looked at me like I was crazy after I exited the restroom because my eyelashes were frozen together after coming out of the freezer! I was shocked at that experience of having to defrost. She told me I can't go to the restroom without permission.  One of the shift leaders started laughing at me the next day when I showed up for work, he said, wow you mean you came back, lol. He said most leave after the first shift. He was right, most of my team didn't show back up. I stayed the longest before I walked off at lunch break. I stayed a whole 4 days! 😂",youtube,Lyqo2uJvNO4
"Idk man, fourth day of work. 8 hours over time. X1.5 plus all 3/4 are surged +5$. 

25/hour to scan bags for 10 hours with over time is over 35$/hour just to scan boxes for 10 hours... easy 1500 a week.",youtube,Lyqo2uJvNO4
"I was thinking of working for amazaon in Miami fl. But,I heard managers are not professional and firing hard working people and not being fare!! Beware people I hear that managers sleep around with women in there and abuse workers with productivity. Not producing you’re gone!!! Wish the owner take some time off to investigate or send undercovers! But if money is more important to the owner then people find yourselfs something better!! Yes slavery still exists in Amazon. Please investigate your managers and supervisors!!",youtube,Lyqo2uJvNO4
"Well, I have lupus and hemolytic anemia, but I have been working at Amazon for two years. 

I work at a delivery station. My favorite job is unloading. I also often work as a water spider, a Non-Con unloader and sorter, a stower, and diverter. But, I also do inducting, problem solving, and straightening. Of course, I do picking, traffic control, and carts. 

I enjoy the job. I am good at it. My only complaint is that job rotation wasn't done fairly. 

Since I am an efficient and fast worker, I was given harder work regularly. I like that, because it makes it seem as though my day goes by more quickly. 

However, during times when I have severe lupus flare-ups, or I am going through an anemia pain crisis, I don't want to sort Non-Cons, or go out side in below zero temperature for 3 1/2 hours, while cute, younger women get to simply stand at a table and induct or push. 

After presenting this complaint to management about five times, nothing was done about it. So finally, I threatened to quit if I wasn't put in a rotation where I occasionally got the easier jobs too (like when I am extremely sick). They realized I wasn't bluffing. Ever since then (about 2 1/2 months ago) I get to induct and do problem solved too, instead of sorting and unloading Non-Cons all day, and going outside in below zero temperatures three or four times a week.",youtube,Lyqo2uJvNO4
I’ve ninja quit a few jobs in my life . Sleepier out the back into the fog of night and blocked all numbers …. Shameful coward way to quit u know but it kept me out of jail and civil court a few times I’m sure lol,youtube,Lyqo2uJvNO4
I’m currently at Amazon been doing the it for over 3yrs now I do the deliveries and I work inside of the warehouse to me personally it’s mostly who’s the manager and or if your fitness are working that day,youtube,Lyqo2uJvNO4
"I worked there one day 😂. For me, it was the repetitive motions. The shift felt like double the time for the pay.",youtube,Lyqo2uJvNO4
"As soon as he said he's never actually worked at Amazon and is just going off people's stories I instantly checked out. How can you judge a place based on the performance of multiple people in one, two or even three locations? You have no idea how nice someone six states over could consider their job at amazon...",youtube,Lyqo2uJvNO4
😂😂😂😂😂😂❤❤❤,youtube,Lyqo2uJvNO4
You dont even work there and I just applied and you gotta go freaking me the fck out,youtube,Lyqo2uJvNO4
Always do the bare minimum for any corporation but it look like your best  and never take advice from your co workers or managers in places like this it’s miserable people a step away from junkies,youtube,Lyqo2uJvNO4
watching this after 14000 layoffs 🤦🏽,youtube,Lyqo2uJvNO4
I make 19hr,youtube,Lyqo2uJvNO4
Soo they like QVC,youtube,Lyqo2uJvNO4
It's very very sad how I lost my job at Amazon because someone said I didn't stop at a stop sign in the parking lot after my shift( 4:30am). My friend was fired for getting mad at someone calling him a monkey 🐒.,youtube,Lyqo2uJvNO4
"If im time off task i just tell them to rewind the damn  tape back, with all those damn cameras in there, also does anyone  know if there is an employee  handbook i can read",youtube,Lyqo2uJvNO4
"I’ll never understand how people complain about Amazon. It’s literally the most straight forward job there is, you get pay ok, you can make overtime, you work only 4 days and have 3 days off almost every month…. The bathroom situation had never being as bad as they make it seem… usually the people that complain about the bathroom it’s people that are literally the ones that do less😂 I’ve wouldn’t be defending them if it wasn’t because I’ve work for them in 2 different locations….",youtube,Lyqo2uJvNO4
What about their Data Centers?,youtube,Lyqo2uJvNO4
Don't get enough hours Felix,youtube,Lyqo2uJvNO4
Childish Gambino 😅,youtube,Lyqo2uJvNO4
"I understand you one billion percent. I just got hired at Amazon last month on 9th of September, and I am working 10 hours a day, 40 hours a week, and in October I will be working 5 days a week, including Saturday, I have a week where I am only going to be free for 1 day and then go back to work of another 5 days, 45 min break only and then I go home, eat a little, go to sleep, wake up at 4:30 AM, do some personal task (trying to END the rat race), and then prepare for work. I pack boxes and let me tell you, Jordan... they can get heavy as sh** and you have to work fast. You have everything nearby to work and pack as fast as possible, lunch break is not big enough, I only work in the morning shift (from 8:40 AM to 6:50 PM), I get to have decent money, but man... I am already exhausted and I also have epilepsy. I only want to work just to end my bills (which is not a crazy amount), and save/invest some for myself and my future, then BYE, BYE! No sir... this is not a decent place to work, yes, people are friendly but honestly most of the people that I started working with in the same day, they quit. One guy lost weight and I'm like... WOW! Bro what's up with you?? and this is it... overworked and underpaid. Can't wait to get out of the rat race asap.",youtube,Lyqo2uJvNO4
"Time off task , he’s right . They will find away to fire you man it’s fuckin crazy . It’s happening right now to all my buddies . Such hard workers . Fuck Amazon",youtube,Lyqo2uJvNO4
My mgr doesn't care about tot as long as ur hitting rate. Im a kick out problem solve its Hella chill. & u can leave early or late whenever u want as long as u got time!,youtube,Lyqo2uJvNO4
this is amerika,youtube,Lyqo2uJvNO4
"I was recently fired from Amazon because it was my fault I would run out of work. After 3 years. They didn't care. They called it low productivity. I was a month away from my 4th year, and pay raise.....and they tossed me away",youtube,Lyqo2uJvNO4
While watching this right now as I’m preparing my first shift tonight all i could say is that i don’t want to work there but i got no choice im in a tough situation and i need money. I’m not going stay in that job forever just for like at least a month or two because im moving out from New Jersey to North Carolina with my soon to be wife so im trying to save money much as i can. I heard a lot of bad things about Amazon but ima be applying other jobs while on Amazon hopefully wish me luck.,youtube,Lyqo2uJvNO4
I’m just trying to get this car and I’m gone😭,youtube,Lyqo2uJvNO4
Hey Jordan!,youtube,Lyqo2uJvNO4
I love driving for Amazon,youtube,Lyqo2uJvNO4
"Each thing had, “find another job”",youtube,Lyqo2uJvNO4
As revenge shoulda have took a dumb on their packages,youtube,Lyqo2uJvNO4
"I just had to comment because wtf? 
first of all amazon has been the best employer I have ever had hands down , the fact you'd rather be treated at McDonalds for less pay says it all .
bathroom breaks are only monitored when an associate takes more than 15 minutes so yea that is a nuisance for all the non wanting to work people.
we have a lot of quitters at amazon especially the day first day ones.
your disclaimer should automatically disqualify this entire video .
I used to weigh 270 and lost over 50 pounds working at amazon and I never felt better
and for someone who says Fedex and usps enviroments are better HAHAHA you're tripping 
good god your last rule is fucking lazy thats all I can say because the same workers who don't want to put in the work in ANY place would not work harder and push themselves at McDonalds you brain dead FUCK !",youtube,Lyqo2uJvNO4
"A coworker, after being told she couldn't go to the restroom, pulled down her pants and peed right there, at her station!  Did she lose her job? I never heard!  LOL",youtube,Lyqo2uJvNO4
"Im here 1 year, in ship dock 😢",youtube,Lyqo2uJvNO4
"Hey there, 

First off thanks for using your platform to call out Amazon. As a current worker there I can tell you it SUCKS. 

It wears on your body and the higher ups don't care. They go off on all kinds of stupid stuff, scan rate being the favorite. 

To whoever manages to read this, for the love of God if you really need money it's not bad but doing it for years is stupid. Have a plan to get out.",youtube,Lyqo2uJvNO4
dont worry i work in automation all those warehouse jobs will be gone in next 5 years china alrdy has black plants meaning no living soul on site everything done by robots its coming,youtube,Lyqo2uJvNO4
Scamazon is a disgrace,youtube,Lyqo2uJvNO4
Flex shift is hard to get hours,youtube,Lyqo2uJvNO4
"I remember when I couldn't find a job, my mom suggested to work at Amazon. I heard a couple horror stories about Amazon treating their workers horribly, so I refused. But I think my mom kept suggesting Amazon, just for a few months at least because ""A job is a job"". I work at a place that seems to appreciate my work now",youtube,Lyqo2uJvNO4
"My boyfriend works at amazon in Germany and there they give you bathroom break there as much as you want, about which country are you talking?",youtube,Lyqo2uJvNO4
Don not work  their. Thats all you need to know.,youtube,Lyqo2uJvNO4
Driving for them is horrible.,youtube,Lyqo2uJvNO4
Let me give u guys my honest truth. It depends on your lifestyle. If u a person with kids and bills yes the job will most definitely sucks. I’m 19 and I started two weeks ago everything they said in orientation is a lie. For my situation I already knew how stressful jobs is for people who didn’t work when they were teenagers are going to get a taste. I work at little ceasers and it required more skill and was way stressful than Amazon. Amazon was easy for me yea I had to stand for ten hours overnight but like I said it depends on ur lifestyle I already use to stressful jobs and tbh I have benefits like dreads so I put my AirPods in without being notice. I do sorting which is easy ash just boring. Bathroom breaks is easy u just gotta be smart boost ur ratings up find the best products if ur dealing with sorting. I use couple bathroom breaks and stay in for 15 min every time. They do not come looking for me even tho I Been inactive they mainly to see if ur ratings are good. But that depends on the manager but don’t be lazy and they don’t be on u. If u taking bathroom breaks go to the one up front because they have trackers at the one on the side and the back. Hit bathroom breaks towards break to fit in more and use the stall don’t be dumb and just get on ur phone in the bathroom managers walk in all the time and will make u clock out. Only thing they care is being late after the paid break trust me that’s the only things that will hurt them. Try to aim for waterspider position . U won’t be track cause u ain’t scanning nothing and u moving around that’s better than staying in one place all day. Amazon is easy if u already had jobs when u were a teenager most people complain because of their lifestyle they are dealing with kids and bills but if ur young the job is gon be easy for u just a long one task job. I recommend getting cool with ur managers u don’t have to tell them stuff just get cool with them that way u can ask to switch different positions and tbh they don’t be looking for u. Now do not get on no females I repeat I see many guys try to talk to females they are the number reason to get u fire. They will snitch and get u caught up and are the most distractions . Do not make any friends if ur are make sure its the right one. They can cause u to be late and distraction u dont wanna get distracted on any job site due to the fact ur gonna get comfortable and managers gon think u not taking it seriously. Mind ur business don’t be a snitch trust me once a person knows ur a snitch u wont be liked and they’ll find anyway to get u fired. Overall Amazon is depends who can handle it or not. Now the job sucks but the money is good especially for young people. Do not try to be a person who wanted to move up quickly that will bite u quick. I’m only there cause it pays the most out my city and plus I got a degree and IT their IT jobs are easy and chill so w is win. For older people with kids I would rather aim towards flexible schedule if no choice ofc the jobs gon be suck unless ur some manager but every job is like that there’s a reason Amazon pay more they know their gonna work their employees off so find something u feel comfortable even if it pay less but if u have no choice then that’s something people have to deal with honestly living is a scam anyway. Hope this help anyone. Oh yes try to aim for fulfillment center small Amazon are much easier bigger ones are much strict and has trash manager and longer walks.,youtube,Lyqo2uJvNO4
What was that “LL Cool J said that you know you’re just a worker and your boss is my man. That’s just terrible. You can’t even go to the bathroom while J Bezos on his yacht giving his wife  golden 😂😂😂,youtube,Lyqo2uJvNO4
thank you michael b jordan,youtube,Lyqo2uJvNO4
Half way through the video: “Disclaimer I’ve never worked at Amazon”,youtube,Lyqo2uJvNO4
You speaking  from your bathroom . Maybe you spend too much time in the bathroom?,youtube,Lyqo2uJvNO4
Amazon is only a good place if you have friends there and find a way to slack off and dodge tot aka indirect roles. Speaking on warehouse. But don’t work there for too long move to flex for and only work 4 hours a week and keep the job in your back pocket,youtube,Lyqo2uJvNO4
Amazon is best employer people benefits and pay . I know it’s a joke but this hurts the business company. But his videos insight he should be a manger,youtube,Lyqo2uJvNO4
"The 1st reason is bogus. I work at an XL Warehouse. We take bathroom breaks; human nature. 

It's just that some people including a guy I work with stays sitting in the bathroom for a minimum of 20 MINUTES...EVERY night. Multiple times a night. & no he doesn't have any medical issues.

He is just LAZY.

Yet, he never gets spoken to about his TOT. There's a lot of favoritism. 😉",youtube,Lyqo2uJvNO4
Dude needs to chill the fuck out and stop smoking so much,youtube,Lyqo2uJvNO4
"I must be lucky. I always use the bathroom and never get told anything. I've been marked tot many times, usually due to barriers. 

At least where I'm at. If they know you work, they won't question you. It all comes down to what kind of management you have, like every other job. I had other jobs that were just ad toxic and got strict with the bathroom. 

My girlfriend worked at Men's Warehouse, and they told her she had to clock out each time she had to go to the bathroom. 

Tbh, it doesn't matter what job I got. I'll take what I can get. I'll use the damn bathroom.

People don't quit jobs. They quit bad managers.",youtube,Lyqo2uJvNO4
"I had heard from a coworker at another job that Amazon was just another shit hole, and after watching this I would say that's accurate.",youtube,Lyqo2uJvNO4
i cant realy complain about amazon since ive worked ground zero landscaping with the worst company ever for 9 hours a day only 11.50 an hour,youtube,Lyqo2uJvNO4
"hmmm, interesting )",youtube,Lyqo2uJvNO4
Do you have highlights in your hair or is that gray coming in?,youtube,Lyqo2uJvNO4
"Honestly, I agree with everything you're saying if I wasn't an AFM. I believe being an AFM is the most enjoyable fun job I've ever had. I like going to work everyday. But everything I did at Amazon before I became an AFM. I agree with you. It sucked all of it sucked but being an AFM I can become higher than that. Now. That's the only job I like there. Everything else is absolutely true though",youtube,Lyqo2uJvNO4
"2:36 Avatar Aang didn't vanish, Avatar Roku did.",youtube,Lyqo2uJvNO4
"But working at subway dealing w customers, hour rush, cleaning dishes, stocking, an cleaning when it’s supposed to be a job where u share it w everyone but im morning shift so what the other shifts didn’t do I gotta do",youtube,Lyqo2uJvNO4
"I can confirm this.  I am there now and i'm not constantly depressed, tired and feeling unwell.   Dont do it.",youtube,Lyqo2uJvNO4
"Telling yall rn Amazon u gotta be built different i was working a 10 hour shift and it was good since i was the top 10% of worker's in my department then after i slowed down becuase i realized i was over working and DIDNT get anything in return ,then my manager who was praising me for begin at the top started asking me why im slowing dowm even though i was still doing more then workers we had to pick 300 per hour i was doing 450-550 then showed to 330-390 and they still tried to make me go faster,  i then went to ship dock and it was great i was basically walking for 7 hours a night i didn't mind because i was losing weight and would go gym afterwards but then i madw a mistake i became important 4 days a week every manger on the floor is calling me then 1 day of the week i would just chill and get called every once in a while to unlock the shippping doors so my conclusin? Its hard work yeah but i had a goal buy a car n move out and thats what i did proud of myself but ill never go back unless im making 35 per hour and only day shift, night shift not for the week ,i took 4 weeks of vacation using my pto and all my time off options then texted my manager on slack im not coming back 😂😂😂😂 he never responded but it was funny asf he was stressed bout anything n everything 😂😂😂😂 good luck to everyone there right lmao",youtube,Lyqo2uJvNO4
I love working with Amazon flex it’s not hard job it’s easy too deliver packages 📦 some customers or nice,youtube,Lyqo2uJvNO4
Im good how are u,youtube,Lyqo2uJvNO4
"Worked at amazon for the job experience and the money. it's a back breaking job, and it is miserable 🙃",youtube,Lyqo2uJvNO4
"I work for them as an RME tech, and I can say I actually do love it. It's different but solid. (quirks 100% exist though lol) Plus they'll pay for college and you can work your way up if your really have a good head on your shoulders, work hard, and take the quirks lightly. Just stay in your lane, improve what you can and dont take the emotions from work to home.",youtube,Lyqo2uJvNO4
I SEE YOU HAVE TO BE DESPERATE TO WORK FOR AMAZON?EVERYTHING I HEAR FROM YOU GUYS IS TOTALY BAD!I AM A COOK AT A COLEGE AND THEIR BENEFITS ARE SECOND TO NONE!I HAVE BEEN THERE FOR ALMOST 10 YEARS!,youtube,Lyqo2uJvNO4
I've been at Amazon for 3 years yes I 🪚 d three years and every story you here about this place it 300% TRUE,youtube,Lyqo2uJvNO4
"As long as you know the banned words at Amazon,  never say Careful or safety these are banned words and not approved words at Amazon 👍🏻",youtube,Lyqo2uJvNO4
Working for an Amazon DSP is literally the WORST job that you could ever work,youtube,Lyqo2uJvNO4
"I worked for Amazon, the only issue there was, was their COVID rules. And I took shifts like crazy, was hired as a seasonal employee and then I was let go.",youtube,Lyqo2uJvNO4
Me being diabetic i often check my sugar throughout the day. I winder if they'd ding me for going to check my sugar for a medical condition,youtube,Lyqo2uJvNO4
Im a water spider and an LA. Only worked for 4 months so far and i enjoy my job lol,youtube,Lyqo2uJvNO4
LOL eat at Olive Garden for your whole shift,youtube,Lyqo2uJvNO4
I work at one of the smaller fulfillment centers and it’s chill asfff. I love it and can come in as late and leave early everyday as much as I want.,youtube,Lyqo2uJvNO4
Can i work the chat customer service thing from home?,youtube,Lyqo2uJvNO4
Shitttt i mosta got lucky cause my amazon fc is amazing 😅,youtube,Lyqo2uJvNO4
'I work in a pizza place!'😂😂😂😂🤣🤣I died when he said that!,youtube,Lyqo2uJvNO4
"I deleted Amazon after seeing a video of a woman get run over and the Amazon driver saw her, got back in the car, and left without helping her
They also fired my mom who they need because she’s only one who knows what she knows, and now she has her own successful and profitable business.",youtube,Lyqo2uJvNO4
"Let me summarize this real quick:

Rule one: don’t work at Amazon.
Rule two: quit.
Rule three: work for someone other than Amazon.",youtube,Lyqo2uJvNO4
SO HOW CAN WE HELP YOU GUYS. SOMEONE SAID ONLY ORDER THINGS IN FEWER BOXES THAT CAN WAIT A FEW DAYS. ALSO DO NOT ORDER AMAZON PRIME ITEMS. IS THIS RIGHT? OTHER THAN GO ELSEWHERE - ARE THERE THINGS WE CAN DO. I'm going to look into where else to shop on line. Also not at Walmart. Same subhuman conditions.,youtube,Lyqo2uJvNO4
"Bro I worked ar Amazon for a bit over a year, on track to be a trainer.  Covid hit, I let them know that my wife at the time got covid, so I let them know out of respect. They said I had 5 days to get tested(before at home tests), including my off days. I couldn't book anything for less than 3 days out, and then I had to wait for 2-3 days. When I got my test back and took to HR, they said I was past my 5 days already and they fired me right then and there. I actually liked and enjoyed the job but it didn't feel like the company cared about their employees at that moment",youtube,Lyqo2uJvNO4
2:47 so everything he says shouldnt be trusted,youtube,Lyqo2uJvNO4
well just piss on the floor or keep napkins in your pocket in case ya gotta take a shit in your work area on the floor ya fuck it i would do it,youtube,Lyqo2uJvNO4
"Gollllyyy I been working here over 3.5 years and you’re spot on 🤣🤣 I was trying to find videos to help me get through the shift and all it’s doing is stoking my passion for seeking that new job, it gotta be soon!",youtube,Lyqo2uJvNO4
I know someone who worked at a return counter. They could use the bathroom but every other single aspect of working for Amazon was absolutely horrible.,youtube,Lyqo2uJvNO4
"I've been there for over 3 years and I really like it.  Yes, the place can be a dumpster fire but that is because they will hire anyone with no brain cells.  Then you get entitled workers that don't care about anything because ""you don't pay them enough"".  Ridiculous!  The jobs at Amazon are definitely not high skilled. 
I have a great dept and have always had terrific managers but communication can be a problem and don't get me started on HR/ERC. 🥴
You can't beat the benefits, though. And as long as you have time off accrued you can come in late, leave early...all without hearing BS from management.  All through the app.  And you get $5200/yr for school (don't even have to be reimbursed!)

Many young people only look at the money per hour but benefits are extremely important, especially in the USA.",youtube,Lyqo2uJvNO4
This guy is creepy,youtube,Lyqo2uJvNO4
"Hello All, I currently work as A fulfillment associate at a Amazon warehouse, and I have to agree with the other comments based off what Jordan expresses in his video regarding interactions with those who worked at Amazon. As a current Amazon employee who been with Amazon going on two years from March 2024, 2025.. and I hope I will find something else soon overworked and underpaid and very much under appreciated with no offer to move up the ladder….",youtube,Lyqo2uJvNO4
Hi everyone! It looks like the YouTube algorithm has pushed this video to more viewers! I worked at Amazon for two years and recently quit back in the summer. Lmk what you wanna know more about my experience! Thanks! :),youtube,X67GxburFjQ
"I am so thankful for Amazon deliveries. It has made life better for me. I have been in three very bad car accidents, none were my fault. The last was a hit and run that put me in the hospital. The driver was a vaping mom (high as a kite) with a baby in the backseat. Bystanders got her license plate and LEO found her stoned out of her mind. I do not drive very much anymore because I am terrified that my luck might run out and the next car wreck might kill me. Anyway, thank you. Amazon has been wonderful.",youtube,X67GxburFjQ
Bro make like 20 dollars an hour. Stop saying that’s not enough. He’s making 40K a year moving shit around.,youtube,X67GxburFjQ
Amazon is hard no break at all but I'm try get my CDL that one of the reasons I stay at Amazon,youtube,X67GxburFjQ
You make what you settle for,youtube,X67GxburFjQ
THIRTY EIGHT THOUSAND STEPS???? I do 10k  and my legs hurt at the end of the day,youtube,X67GxburFjQ
20?! We only get 15 😂😂,youtube,X67GxburFjQ
"If ot'a the only job people can get,it'd make sense that peopel are working at Amazon at all...but otherwise I bet that noone same would work there willingly unless the pay gets raised or if the benefits were added...",youtube,X67GxburFjQ
Bruh😭 I thought the 16k steps I was walking per day delivering these damn packages was a lot 😮‍💨,youtube,X67GxburFjQ
"Huge companies like that are great if you take advantage of their benefits, 401k match, free education",youtube,X67GxburFjQ
Modern day slavery 😂,youtube,X67GxburFjQ
WAGE THEFT is illegal!!!!! Seriously!,youtube,X67GxburFjQ
So this is what slave labor looks like,youtube,X67GxburFjQ
What Will David Goggins Do 🤔,youtube,X67GxburFjQ
I make 21.15 an hour and the work is not hard at all 2 me. I must say I love TF out my job. Like DEAD ASS😊,youtube,X67GxburFjQ
"HOW IS THAT EVEN POSSIBLR, AERE U WALKING BACK AND FORTH CONSTATLY?",youtube,X67GxburFjQ
Ten hours is light work,youtube,X67GxburFjQ
That OT time is a little bit better than my regular pay. Not sure if worth,youtube,X67GxburFjQ
$198 🤣 I would quit that shit asap,youtube,X67GxburFjQ
I could do it in my 20s,youtube,X67GxburFjQ
"I've done warehouse work for years. I've never tried Amazon warehouse only their sortation center, but dont ever plan to try again. Its too different from the Order Selecting I do for grocery stores.

For us, shifts start at a certain time, but dont end till all the work is completed. Average day is 10 hours, but can extend all the way to 14 or so. 2- 15 min breaks, 1- 30-45 min lunch (your choice on length as long as its in the 30-45 min range) and a 3rd break if night gets too long.

On your feet all day, riding on electric pallet jacks, grabbing cases and placing them on your pallets. Wrapping the pallet and dropping it off at the door. And repeat. The most variety comes from what type of order you get assigned. 

And of course, assignments are timed. But they are pretty easy once you get effiecent, decently strong and know how to stack properly. 

Then the pay is alot better.

$20/HR base
Night premium, weekend premium, cooler or freezer premium
Production incentive if you are faster than the order time. Up to 30% of base pay.

Personally I really like warehouse work, but its not something I want to do for life. I just thought I would comment how things work in a place other than Amazon because I've always been curious why I see people constantly complain about how they run their warehouses. I always figured the getting timed thing was standard practice. Granted, this work isnt for everyone, only about 10% of a given set of trainees will actually stick around past 6 months.",youtube,X67GxburFjQ
Why is an asian working at a warehouse? Shouldn’t you be working at Microsoft?,youtube,X67GxburFjQ
So for 10 hours that’s average of 20$ an hour with only a few minutes of a break . Amazon is a freakingass hole company,youtube,X67GxburFjQ
"FedEx gives no paid breaks 
You would have to clock out for any break and you don’t know the time of breaks",youtube,X67GxburFjQ
"Bro Just do a communist Revolution at this point, the USSR was Better than this shi 😂",youtube,X67GxburFjQ
"Normally a 10-hour workday would provide a livable wage for a house, a vehicle, etc to support a family. We are cooked as a society. And people wonder why nobody has any kids anymore (on purpose)",youtube,X67GxburFjQ
I Love Warehouse Work I Lost Weight Doin These Kinda Jobs😂💪🏽♥️,youtube,X67GxburFjQ
"Almost $200 is enough to get you a cart half of food, and supplies and Clothes.

The rest should be enough for your phone bill

Working at Amazon is a garbage Dump
Edit: $198 is absolutely nothing, that's like working for 9$ an hour for a first time Job.",youtube,X67GxburFjQ
"That’s insane , you’d be better off working at McDonalds lol",youtube,X67GxburFjQ
Water Spider is harder than Picker. I think anyway. 😊,youtube,X67GxburFjQ
"So if you're 1 second late, you don't get paid for an hour? I hope you only start working in an hour.",youtube,X67GxburFjQ
"Gang, you're better off working fine dining in a big city for pay like that. Less work, better pay. I was making $100K/yr pre-tax and about $6000/mo. That's $48/hr gross, $34/hr net pay. Never worked more than 40hrs per week taking orders and refilling water",youtube,X67GxburFjQ
Bezos is a greedy jerk that pays minimum wage everybody quit,youtube,X67GxburFjQ
If they take one hour of my pto I’m turning around and going home for the day.,youtube,X67GxburFjQ
"Your young you can handle it. I drove and delivered  at 63. They have crazy metrics ,  look for something else in the meantime.",youtube,X67GxburFjQ
With a 20 minute break you either take a 💩or you barely eat.,youtube,X67GxburFjQ
1 hour of upt just for being late is crazy,youtube,X67GxburFjQ
I only like amazon bc they will always rehire u when u hurting for money 😂😂,youtube,X67GxburFjQ
Bro yall complain about Amazon paying bad and having poor working hours but it really could be worse there needs to be a collective standard for all workers,youtube,X67GxburFjQ
& they will lay you off without a second thought.,youtube,X67GxburFjQ
38k?! Pls stop using Bezoses Frankenstein ppl!,youtube,X67GxburFjQ
"As a chef, I ask for 200 just to come in and do inventory. Kid if you ever on long island NY remember this comment. Id hook him with with a nice kitchen job.",youtube,X67GxburFjQ
Worked for Amazon for 12 years hang in there.,youtube,X67GxburFjQ
"Tbh this warehouse job was the easiest I ever had back in 2017, I just didnt have proper transportation. Felt like I wasnt even working. Previously worked at walmart distribution warehouse, 16 hour shifts is normal, nasty managers, I was injured and they made me work the next day an never did a proper report.. the district owner gave me a choice for money under the table or to leave me alone on production forever an I was clueless and young so I said I just want to work again cause I was naive *coulda had a nice break and made real moves*. But Unloading trucks with box springs, metal racks, huge generators that weighed 300 lbs by hand, refigerators, tvs, all just by hand no conveyor belt and a truck with tvs gives low production so you had to unload 4 trucks to make production. It was hell on earth.",youtube,X67GxburFjQ
Jeff’s bald evil ass needs to share wtf,youtube,X67GxburFjQ
You're young you can do it. Keep it up.,youtube,X67GxburFjQ
"Bro you're asian, you should be programmer",youtube,X67GxburFjQ
Bro...really no. Quit. Your body will quit on you. Don't even try to normalize that slavery.,youtube,X67GxburFjQ
China still has it better,youtube,X67GxburFjQ
Lol you didn't get overtime you worked 10 hours for 100$ after tax that sucks,youtube,X67GxburFjQ
38K Steps in one day is actually insane. Amazon needs a union they got you walking 15+ miles in one day is not okay,youtube,X67GxburFjQ
"I work at a powdered metal plant ... 10 hours are very common in many departments. I've worked 16+ hours on ""hot jobs"" that needed done RIGHT NOW. 
 It is not exactly hard work, just drink some coffee and eat a couple sugary snacks .
 The Extra time adds up. My last paycheck was almost twice normal due to all the overtime pay :-)",youtube,X67GxburFjQ
Being able to walk that much for work is so healthy. Beats any desk job to be honest,youtube,X67GxburFjQ
"I love the 10 hour shift. I get Friday Saturday and Sunday off every weekend. It’s worth it. Plus, I’m only about 20 minutes from the beach.",youtube,X67GxburFjQ
"I remember working at a hardware store for $2.45 per hour.  We got 15 minute break if we worked 4 hours or more. Moving pallets of paint all day.  Where is the outrage for MY trauma? Somebody go protest back pay for me.  Who ever the ""good people caring for <fill in the blank>"" are.",youtube,X67GxburFjQ
"I really respect you,  anyone who works that hard ,commands respect.",youtube,X67GxburFjQ
Now they are laying off smdh!!,youtube,X67GxburFjQ
That is horrible pay for warehouse work,youtube,X67GxburFjQ
This is slavery ! Stop working in this horrible company that's why some shipping companies lie about customer not be at home they delivery guys are with extreme shifts and packagea and both customer and employee suffers.,youtube,X67GxburFjQ
Stfu crying like a bicc. Y'all new generation are babies recording and crying 😭. Shit my first job was $7.25 life buildscharacter.,youtube,X67GxburFjQ
One hour of upt?   Isn't it 15 minutes,youtube,X67GxburFjQ
Pulling the pallet jack like that is going to screw your shoulder up. Amazon doesn’t have safety procedures?,youtube,X67GxburFjQ
If im 1 second late i get sent home,youtube,X67GxburFjQ
Yea this sounds criminal as fuck.,youtube,X67GxburFjQ
"10 hours of slave like work
For $200",youtube,X67GxburFjQ
"Jeez 38000 steps insanity, but $200 it wouldn't be worth even waking up, I make that in an hour, lmao 🤣 kids learn a skill.",youtube,X67GxburFjQ
Theyre supposed  to rotate the shifts,youtube,X67GxburFjQ
It’s chicago we let criminals go so we can ask for more funding,youtube,X67GxburFjQ
"200 bucks pre tax? I guess it's better than nothing, but not much.",youtube,X67GxburFjQ
"Ik denk niemand werk harder dan ik vroeger, ik moet 6000 varken been per dag  op de lopende band leggen die weeg ongeveer 23 kilo dan krijg 100 uoro perdag😂😂😂.",youtube,X67GxburFjQ
"Bro i wish i was walking 15 miles a day, i sit in a chair for 10-12 hours a day by the time im done at work im so mentally exhausted i dont have the energy to go for a walk, ive put on some weight that i really would like to get rid of",youtube,X67GxburFjQ
20 minute break for a 10 hour shift!! Lmao yall getting hosed!!,youtube,X67GxburFjQ
Poverty pay go union,youtube,X67GxburFjQ
Save your money or you’ll be a spider till your 75,youtube,X67GxburFjQ
"Tbh, all these comments are very biased in another way. I'm in the position of this as one of my 'first-ever' jobs. People treat this as if 'Omg i'm gonna work here for the rest of my life!!!' deadass, no. if you have this as one of your first jobs, starting out, etc, this isn't that bad as they make it out to be. I'd rather take this than be unemployed plus I'd look for a better job whilst you're doing it. The job market sucks nowadays with so many AI scanning tech rejecting people left and right and if you manage to snatch a shift, go for it, it's better than nothing.",youtube,X67GxburFjQ
"At least for your health, you're not obese",youtube,X67GxburFjQ
"Amazon can go screw themselves, that nonsense is worse than Boot Camp itself. And getting docked for being a few minutes late is absolutely ridiculous. They don’t even do that at a civil service job.",youtube,X67GxburFjQ
Meanwhile Elon musk is up to 480 billion dollars.......,youtube,X67GxburFjQ
Wouldn’t recommend anyone to work in that low paying toxic environment,youtube,X67GxburFjQ
Hope you are working to become an engineer or doctor to make parents proud. 🙏 Those are some low numbers at the end. 😂,youtube,X67GxburFjQ
"Not paying your workers for 55 minutes of work for being over your clock-in grace period is literally wage theft and illegal. You should report that to OSHA. Also, I have a part-time second job I do for extra money, and I get paid almost the same amount of money per hour to sit on my ass and do nothing 80% of my shift than he does hauling shit for hours.",youtube,X67GxburFjQ
Need to eat $200 worth to keep the weight,youtube,X67GxburFjQ
We actually are all just slaves for Billionaires like Bezos.  The world hasn't changed at all since Egyptian times,youtube,X67GxburFjQ
5 minute grace period? This is why I won't work for Amazon. They need to be more lenient.,youtube,X67GxburFjQ
What a trash company,youtube,X67GxburFjQ
Amazon is evil,youtube,X67GxburFjQ
I used to tutor calculus at my university for $14/hr before tax. Now I am a SWE earning about $100/hr,youtube,X67GxburFjQ
Is working there hard?,youtube,X67GxburFjQ
Modern Day Slavery.,youtube,X67GxburFjQ
Imagine being 6 mins late and working for free for 54 mins. Criminal behavior.,youtube,X67GxburFjQ
"So you work 10 hours, one 20 min break. From a guy who earns enough money in one month to pay his taxes if her claimed it as a paycheck but won’t so he doesn’t have to pay any taxes…how rich.",youtube,X67GxburFjQ
this looks pretty fun,youtube,X67GxburFjQ
"This is warehouse work,but retail and restaurant work does the same crap. I don't miss any of it,but at least he has a car.",youtube,X67GxburFjQ
"With that many steps, you can literally eat whatever you want without getting fat AF.",youtube,X67GxburFjQ
I work in outboud so ima picker. i rarely  get overtime. Keep it up man 👍,youtube,X67GxburFjQ
I was a water spider after only a week of starting which was fine because there's no way in Hell I was gonna be a stower and meet their strict metrics. Being a water spider for about a dozen stowers wasn't easy either but beats stowing any day.,youtube,X67GxburFjQ
If you want an intellectual job gets an intellectual job. If you want to do physical labor... Enjoy it,youtube,X67GxburFjQ
I'd rather be dead,youtube,X67GxburFjQ
If someone told me to walk 16 miles for 200$ id say fuck off. That's with double pay???,youtube,X67GxburFjQ
"since when is a 10 hour workday complaint worthy lmao. i work 6 12's a week, in a much more technical and physically demanding job.. also make about 2x what amazon pays yall, but i digress",youtube,X67GxburFjQ
"Great video, Gin, and thank you.  And I agree.  People should try it out and see for themselves.",youtube,OremfN7DCXk
Great video,youtube,OremfN7DCXk
10 hours makes or breaks people 😂,youtube,OremfN7DCXk
I been at Amazon for a year and some change. I’m the only one left out of hiring group. I work in outbound fluid load in Va. it’s a kool job laid back. Ben’s are good as well. I’m 42 now and out of all the jobs I’ve had in my life I can’t lie this has been the best job💯💯. I would def recommend working at Amazon if your looking for a good job💯💯🫡🫡,youtube,OremfN7DCXk
"People that quit after 2 days, don’t want to work lol. They want easy money , lazy",youtube,OremfN7DCXk
Thank you so much❤,youtube,OremfN7DCXk
"And working at Amazon i spent up to $2,000 a month just on junk food. I needed all the sugar i could get just so I'm able to complete my shift.",youtube,OremfN7DCXk
"4:54, u right? Everything at Amazon is standd up, unless u gotta take a 💩 , then u can sit 😂😂😂.",youtube,OremfN7DCXk
I use to work the Amazon grocery a couple years back. This will be my first time in the warehouse I begin 11/19. Thank you for the advice.,youtube,OremfN7DCXk
Why are they still there I've known people at -1 minute you done,youtube,OremfN7DCXk
One more thing and skin that rubs together put cream on that so your skin doesn’t queef if it starts rubbing together it going to to be painful otherwise I love this job working on  docking,youtube,OremfN7DCXk
"Great video telling us how it is. Just started 2 weeks. Full time seasonal. Looking for a short term stay for me. Brutal on my feet, hoping it will subside soon!  7pm - 5:30am. RDG1   Reading, Pennsylvania",youtube,OremfN7DCXk
Dope Video 💯,youtube,OremfN7DCXk
I dont work at amazon but i like your explanation in this video. Great job!,youtube,OremfN7DCXk
"I’ve been with Amazon for almost 3 years.  Day 2 of orientation they have you on the floor working.  There’s hardly any training, and zero concern about safety.  You’re forced to come  in an hour early during peak and prime as well as work an extra full day MET (Mandatory Extra Time) with the extra hour.  This can last for weeks. It did for us in Florida last year.  They don’t care about their employees.",youtube,OremfN7DCXk
"Excellent information, Gin! Thanks for sharing your experience. This is very useful information! God bless you 🙏🏼",youtube,OremfN7DCXk
Really good video. Thanks!,youtube,OremfN7DCXk
Been working as a picker 3 weeks now..the first 2 weeks were brutal on my feet for 10 hours ( big back problems lol or possibly old age 😂). This past week was ok and i am hoping it stays like this till my time comes to leave because i am seasonal.,youtube,OremfN7DCXk
I start next week. Can you build up your upt time,youtube,OremfN7DCXk
I start in 2 weeks ..52yo but used to 10 hours 4 work week...I got my shoes from Zappos...I've been in very hot warehouses..I'm glad this  is least climate controlled...it will take like you said few weeks to get used to being feet all the time...I appreciate you making this video...makes me feel more confident..,youtube,OremfN7DCXk
I’ve been at Amazon for almost 6 years. Everything is easy depending on your age and health but the long hours can get to you. Mental preparation is needed daily. If y do your job they pretty much leave u alone. They only train u for 1-2 days at the most. I’ve taken medical billing and Spanish through career choice. The 5k for school is yearly.,youtube,OremfN7DCXk
Thank you for the tips! They helped a lot.,youtube,OremfN7DCXk
I fell that,youtube,vXXiVcVM_2w
Stop crying you don't like it then quite,youtube,vXXiVcVM_2w
These jobs can kiss my ass one cheek at a time 😂,youtube,vXXiVcVM_2w
Shyt feels like jail can’t be a second late from break I’m on my last write up trying to hang on,youtube,vXXiVcVM_2w
"My orientation toma, it’s dat bad fr??😭",youtube,vXXiVcVM_2w
"Welcome to Torture at those kinds of jobs 

Nobody wants to be there or even likes it",youtube,vXXiVcVM_2w
I do too at phil 4 in Pennsylvania,youtube,vXXiVcVM_2w
"You need to quit that job will burn you out I know from experiences, when I was working at Amazon I was very unhappy. I am glad they terminated me.",youtube,vXXiVcVM_2w
Atleast you have a amazon warehouse near you. I can’t even find one in proximity close to me,youtube,vXXiVcVM_2w
This is why I quit,youtube,vXXiVcVM_2w
So not working then,youtube,vXXiVcVM_2w
I’m a packer at day though 🥺 I wanna do overnight cus the pay is higher but I feel you because this is me some days because it’s just boring standing in one spot and I’m tryna get through school 😅,youtube,vXXiVcVM_2w
I loved night shift at Amazon back in the day.,youtube,vXXiVcVM_2w
"Oh my god, I love working at night",youtube,vXXiVcVM_2w
The world aint suppose to be this way. But a certain group of people are just greedy.,youtube,vXXiVcVM_2w
Being awake when your supposed to be sleep is tough . I hope you find something better 🙏🏽🙌🏽😎,youtube,vXXiVcVM_2w
"They have gotten easy over the years, back in the day they fire you on break and escort you out.",youtube,vXXiVcVM_2w
Honestly they shouldnt be having workers like you bruh,youtube,vXXiVcVM_2w
Stupid nasty monkeys,youtube,vXXiVcVM_2w
These are the low life bums that chimp out that Amazon wants to hire 😂,youtube,vXXiVcVM_2w
What im getting from this video is that you're bored and sleepy bc its overnight is too slow. Is that right? Im about to start at a delivery station tonight.,youtube,vXXiVcVM_2w
Easiest job ever you soft nigga,youtube,vXXiVcVM_2w
That why they call it the graveyard shift. Your body and mental starts to shutdown. Stay strong 💪,youtube,vXXiVcVM_2w
this me in the morning i be woke and active over night😂😂😂,youtube,vXXiVcVM_2w
I feel bad for her,youtube,vXXiVcVM_2w
Lmfaoooo she in AFE that’s just packing! Better be glad she not in stow or pick!,youtube,vXXiVcVM_2w
POV of being employed.,youtube,vXXiVcVM_2w
"I feel you that’s how it really be, can say this because I just got hire there today and the work load is no joke 🤔🤷🏽‍♂️",youtube,vXXiVcVM_2w
Im falling asleep in the guard shack 💤,youtube,vXXiVcVM_2w
I work night to and it really isn’t that bad for me I’ve always been a night owl,youtube,vXXiVcVM_2w
"I’m about to apply for a Amazon Nightshift , is there anything I need to know that would help me? 24 - it’s my first official job since I’ve only ever done under the table here and there -

for guys who needed mulching , Grass panels etc for years .",youtube,vXXiVcVM_2w
You're just scanning. Its not like they have you in those hot and dusty ashe trailers.,youtube,vXXiVcVM_2w
Yall job easy come do over nights at tesla 😭,youtube,vXXiVcVM_2w
Well if you sleep during your shift you for sure don't know sh*t about yourself.,youtube,vXXiVcVM_2w
Lol gone ahead and transfer to day shift so u ain't gotta deal with feeling like that.,youtube,vXXiVcVM_2w
Amazon is a horrible place to work.,youtube,vXXiVcVM_2w
Ive been doing nights and I love it doing it for almost 4 yrs this job is for the people who can take long hrs and overnight and it's easy tbh y'all just make it harder then what it is,youtube,vXXiVcVM_2w
These comments are disgusting,youtube,vXXiVcVM_2w
Lazy people,youtube,vXXiVcVM_2w
i never worked in a warehouse before but i do know its worse than working in fast food labor wise,youtube,vXXiVcVM_2w
That shit is not that hard bruh😂 literally easiest role too there,youtube,vXXiVcVM_2w
"Tbh I rather do night then morning, I’m more of a night person anyways ,",youtube,vXXiVcVM_2w
They're always lazy day or night,youtube,vXXiVcVM_2w
The consequences of being a baby momma,youtube,vXXiVcVM_2w
Like your scarf,youtube,vXXiVcVM_2w
"⬇️ WHAT I USE WHILE WORKING ⬇️
*_Wireless Earbuds I Use to Work_* : https://amzn.to/2ZOc9y6
*_My COVID ""Mask"" (Covers Earbuds)_* : https://amzn.to/3fU0uDt
*_Pants I Work In_* : https://amzn.to/2CGtkJb
*_Shoes I Use to Work_* : https://amzn.to/3jv9Pns
And *Join -->* youtube.com/nfzproductions/join for emoji's like these! 
",youtube,tgWkQC3_b30
I Like 👍 To Have A 🆕 Job At Amazon!,youtube,tgWkQC3_b30
The white man makes them work so hard 😂😂,youtube,tgWkQC3_b30
WTF is going on with the mask BS,youtube,tgWkQC3_b30
"This was strangely fascinating to watch. I just started working at an Amazon FC, completed my first week. 4 10-hr night shifts. They also stuck me is stow which is boring. But at least now they do allow you to use earbuds/headpones they just have to be special Amazon approved ones that won't go above a certain volume for ""safety"" reasons but worth the $30 I had to spend to get them.

My first day I was so sore from all the climbing up and down the ladder, twisting and turning. But after that its just sore feet from standing all night. I can;t wait to get cross trained into something else, maybe Problem Solve to give my brain something to do?",youtube,tgWkQC3_b30
"Fuck Amazon ! Hard work don’t matter , that’s like being a car salesman & not required to sell any cars! What the fuck is supposed to motivate you to work !? Also anyone can be your boss . It’s literally not worth it . Take your skills & work somewhere else & get fuckin recognized .",youtube,tgWkQC3_b30
How often do seasonal people get moved to permanent full time positions?,youtube,tgWkQC3_b30
"Great video, but that is not food.",youtube,tgWkQC3_b30
This song is awesome,youtube,tgWkQC3_b30
You have to run 🏃 to clock in and clock out is wild no minute less or more,youtube,tgWkQC3_b30
"You might want to put some description in there, bro, some of us are blind and just music means nothing lame ass video talk",youtube,tgWkQC3_b30
What city and state do you work in? That looks very familiar to the one in tucson,youtube,tgWkQC3_b30
Either work and make something of yourself or be unemployed and mooch off the government like usual….,youtube,tgWkQC3_b30
w,youtube,tgWkQC3_b30
Are phones allowed?,youtube,tgWkQC3_b30
Feel sorry for yall.,youtube,tgWkQC3_b30
PENIS,youtube,tgWkQC3_b30
sorry bro i'm dying in the army this a fate worse than death,youtube,tgWkQC3_b30
People buy local buy spend your money in your community live a simple life support the small papa and mom families shops in your community that will creat jobs in your area ..stop spending your money in Amazon they abuse the worker with low pay jobs and abusive work over load ..buy local sopport small shops owners.,youtube,tgWkQC3_b30
What kind of center is this and what is your position also do you have to pick and stage or just stow all shift?,youtube,tgWkQC3_b30
Your music SUCKS!!!!,youtube,tgWkQC3_b30
Closest thing to legal slave labor.  No way would I ever do it.,youtube,tgWkQC3_b30
Looks super depressing,youtube,tgWkQC3_b30
The stairs ascending say slow down 😔,youtube,tgWkQC3_b30
Jeff Bezos you look so young,youtube,tgWkQC3_b30
"OMG , you are so lucky to work for Amazon, such a clean and well organised place to work , am Sure Jeff is proud of you, keep up the good work",youtube,tgWkQC3_b30
"as a student when i was healthy, this would have been the dream job. instead i worked in an older warehouse with more physical work. now that i'm older and my health is down, i would rather be homeless than work that all day",youtube,tgWkQC3_b30
Kill the music.,youtube,tgWkQC3_b30
Its so depressing watching rhis,youtube,tgWkQC3_b30
"I work at PHX5, for SBM as a recycling technician for Amazon. I drive the PC lift around and pick up all the done coragate. It probably the best and most positive warehouse I ever been in. I'm not micro managed, or bothered. My forklift does all the work. My coworkers don't seem miserable.

I was hoping not to encounter the Amazon Horror. And I certainly lucked out.",youtube,tgWkQC3_b30
"I worked for Amazon for 10 years , 6 in the warehouse in multiple departments, 4 as a work from home customer service associate. I left retail and restaurant management to go work there. Clock in and clock out with no headaches to take home. Just hit your weekly rate and you’ll make it. Great benefits after two years. I don’t know what the benefits are now.",youtube,tgWkQC3_b30
"Fellow 🛹s, tell me this wouldn’t be an ideal spot to skate!    Look at those runways!!!!!",youtube,tgWkQC3_b30
Robots are taking this job,youtube,tgWkQC3_b30
"Quit, that job blows every time!!",youtube,tgWkQC3_b30
"Hi, im a millenial, and doing actual physical labor should be illegal. I should be behind a desk or at home on my laptop making millions. Because that what all us lazy fucks want. MAN SHUT THE FUCK UP AND HET TO WORK LIKE THE REST OF US HAVE TO!!!! Stop being a whiney little bitch!!! I dare you to go out and deliver 300 lb doors by yourself!!!",youtube,tgWkQC3_b30
You’re still no 1 Amazon warehouse worker tips video. Over1M views. That’s impressive. Great job.,youtube,tgWkQC3_b30
"Great to see a clean, cut, hard-working young man putting his head down and dealing with reality. God bless you, sir.",youtube,tgWkQC3_b30
"in your experienced, do you think is good to work night shift? how's your health after a month working night shift?",youtube,tgWkQC3_b30
👍,youtube,tgWkQC3_b30
"I did that, at age 66, wasn't a bad job. Only thing I didn't like was not having a ""manager"" I had an app. They had me working 18 miles from home working an 8 hour shift with an hour and a half for lunch, which was dumb. The app wouldn't allow me to choose another shift, so I left.",youtube,tgWkQC3_b30
"Word of advice, if you go to work for amazon, look for the storage facilities, trust me",youtube,tgWkQC3_b30
Modern slaves,youtube,tgWkQC3_b30
Your soft,youtube,tgWkQC3_b30
"This would be my dreamjob, tbh. But not with the bad working conditions, like, giving out a sheet who does good and does not so good is a big no go (and thanks god not allowed in my country).",youtube,tgWkQC3_b30
You're good at your job yet with all the standing involved the company should install rubber flooring in the stations. This would help relieve stress to the knees and feet.,youtube,tgWkQC3_b30
So hot why dont u have a modeling agent?,youtube,tgWkQC3_b30
No lie that doesn't look bad,youtube,tgWkQC3_b30
DAMN. They could have at least gave you a ride to your work station.  Looked like you walked 2 or 3 miles.,youtube,tgWkQC3_b30
"I’m disappointed in them. They didn’t even get us nothing for Christmas. They laid out trick-or-treat candy instead three little milk, duds and a little paper and shit like that. It’s embarrassing. My money didn’t even transfer for Christmas. I guess we have to wait till after Christmas to get our pay that’s crazy.",youtube,tgWkQC3_b30
Can you use your phone at warehouse?,youtube,tgWkQC3_b30
"I've worked in massive wharehouses. I now work at a small one in a production facility. We ship only what we actually make. The change is! For one, we are a Union shop. Whenever i get an urge to quit i remind myself that no other warehouse job that pays anywhere near what I'm making. Look into getting into a smaller place, not an Amazon or any of the monsters. We make bearings. It is a plant that produces products, and ship it. Get experience at Amazon, then shop around for something better.",youtube,tgWkQC3_b30
You're Stowing trays where' are the big heavy boxes ? You must be an ass kisser,youtube,tgWkQC3_b30
This sounds like a jail. Except u go home. Jeeez,youtube,tgWkQC3_b30
can you please explain the yellow towers,youtube,tgWkQC3_b30
"After 8+ years, I'm finally using Career Choice at Amazon. It's best to know that Amazon is a job, not a career you want to retire at.

Update: Just got my A+ Certification.",youtube,tgWkQC3_b30
Hope they pay u well,youtube,tgWkQC3_b30
"Thank you for the insight. Amaz00n jobs are notorious, so I was curious what it looks like.
I work an office job where nobody knows what I'm supposed to be doing (including myself), what time I'm supposed to be there/leave/take breaks, or what I've done all day. Nerve wrecking.
Everything being documented and watched actually sounds good to me. I'd skip on psychological warfare the managers apparently employ to make you go faster, though.",youtube,tgWkQC3_b30
Are there any tips for a new guy? E.g. Are there any ways of not being taken advantage of?,youtube,tgWkQC3_b30
"Are there anything you've learn after working there, that helped you?",youtube,tgWkQC3_b30
Thank you,youtube,tgWkQC3_b30
"Totally can appreciate hard work and manual labor, but watching this makes me so so glad I learned marketable skills and got an education.",youtube,tgWkQC3_b30
how long does it take to get to your break and do they compensate your break time for how long it takes to get to the break room?,youtube,tgWkQC3_b30
So.... it's a bunch of walking to nowhere?,youtube,tgWkQC3_b30
So there is stairs to get into the building right? Or does it depend on the building?,youtube,tgWkQC3_b30
No safety shoes ??,youtube,tgWkQC3_b30
2:20 Why are the trays changing color?   Is a projector giving color coded instructions to you?,youtube,tgWkQC3_b30
"I do the same shift, as a picker.  I’m a little older, and it kicks my ass.  They’re so ridiculous about numbers, it’s cringey.  The system they have is very inconsistent, imo.  Totes are funky, labels are bad, bar codes are all over the place, and it’s difficult to pick effectively.  The culture they promote is a lie.  Just show up, don’t talk to anyone, and go balls out.  They micromanage, PAs are useless, it’s a sweatshop, and I’m only there for the benefits.  Good luck, pace yourself, and most of all, stand up for yourself.  They LOVE to blame the workers for their shitty, run down mess…",youtube,tgWkQC3_b30
Thank you for your service at Amazon for all of us selfish consumers I for one really appreciate it so my wife!,youtube,tgWkQC3_b30
"I rather be homeless than working here, jesus christ...",youtube,tgWkQC3_b30
"If I have a bad lower back, would I be able to do this job?",youtube,tgWkQC3_b30
..Stick in harder at school kids get a good dedication and a good job.... Don't be this guy.,youtube,tgWkQC3_b30
😉🚦💛what r they gunna do? Pay u more? We can be civil just dont take this election,youtube,tgWkQC3_b30
It be nice to know what exactly you doing in those bins (I know your storing items but I know they go in a specific location),youtube,tgWkQC3_b30
Ear buds at work in a busy warehouse with a lot of moving machinery is a bad decision and is not permitted in the warehouse I work in. No cell phones either.,youtube,tgWkQC3_b30
"When I worked there, I loved it.  I don’t understand why so many people don’t like it.",youtube,tgWkQC3_b30
Video S U C K S!!!!,youtube,tgWkQC3_b30
Amazon it's ok,youtube,tgWkQC3_b30
I would hate working with others in eyesight robotic fashion. I probably bust a move to break monotony and they call me in for a psych eval,youtube,tgWkQC3_b30
"I am currently working for amazon customer support four us and canada😂
It makes funny while seeing your comments",youtube,tgWkQC3_b30
"Yeah, I bet this guy is fired",youtube,tgWkQC3_b30
"Warehouses are pretty cool places.  The technology behind them is pretty impressive.  20 years ago I worked on a project to automate one for a major retailer.  It was a great learning experience.  They aren’t glamorous places, little to no outside light coming in, lots of walking because they are so big, but still they are pretty interesting places.",youtube,tgWkQC3_b30
Stowing is really boring and the time goes by really slow all the time especially when you're out of work which happens a lot.  Packing is horrible since they constantly move you around and you usually have to water spider yourself with materials for every time they move which is usually around 5 times a shift.  Also you have to change your gloves every day since the glue from the tape messes up your gloves and seeps thru onto your hands where you have to wash off every break as well.  On Ship Dock they jerk you around constantly moving you to other areas after you get set up nicely at one area which is the most annoying of all.  The warehouse is always an oven in there since they never have any air conditioning and only fans that blow hot air around all day.  The best part of the job is if you live close to it and that you can leave whenever you want as long as you have the time.,youtube,tgWkQC3_b30
"Wish you would explain what exactly you were doing at your work station. Looks inefficient the way the bins are  too far from that rolling rack thing, many extra steps.",youtube,tgWkQC3_b30
Amazon sucks because there is no fulfillment in their repetition work after you start it might feel like 👍 good.But then the hours tediousness of the so much work conveyors packed full of packages 📦 is so overwhelming beyond believe.⬆️🤣👺👺👺.????.😅😮😢😂😮😅😮😢😮.???)?,youtube,tgWkQC3_b30
I see adverts on tv asking me to give $2 a month so Suki doesn’t have to walk 2 miles to fetch water from the well.,youtube,tgWkQC3_b30
WORST JOB EVER!,youtube,tgWkQC3_b30
So all he’s basically doing is putting things onto the yellow shelf’s? Does it mean I’ll be doing that if my schedule says Amazon fulfillment center warehouse associate? I wanna make sure I’m watching the right video on what I should do or need be prepared for,youtube,tgWkQC3_b30
"The only thing about Amaozn fulfillment centers that you need to know; you have to go through security on your way out of the building, but not on uour way into it. This is because the company cares more about peoole stealing merchandise than they do the possibility of their employees bringing in weapons.",youtube,tgWkQC3_b30
"Chose this warehouse job as a side gig, i now appreciate my regular so much more. Amazon treats its workers like robots. It is a very depressing job. Im that prison, i mean warehouse 😂",youtube,tgWkQC3_b30
"We work at a pedestrian only site more walking we walk up and down the mezzanines to stow and pick we only have 3 floors the bottom floor is receiving and shipping which is all done by humans with the help of conveyance no robots
No room for robots the humans have to work like robots.
Our site is 1 million sq ft.  Only 3 floors.   Other sites may be smaller in sq ft but taller for those robots.  
Our site is small in comparison.

Our site only does 10 hour shifts they don't offer any other.  Would love a 12 hr shift.    Can't wait for peak 2024 peak 2022 wasn't bad we were a re-lo site now that we are a TNS site peak 2023 was a little bit chaotic but it was great hour wise and money wise.",youtube,tgWkQC3_b30
That shit is just modern slavery,youtube,tgWkQC3_b30
What’s position at a fulfillment center is this?,youtube,tgWkQC3_b30
Soon ..,youtube,tgWkQC3_b30
"do amazon sponsor visa and if it sponsor visa , can some who do not graduate from high school work in amazon ware house,",youtube,tgWkQC3_b30
It’s a tough job. Amazon work is not for everyone. I worked there for 1 year I was a water spider. I didn’t even plan on staying that long but I couldn’t help seeing the pretty women day in and day out. It was one for the books,youtube,tgWkQC3_b30
Looks like tedious torture. Hope you founs a better job bro. Best wishes.,youtube,tgWkQC3_b30
how did you get a job in general ive been trying since i was 13 im 17 now and ive still had no luck i raided an entire mall on my 16th birthday handing out perfectly written cover letters and resumes no luck... do they even look at online applications any tips,youtube,tgWkQC3_b30
"What was the so called ""controversial"" information and video segments that made HR so mad they forced you to remove it?",youtube,tgWkQC3_b30
Seeing this will make me stop complaining about my packages being late all the time,youtube,tgWkQC3_b30
I work in a warehouse called Midwest Veterinary supply I’m on the clock in the mornings til dinner and I asked if I can take my second paid breaks around 3:45 because they want me back by 4 because it picks up with orders and that reduces the time left of work by 90 minutes basically,youtube,tgWkQC3_b30
"⬇️ *WHAT I USE* ⬇️
My *Lava Lamp* : https://amzn.to/2WLRk4y
Wireless *Earbuds* I Use at Work : https://amzn.to/2ZOc9y6
My COVID *""Mask""* (Covers Earbuds) : https://amzn.to/3fU0uDt
My Work *Shoes* : https://amzn.to/3jtr1tz
And *Join -->* youtube.com/nfzproductions/join for emoji's like these! ",youtube,_kVao-XyKgQ
Thank you man then we're good tips I'm supposed to start an Amazon warehouse this January 17th have a great one,youtube,_kVao-XyKgQ
so basically im fucked cs i be tappin puff n yart ina aisles😂,youtube,_kVao-XyKgQ
"Amazon is for people living under a bridge who have lost their dignity.
You can't go any lower than Amazon..",youtube,_kVao-XyKgQ
Thankyou for the information,youtube,_kVao-XyKgQ
How to find jobs near by our location,youtube,_kVao-XyKgQ
You can clock in 5 before and after your shift starts / ends. Just know if you are clocking in 5 min early and out 5 min later every day then your OM/ and HR will def start to notice if those 5 mins at the end of shift are just you just fucking around. It's called time off task (tot). I wouldn't advise listening to that piece of advice he gives if you want to keep your job,youtube,_kVao-XyKgQ
this info is four years old it it the same now or any new changes? thanks for the info though excellent video and great luck in your future,youtube,_kVao-XyKgQ
Great tips.,youtube,_kVao-XyKgQ
Are there any hot girls at Amazon?,youtube,_kVao-XyKgQ
""" You're name is Toby""
"" Kunta Kinte.""",youtube,_kVao-XyKgQ
Thank you you really  help,youtube,_kVao-XyKgQ
6-6 isn’t that 12 hours ok if you minus the breaks that’s 15 by 15 by 30 mins how is it a 10 hour shift,youtube,_kVao-XyKgQ
"Tip number one ever working At Amazon, they’re terrible",youtube,_kVao-XyKgQ
Thats because your badge is gps thats why you always have tobhave it on you,youtube,_kVao-XyKgQ
11#TIP THEY SHOULD BE THANKFUL PEPOLE SHOW UP..SOUNDS LIKE A BUNCH OF B.S.,youtube,_kVao-XyKgQ
Thank goodness prostitution is still an option. That place sounds like a complete nightmare.,youtube,_kVao-XyKgQ
"So if I do an extra shift, it would be overtime after 40hrs but the shift says my regular pay, will it correct itself?",youtube,_kVao-XyKgQ
"This video makes me want to delete my Amazon account.
Yuk!!!!!",youtube,_kVao-XyKgQ
Wth why you look like me but with cleaner skin?,youtube,_kVao-XyKgQ
"Your #1 tip can be wrong
If u have over 12hrs of work 
If you go over the 12 hour and let say 1 minute your going to be having a conversation with the manager 
Or if you go over 60 hours in a week 
HR will be talking to you",youtube,_kVao-XyKgQ
Only lazy people complain,youtube,_kVao-XyKgQ
Good information I just started working at Amazon and it is amazing how much they forget to say in training.,youtube,_kVao-XyKgQ
"The last one doesn’t make any sense. You’re saying you can just clock in, stand around 15 mins before starting as well as standing around 15 mins after your shift ends but before you clock out. That is bs",youtube,_kVao-XyKgQ
"Seems neat , there’s no Amazon warehouse in my area though :(.",youtube,_kVao-XyKgQ
"Man i dont know why Amazon is strict. If they eased up on their staff, they would get happy workers. Its all about morale",youtube,_kVao-XyKgQ
Ah yes modern slavery.,youtube,_kVao-XyKgQ
"While I appreciate this video and I know its been a few years, there was some of these tips our learning ambassadors told us on day one. I'm not knocking the video, I learned some things here. Overall great video, they are pretty sneaky with that last tip and the one using PTO to cover negative hours (my AM actually told me about this 2 months in!)",youtube,_kVao-XyKgQ
You can’t use earpods???? 😥😓 what’s the point of working alone lol,youtube,_kVao-XyKgQ
Sounds draconian.,youtube,_kVao-XyKgQ
Worst  than prison,youtube,_kVao-XyKgQ
People get mad because i get praised by the managers for walking around only because when i do work im the top employee everytime,youtube,_kVao-XyKgQ
I went in and worked a shift I wasn’t scheduled for I didn’t realize I wasn’t supposed to be there until the end of the shift. Yet  the time I worked is not added to hrs worked that week does this mean I’m not getting paid for that shift?,youtube,_kVao-XyKgQ
Wonderful video,youtube,_kVao-XyKgQ
Job sounds like hell,youtube,_kVao-XyKgQ
Number one tip is don’t work there !!!😂,youtube,_kVao-XyKgQ
When I worked at a locker they heavily discouraged the whole clocking out late thing. Idk if i'd risk that cuz they don't want to pay overtime and you will get spoken to,youtube,_kVao-XyKgQ
"Im starting today,thanks for the tips",youtube,_kVao-XyKgQ
Thank u!,youtube,_kVao-XyKgQ
it sounds like working in a jail,youtube,_kVao-XyKgQ
"The point system sounds like the most elementary type shit I've ever heard. 

""Ah ohh, if I pull too many red cards, I gotta take my ass to the principals office and my mommy's gonna be there. And maybe even my daddy if he brought the milk!""",youtube,_kVao-XyKgQ
In other words just like a slave you just getting paid for it don't work for Amazon,youtube,_kVao-XyKgQ
Do you need manager approval to clock in early?,youtube,_kVao-XyKgQ
Who really cares about rules amd getting fired from amazon ? Ha,youtube,_kVao-XyKgQ
"id ve fired after a week just with the point system, its litterally my lifestykle to be late LOL",youtube,_kVao-XyKgQ
Thankyou for giving us tips working in Amazon,youtube,_kVao-XyKgQ
Can I clock in and out with my phone everytime or do I sometimes have to use the time Clock,youtube,_kVao-XyKgQ
Quit after 14 days.,youtube,_kVao-XyKgQ
Does that include if you work like 25 hours in a week for flexible schedule for seasonal employees?,youtube,_kVao-XyKgQ
"Wow Amazon is really bad in the states. Most of the stuff you said doesn't apply here in Canada. They don't care if you are incompetent here. Rates don't matter. Safety matters a whole lot more. The whole 6 points getting fired & that, that applies here. Majority of the workers here don't even reach their Stow rate at 3.0 or the Pick to stage if you are day time like me at 15.

You can't just stand their obviously & do nothing. Just as long as you are working & do what you can, rates don't matter. I don't even get the 3.0 stow rate cuz that's hard. I do get 20 consistently on the Pick to Stage. 20 is very hard to do. I do that majority of the time consistently. Nobody else does that. Most people don't even get 15 & they are still there.

I remember when I 1st started for the 1st 3-4 months I wasn't even hitting the quotas. I remember doing 10-12 at the pick & stage. 

I got my blue badge today to be a permanent worker now. I would say in Canada it's the best work place to work at.",youtube,_kVao-XyKgQ
"I just got hired as a seasonal employee for amazon as a ware house sorter and was surprised when I went to the amazon career center in Minnesota they did not do any interviews at all and it felt like a military recruitment center as they hire anyone who has a drivers license and state ID and social security card and can pass a background test and drug test. And the recruiters were super nice and gave free shoes but one thing I learn in life as they say in Hawaii ""not everything that glitters is gold"" Which means it may look really good on the surface but when your in it can be hell on earth. Of course I knew this as I heard many people complain about amazon. Working long hours and low pay and I'm not sure about now. What's funny was I almost got a got at amazon as a forklift operator and never showed up for the interview and got the job offer. fast forward to 2023 I can see why they constantly need people the job is located in remote places that is difficult on bus route or impossible but thankfully it is not complete hell. I like the fact they allow you to chose your days you want to work. And even if its 19 hours a week the pay for seasonal employees are good $20.50 an hour. I do not start until the 28th. And first I did not know what I'm getting myself into but after seeing the videos I think i will be ok I went out and bought dr soles inserts and back pain medication. The lady there did say Fridays we get paid I think every Fridays if that's true then that's sweet! It makes a good side job for now. :) I hope at lease",youtube,_kVao-XyKgQ
I would do it if I could listen to music. But they don’t allow you to listen to music which seems boring.,youtube,_kVao-XyKgQ
"""It's not doing anything""....that's mood lighting, LOL!",youtube,_kVao-XyKgQ
So they don't tell new hires the rules and policies.  Makes no sense to set up the employee for failure.,youtube,_kVao-XyKgQ
Make sure you pay attention to the rate to put in the pod.,youtube,_kVao-XyKgQ
"Jesus, this is draconian. These sort of working conditions are legal in the United States? Many of these are against the law in my country.",youtube,_kVao-XyKgQ
Hey new follower! 👋 I have a question 🙋🏻‍♀️ when u flex is there times you have to work night shifts? Or can u get all day shifts?,youtube,_kVao-XyKgQ
So getting off at 7:45pm I can sit around in the break room for a while before I clock ⏰️ out...ok 👍🏾,youtube,_kVao-XyKgQ
"I heard people got in trouble for having bathroom breaks there, is that true?",youtube,_kVao-XyKgQ
Thanks man your channel is so helpful I just got hired for seasonal work,youtube,_kVao-XyKgQ
"i never heard about this point system,,i use my pto when i come late",youtube,_kVao-XyKgQ
against policy to listen to music😂you mean what sustains the human soul? yeah makes sense not to enjoy your capitalism enforced labor time. what fuckign corporate bastard cucks🤡,youtube,_kVao-XyKgQ
Tip one sounds like time theft. Lol.,youtube,_kVao-XyKgQ
I will be employed by Amazon working in a warehouse before the end of March 2023,youtube,_kVao-XyKgQ
my first appointment is today before my first day wish me luck it's in 3 hours,youtube,_kVao-XyKgQ
Fuck Amazon I was going to drive for them but I left during the class because it’s a bunch of bull shit,youtube,_kVao-XyKgQ
The last tip😂not scamming lol.,youtube,_kVao-XyKgQ
"If you would have had a better work ethics , the 6 point would not have mattered :(",youtube,_kVao-XyKgQ
I need a job for amazon warehouse so tell me the procedure.,youtube,_kVao-XyKgQ
"I worked at an FC when it first opened up for four years and never got written up even though my numbers were mediocre at best. My biggest tip is be a wallflower: keep your mouth shut, stay busy and, most importantly, NEVER be late to your station after breaks. If you're able to, change departments frequently as well.",youtube,_kVao-XyKgQ
Instead if using PTO you can manually punch it A to Z :),youtube,_kVao-XyKgQ
"Hi, I'm about to start my 1st day job at amazon today, just wondering if they do have all the same policy? I'm from UK by the way. :)",youtube,_kVao-XyKgQ
Thanks!,youtube,_kVao-XyKgQ
Idk know about that 3min early/late clock out. My amazon instructors have been adamant that you better be clocked in from break on time and that they will be watching anyone who comes back late. I'm not taking any chances with that one.,youtube,_kVao-XyKgQ
"I like how they have a friendly little character with a pencil and a clipboard at the bottom of the attendance points list. It turns it into a ""happy accident"" list! 😀",youtube,_kVao-XyKgQ
"They capped the PTO to 70 total hours in the year, and I was giving all 70 at once in the beggining of the year, nothing accumulated anymore",youtube,_kVao-XyKgQ
"My very first week, I worked 6 days in a row, it was brutal",youtube,_kVao-XyKgQ
"I had 40 points at one point, still work there",youtube,_kVao-XyKgQ
So since your new you wont have rates until you appear to not be improving in a 30 day period.,youtube,_kVao-XyKgQ
"Aww thanks, this is really nice",youtube,_kVao-XyKgQ
"That last one is terrible advice, that is time theft and is a category one infraction that will get you fired and unhireable in the future.",youtube,_kVao-XyKgQ
I bet they don't give something extra for leaving lunch early lol,youtube,_kVao-XyKgQ
Don’t do the last tip he said,youtube,_kVao-XyKgQ
Going Sunday,youtube,_kVao-XyKgQ
"Dude, if you are late more than once you shouldn't have a job.",youtube,_kVao-XyKgQ
About your #1.  if you were to do that will you accrue a point because your staying an extra 15 minutes or clocking in early,youtube,_kVao-XyKgQ
This job suck,youtube,_kVao-XyKgQ
thanks for your help bro,youtube,_kVao-XyKgQ
This is really helpful video!!,youtube,_kVao-XyKgQ
Amazon give you per month salary or weekly or daily plz comment must,youtube,_kVao-XyKgQ
Can u wear earplugs?  I mean is it loud?,youtube,_kVao-XyKgQ
I quit after 3 days..,youtube,_kVao-XyKgQ
How many of you got hired onto a permanant position when you started seasonal? i could only apply to a seasonal position with the hope ill get to stay permanent. don't really want to be let go a month or two later.,youtube,_kVao-XyKgQ
Thank you for your help,youtube,_kVao-XyKgQ
#1 is you get paid for the time you work?  Woooooooow,youtube,_kVao-XyKgQ
I need a job for a few months until I can lose enough weight to leave for the army.,youtube,_kVao-XyKgQ
Yeah they don’t allow early or late clock ins unless it’s 5 minutes and want you out on time. That’s here in Arizona.,youtube,_kVao-XyKgQ
"In June, they got rid of the point system. Now it's UPT hours. If you're even one minute late, they will take away a whole hour. But you get an extra 20 minutes of UPT with each shift, I think. Not sure how it is at the FCs. But I'm coming from the delivery station part time.",youtube,_kVao-XyKgQ
So if I was to use my upt to leave early it would be a point?,youtube,_kVao-XyKgQ
if you treat workers as expense definitely humanity is lost workers come on work first whats a little amount so every ones happy,youtube,HTOxxCRqpLM
Unions are the best thing for work places. They are your voice. I work for usps and I love it,youtube,HTOxxCRqpLM
Horrible  ! Bessos. It's criminal what he is doing to humans .,youtube,HTOxxCRqpLM
"As much as Bezos (Amazon) rakes in, this just proves what they think of us little people. We are a means to an end and that is all.",youtube,HTOxxCRqpLM
"They ban elephant rides and performing circus animals because of overwork, but they dont ban companies from overworking humans.",youtube,HTOxxCRqpLM
In Cleveland ohio the paramedics come every shift someone  is very tired and heat exhaustion . Amazon needs a union.,youtube,HTOxxCRqpLM
I think bezos is a scumbag. I have and will never order anything from amazon...,youtube,HTOxxCRqpLM
They be like : THE WHITE MAN MAKES US WORK SO HARD 👌,youtube,HTOxxCRqpLM
Then they gonna complain when robots take they jobs,youtube,HTOxxCRqpLM
The small business I work at was asked to paint chocolates at an amazon executive party. They kicked us out when the realized that they had to wait 2 minuets for for paint to dry.,youtube,HTOxxCRqpLM
It’s 2025 I’ve worked 4 days at Amazon so far and they have already threatened us over the idea of unionizing,youtube,HTOxxCRqpLM
Protest 🪧 And Riot..  That Would Put A Stop 😡!!  To Amazon Madness.,youtube,HTOxxCRqpLM
I'm at Amazon now for a month and I'm 52 years old and I tell people this is the most taxing physical job I have ever had because you are constantly going I can barely walk when I get out of my truck at the end of the shift it is no joke,youtube,HTOxxCRqpLM
Wow life must be tough. Tougher than medieval farmers who literally had to do hard labour all day to put food on the table or they would die of starvation.,youtube,HTOxxCRqpLM
first solar is the same way,youtube,HTOxxCRqpLM
Why u work .,youtube,HTOxxCRqpLM
And jeff bezos gets all the money,youtube,HTOxxCRqpLM
All I hear is complaining from the usual people.,youtube,HTOxxCRqpLM
They lie on the workers compensation claims I have evidence. They denied immediate medical treatment for over 8 months. I now suffer from severe knee issues which resulted in knee surgery and a upcoming other surgery. They are not paying me for being out of work due to the surgery they are only paying for surgery and hospital bills. They fired me after I got surgery and I was on work restrictions. I am about to loose my home and I have to borrow money for food.,youtube,HTOxxCRqpLM
"bezos is an abuser, and u dont ask an abuser to help u heal. u hold them accountable with communal power.",youtube,HTOxxCRqpLM
What a disgrace a greedy man is,youtube,HTOxxCRqpLM
People start buying in your comunity live a simple life.stop buying amazon items.sopport your local comunities sopoort your local mon and paps family bussines buy local and sopoort your small shops.stop buying at amazon,youtube,HTOxxCRqpLM
It’s called work!!! Lazy fucks!,youtube,HTOxxCRqpLM
"These people are too delicate to work. They need government handouts to survive.😂
That's why immigrants are necessary. Dont deport immigrants. Utilize them.",youtube,HTOxxCRqpLM
"My building isnt like this at all. If you're gonna work for Amazon, work at a sort center. It's less stressful",youtube,HTOxxCRqpLM
Black cannot working at united state..,youtube,HTOxxCRqpLM
Slavery but with pay?,youtube,HTOxxCRqpLM
I glad i no longer working theif. They nearly mess my life up. Never imagined how badly knew how bad this company became.,youtube,HTOxxCRqpLM
"Oh, stop whining, if you don't like it, quit. I workednin a Amazon warehouse in my 60s. Its called hard work. Geesh",youtube,HTOxxCRqpLM
If they do this to the people workers imagin what they doing to the robots,youtube,HTOxxCRqpLM
"America has never given up slavery, though it morphed into legality.",youtube,HTOxxCRqpLM
This is very accurate 💯,youtube,HTOxxCRqpLM
I understand the two breaks that's the same everywhere but tot is just diabolical,youtube,HTOxxCRqpLM
Jeff success onothers back.  Labor .  tho dont sPEak for employees. JEFF BULLY SLAVE DRIVER  Who the f you think u are. Overlord.  Check yourself .  Pompus errogant sale of crap .  Way to help others up but go play big boy buy rocket for people cover.   No one GIVEX TWO SHITS ABOUT THESE ERROGANT MEN AND PATHETIC TOYS.   OR ABUSE OF PUBLIC WITH BOUGHT PLATFORMS.  MIND YOUR BUSINESS.  SPEAK FOR EMPLOYEES ABOVE LAW JEFF.  SPEAKING OR SILENCING WELL DOMESTIC WORK PLACE VIOLENCE.,youtube,HTOxxCRqpLM
Poor people fear tactics .  Customer's didnt make demands markering dept. DISREGUARD for reality. Marketing dept.  Sinister pathetic.  Fraud dont blame public .  Sales job,youtube,HTOxxCRqpLM
Does Amazon flow things through the air in facilities?  To make people be different at work.  Bc I have been experiencing a lot of eye issues and watery eyes.,youtube,HTOxxCRqpLM
Sellers getting destroyed too - many vids in our channel describing thanks for what you do.,youtube,HTOxxCRqpLM
2 breaks is twice as many I’ve ever gotten so stfu fattass,youtube,HTOxxCRqpLM
Uk also same😂😂😂,youtube,HTOxxCRqpLM
We are not meant to stand all day,youtube,HTOxxCRqpLM
Nobody making y’all work there,youtube,HTOxxCRqpLM
"I've been with Amazon for over 4 years. And yes the conditions are horrible, the place is beyond filthy, and they work their employees into the ground. But, if you can't handle this, stop complaining and find another job. Amazon isn't for the weak. Go work at McDonalds.",youtube,HTOxxCRqpLM
It sad how Amazon treats employees.,youtube,HTOxxCRqpLM
I worked for Amazon through a temp agency and it didn't work out. I was working fast and it wasn't fast enough for them. I was standing for 10 hour and my feet hurt all the time. I will never work for Amazon though a temp agency again.,youtube,HTOxxCRqpLM
How come i don't see no Mexicans complaining,youtube,HTOxxCRqpLM
Slavery was abolished.,youtube,HTOxxCRqpLM
"I got more to add to this. From India, worked for DLS. It was/is corrupt.",youtube,HTOxxCRqpLM
"It shows (among SO MANY WAYS, so many similar examples of this behavior) how bought and paid for ""the media"" is when it's almost universal that they just uncritically platform the likes of Bezos--of COURSE this guy, LITERALLY THE FUCKING OTHER INTERESTED PARTY (workers v equity holders; and ONE has WAY more centralized power in the form of both wealth as well as legal control of the corporation than the other OBVIOUSLY), is totally unbiased and has NO REASON to have an SELF-INTERESTED opinion on the necessity or lack thereof of a union...

""Liberal"" media my ass--unless ""liberal"" means lining up to uncritically worship billionaires.  And really, we shouldn't be that SURPRISED that that in THIS ecosystem, the ""journalism"" that gets the most resources behind it and thus has a massive head start on the widest audience reach just so HAPPENS to also be the ""journalism"" that is most favorable to and uncritical of plutocracy and its consequences--because of COURSE the profit imperative has that consequence, of financially incentivizing journalism that would ignore, or misrepresent, or just plain straight up lie, about plutocracy and plutocrats and all the consequences of the same.",youtube,HTOxxCRqpLM
"We need a government by the workers, of the workers, and for the workers!",youtube,HTOxxCRqpLM
What about being on an accommodation and being placed in single smalls to pack at a rate of 200-300? Pretty crazy huh?,youtube,HTOxxCRqpLM
I hope everyone of you get unionized! Stay strong!,youtube,HTOxxCRqpLM
"I work at the den4 facility in stow and it is the most awful conditions I have ever seen. I have developed painful tendon injuries in all my limbs, they treat us like dirt. People are ready to riot. We need to unionize but no one knows how",youtube,HTOxxCRqpLM
Poor pay hard labor,youtube,HTOxxCRqpLM
"The realizations of Citizen's United ruling of the US Supreme Court ""Corporations ARE people and MONEY IS VOICE"" Individual corporate elites are protected under the corporations that shield their investors and CEOs while the dollars accrued go to  lining the political pockets of governmental sources and determine the dehumanizing conditions of the workforce who cannot possibly compete for the right to an effective and opposing voice.",youtube,HTOxxCRqpLM
What's wrong with  Bezo's eye? Has he had a past stroke? Is that why he's the way he is?,youtube,HTOxxCRqpLM
"This is an an ABSOLUTE ABOMINATION!
What happened to workers rights Bezoz has got a little to answer for!",youtube,HTOxxCRqpLM
I work at Amazon and they act like Amazon has a gun to their head. Most people who don’t like their job just quit and find another job. Most not be that horrible if you don’t want to find another job.,youtube,HTOxxCRqpLM
"I work at Amazon. 
This is all true. 
Jeff has it coming!",youtube,HTOxxCRqpLM
This is not much better than the sweatshops in Asia. They say it can't happen here but it's on its way.,youtube,HTOxxCRqpLM
Why is only African Americans 🤔 complaining on this video ?  I smell propaganda,youtube,HTOxxCRqpLM
Sounds like Jeff bezoes  is fine with making  slave.i guess he forgot those days are over!!!,youtube,HTOxxCRqpLM
"I'm so fucking tired of this shit I'm so ready for boycotts, protests, all of it bring it on fuck these corporation's",youtube,HTOxxCRqpLM
"At least an hour lunch like most jobs have, but pay you for the other 30 mins",youtube,HTOxxCRqpLM
T trop bo,youtube,HTOxxCRqpLM
Amazon is a modern day labour camp from which I will never buy anything. You have to be a man without class and decency to fail to provide basic working conditions and wages to employees with such income. Not to mention the violation of workers' rights. People like Bezos are creating a dystopian world ruled by soulless corporations. The spirit of supporting local entrepreneurship and mutual employer-employee cooperation is dying.,youtube,HTOxxCRqpLM
Unions are the only barrier between workers and corrupt owners,youtube,HTOxxCRqpLM
"These employees need to stop thinking about the negative stuff, and think about the positive stuff, like it's a honor and privilege to work for Amazon and above all Jeff Besos.",youtube,HTOxxCRqpLM
"This is why I cancelled my Amazon account nearly 4 years ago.  Bezos needs to owe up to the safety issues and pay what is right to his employees!!!  If he can waste tax-free benefited funds on his fricken’ space vaca hobby, he can pay what needs to be done to keep his employees safe.",youtube,HTOxxCRqpLM
"Darth Sidious/Jeff Juggernaut Bezos: 
""On the issue of our working conditions,
I'm very proud of our brutal slavery
I'm extremely proud of my robots and robots!""
😈😈😈
#DealWithIt
Amazon Industry/Galactic Empire
Amazon Unionizers/Rebel Alliance",youtube,HTOxxCRqpLM
Ok then quit.,youtube,HTOxxCRqpLM
"You have to pay attention, they took their time to design the way you work. Jeff said it, he wants to hurt people so they don’t last to retirement thats why they have the career path. The Pods are designed to injure, 3 sec process?",youtube,HTOxxCRqpLM
People who are ridiculing amazon workers for complaining have never worked in a warehouse.  They are mot lazy and they want to be treated like humans not some machine.,youtube,HTOxxCRqpLM
I’m not a big fan of unions but this is a text book example of needing one.,youtube,HTOxxCRqpLM
Not only brutal this is slavery.,youtube,HTOxxCRqpLM
"I WORKED AT 2 AMAZON WAREHOUSES, NO COMPLAINTS AT ALL.  People know what they are getting into before first day.  you have to be fit and healthy. fat, overweight,lazy people do not survive at amazon. thats the bottom line",youtube,HTOxxCRqpLM
If you don't like the work conditions then go somewhere else to work. It's labor c'mon.,youtube,HTOxxCRqpLM
Every aspect of Amazon is essentially slave labor. Not only warehouse but delivery drivers are run to the ground believe me.,youtube,HTOxxCRqpLM
"Or Jeff doesn't want to give people a nice working condition because he think human are ultimately lazy, and a nice working conditions encourage people to work cozier. Then people will get lazy in his warehouse.",youtube,HTOxxCRqpLM
"Jeff doesn't want to give people a nice working condition because he think human are ultimately lazy, and a poor working conditions require people to work harder to get the job done which he thinks they are putting effort to the job and laziness are then avoided.",youtube,HTOxxCRqpLM
I just found a technical name for your version of workers: Great Pyrenees. Should be correct?,youtube,HTOxxCRqpLM
Or they can just get a new job somewhere else.,youtube,HTOxxCRqpLM
They have only 30 minutes for lunch without pay? That's even worst than LEE's Parknshop which pay part-timer wokers the mininium-hour wage with no breaks and do not include the luch hour.,youtube,HTOxxCRqpLM
"Why arent they become a body builder. I know it's absurd but it is the working prssure that got people eating more and have less motivation to exercise their body as they are exhausted. But some captalist judge our complain do not reflect the truth.
They have only 30 minutes for lunch without pay? That's even worst than LEE's Parknshop which pay part-timer wokers the mininium-hour wage with no breaks and do not include the luch hour.",youtube,HTOxxCRqpLM
"The applications state at will in them,  means that the employer can do what they want.   When you work for a company you're a contractor.   you're not an employee.  I recall a friend told me.",youtube,HTOxxCRqpLM
"Worst god damn job I've ever worked in my life, currently locked in a WSIB battle with them, they had me do a form 8 cause I got injured at work and when they wouldn't give me the time off it got much worse. Finally the doctor gave me the go ahead to take the time and let me tell you they weren't happy about it. They tried to lure me back in to void my WSIB case, told me that I was wrong to go to the doctor for my injury, mind you he rescinded this statement immediately but it was said none the less. Now that I'm almost healed and close to going back and my WSIB case has moved forward they're claiming that I had a previous injury and that I'm lying to them about the cause of it. Mind you I worked there for 2 months without complaint of any injury at all. Amazon is a disgusting despicable company and I hope it burns. Jokes on them cause I have all the proof of everything, 2 doctors and my physiotherapist backing me, and now I'm going to out them for all the head games they tried to play and the lack of health and safety between leadership and process assistants. Had 1 good PA that tried to help me immediately when he learned of my injury, that's it, everyone else pretty well ignored it until it became a company issue.",youtube,HTOxxCRqpLM
"The truly horrible thing is that all these ceos are sociopaths, narcissists. These are EXTREMELY ABUSIVE people who are PROUD of abusing others. They see NOTHING wrong with it. I'm so incredibly tired of people staring at the symptoms of all this.... Yes there's slave labor, yes people get exploited, yes there's tax evasion, yes politicians are dirty, ... yes we're being murdered on a grand scale with virus ... yes to all that , but underneath all of it is the real issue and people should start addressing it :  SOCIOPATHS ! NARCISSISTS ! THOSE are the real underlying issues. THOSE are the ones without conscience and who ENJOY harming and exploiting others... They are SADISTS. They are workoholocs themselves to hide the incredible emptiness of their being. The reality and depth of their disorder can not be fathomed by normal human beings. Be warned.",youtube,HTOxxCRqpLM
amazon doesnt care about the people and soon all that bitching will go away because they will be replaced by robots before the world ever finds about this.,youtube,HTOxxCRqpLM
JEFF BEZOS IS TRULY EXTREMELY TREMENDOUSLY EXTREMELY TRULY (( GREEDY FOR MONEY ))(( IN HIS POCKETS )) . (( JEFF BEZOS )) SERIOUSLY TRULY EXTREMELY TREMENDOUSLY EXTREMELY TRULY SERIOUSLY (( SHOULD WORK )) IN A (( AMAZON WAREHOUSE ))(( FOR AT LEAST )) (( 1 ))(( WHOLE FULL  YEAR )) . JEFF BEZOS IS TRULY EXTREMELY TREMENDOUSLY EXTREMELY TRULY GREEDY FOR MONEY IN HIS POCKETS . . . ( AND ) . . . NOT THE MONEY IN THE EMPLOYEES POCKETS .,youtube,HTOxxCRqpLM
So full of s***. I work in an Amazon warehouse in the States and it's nothing like described in these videos. I've never heard such a bunch of whining complainers in my life. It's the most laid-back environment I've ever worked in and we go to the bathroom when we please Nobody messes with us. you go in you do your job you go home. you get paid at the end of every week. it's a job people. it's work. You don't expect your work to be a Tiptoe Through the Tulips do you? they expect you to work not sit around and chit chat with your friends. We listen to music. all the people I work with and for are friendly. It's a good experience. You pick whatever shift you want to work and submit your application and Bam your hired from that point on it's very easy to get a job there. And I only work a 9-hour shift. 30 minutes for lunch and two 15-minute breaks spread out through the day makes it Go by very fast. Whiners. Cry Me a River sad sacks,youtube,HTOxxCRqpLM
Jeff Bezos doesn't care. Even if you could talk to him it wouldn't do any good.,youtube,HTOxxCRqpLM
"So.. As an person who likes art. Amazon was the one thing I wanted to get my stuff from when I had money. I Guess I'll be making all my supplies from scratch or dollar tree, whatever.

Bless you all for being strong enough to speak. I'm a child, and I've had thoughts of working in a warehouse that payer good money, and I would do good work.

Now Idk what I'm choosing to do until I can perfect my art and writing skills.",youtube,HTOxxCRqpLM
"How much do you actually make an hour now ,including benefits ??!",youtube,HTOxxCRqpLM
"I was laid off a month ago. I worked there for 1 year and 2 months. There was no work for months. Employees had to wait at standup and got sent home early. They called it vto, but more like mto. I don’t see a good future for amazon, all the cool people i met got laid off, let go, or resigned.",youtube,HTOxxCRqpLM
"I sympathise with the plight of these workers, but their Amazon jobs will soon be replaced by machines, so they're going to lose these jobs anyway. A better investment of their time would be to gain better skills to get a higher paying job. Very few people are preparing for what's coming, most low skilled jobs will be done by machines in the next 20 years. Education is the way out of poverty. We live in the information age, you don't even have to go to college, you can educate yourself online, often for free. These workers need to skill up.",youtube,HTOxxCRqpLM
2020s walking back towards 1500s...Jeff is happy and rich ..but I will curse him with some sort of cancêr...,youtube,HTOxxCRqpLM
I worked in a warehouse and it looks just like a plantation.,youtube,HTOxxCRqpLM
Why don't they just quit? Cry me a damn river,youtube,HTOxxCRqpLM
I've suddenly felt very guilty for everything over brought from Amazon. It's really disgusting how they treat the heart and soul of their business. Just shocking.,youtube,HTOxxCRqpLM
"this is one of the worst videos ever online, just about total nothing.",youtube,kTDGNy5tib4
lt's me today,youtube,kTDGNy5tib4
A week,youtube,kTDGNy5tib4
"🗣️ Voice of the Associate (VOA) Post
​Subject: System Barriers and Productivity Stress During Peak
​It is incredibly frustrating to experience ongoing productivity dips that are clearly caused by system or equipment failures, like the persistent scanner issues at sortside 24 C rebin. We, the associates, are held to increasingly intense rate standards, especially during high-pressure times like the run-up to Cyber Monday at facilities like FAT1. When our work is directly hindered by factors completely out of our control—a faulty scanner, a frozen wall, or slow induct flow in AFE1—it feels demoralizing and unfair. This situation forces associates to push harder to maintain an impossible rate, which only increases stress and can lead to burnout. We need reliable equipment and prompt maintenance to meet goals and ensure our productivity records accurately reflect our effort, not technical barriers. A smoother week, free of these systemic barriers, is essential as we enter the holiday peak.
​This video discusses common barcode scanning challenges, which relates to the scanner barriers you mentioned in your VOA.",youtube,kTDGNy5tib4
It's obvious people who work these jobs have never worked an office job. This might suck but mental work is 10X harder and more stressful.,youtube,kTDGNy5tib4
Do a trade 😊,youtube,kTDGNy5tib4
they cant afford tables?,youtube,kTDGNy5tib4
Stack up,youtube,kTDGNy5tib4
How to apply brother!,youtube,kTDGNy5tib4
I worked at a rubber roofing plant for 4 years the work was hard but the environment was decent and the pay and benefits even better sadly I was fired for lifting up my safety glasses in front of a high up person anyways I just started at Amazon last week I’m 4 days in and I gotta tell you it’s like a prison camp compared to my old job I’m not sure I’m gonna last very long here and it’s also extremely cult like,youtube,kTDGNy5tib4
Worst job ever,youtube,kTDGNy5tib4
Welcome to 21st century slavery 😂,youtube,kTDGNy5tib4
youve been lied to and hope you got Vaseline for the HARD bone you took was worth it,youtube,kTDGNy5tib4
"you have to be in tip top physical condition for this job not to break you. It’s repetitive and fast paced, and your boss is AI, not a human",youtube,kTDGNy5tib4
😮 Get in.. stay for 1 year. Work as much overtime as possible.. pay off debts and save for better education if you’re not going to use Amazon’s benefits.. or can’t (seasonal employees)   Don’t stay. It’ll wreck your body.,youtube,kTDGNy5tib4
🪝🇺🇸🪤🤖🤖🤖🧓⚰️🇺🇸,youtube,kTDGNy5tib4
Why won’t the site let me complete my i9 form an order my boots an stuff like they said we gota complete it but it’s still tripping on the site even after I complete it,youtube,kTDGNy5tib4
"It's not a bad gig, it just depends what department you land in. It is physical but you just got to find where it's more relaxed. And transfer, there are some roles that are pretty hard on your body and it's best to avoid them.",youtube,kTDGNy5tib4
This looks miserable,youtube,kTDGNy5tib4
I dont take drug tests. Period. I dont use drugs and im not going to have my integrity questioned by some souless corporation.,youtube,kTDGNy5tib4
Imagine Dragons is complete garbage 🪦,youtube,kTDGNy5tib4
Slave,youtube,kTDGNy5tib4
slave warehouse,youtube,kTDGNy5tib4
Dead end job. My mother in law was there over 15 years and the employee abuse IS REAL. There were people urinating in trash cans and bottles bc they weren’t allowed to go to the bathroom. You “earn” time off and if you try to use it they threaten to fire you. The work is almost impossible and be prepared to walk around 20 miles per shift. They actually pay OSHA off to lessen their injury and death numbers. I would NEVER even darken their doorstep for employment.,youtube,kTDGNy5tib4
I lasted 4 months,youtube,kTDGNy5tib4
"well if your like the rest of the amazon drivers so, if you dont wanna whine, complain to the customer on their ring that they order to many packages, vlog every drive, text and drive, block streets out of ignorance, i think ull do great",youtube,kTDGNy5tib4
By the end of orientation 😂,youtube,kTDGNy5tib4
Is that 16 an hour,youtube,kTDGNy5tib4
"I want to apply delivery driver 
Truck driver job from Dubai",youtube,kTDGNy5tib4
All that bullshit for them to not hire you cuz you never responded to the call or email that they never sent.,youtube,kTDGNy5tib4
First few weeks of working at Amazon there were girls coming up to my station to talk to me 😂 man I guess that type of work makes them hungry for D,youtube,kTDGNy5tib4
Never stop looking for better opportunities even when your employed,youtube,kTDGNy5tib4
GET OUT WHILE YOU STILL CAN,youtube,kTDGNy5tib4
Make sure to utilize all of the extras you get. You can get free or very cheap schooling along with a lot of other cool extras. The job sucks but as a lot said you can either move up very quickly or use it as a very easy stepping stone. The job is definitely not for everyone though.,youtube,kTDGNy5tib4
Giving me flashbacks! Now I’m making twice that pay rate ! Keep grinding,youtube,kTDGNy5tib4
Best of luck 🎉,youtube,kTDGNy5tib4
"I worked in retail for 27 plus years, you just get treated badly, the long hours are tough, i worked at Tesco Ltd & management where bad, same as Amazon, you do get treated badly & it might sound amazing, you are in time slots, they care about your productivity over health & if you are considering amazon, don’t, you will get tired and exhausted like I was, burnt out, I worked on trollies for 5 years & wearhouse, frozen food dep, bread cakes A’s everything is timed,",youtube,kTDGNy5tib4
"Yeah, this is work, either get over yourself or do better. Don't blame others.",youtube,kTDGNy5tib4
Better meet your metrics 😂 until people stop working for this horrible company nothing will ever change there. Put some effort in and find a job somewhere else where you can grow and be respected for your work ethic. This company does not care about humans and will never change until nobody works for them. Stop keeping this monster alive by not working there.,youtube,kTDGNy5tib4
"Leave your soul at home, you won't need it here.",youtube,kTDGNy5tib4
Short answer Hell No 😂,youtube,kTDGNy5tib4
I say about a week (Yes I’m 2 months late) but I hope you made it past the first month!,youtube,kTDGNy5tib4
"I worked overnights for Amazon in summer of 2020. It was too brutal on my body, not worth it",youtube,kTDGNy5tib4
"I just went for my 5 min interview😂 she said “ i’m gonna on board you today” , i filled everything out, just waiting for the background check & need to do a drug test but when do i do that?",youtube,kTDGNy5tib4
You have a job!  That is always a good thing.  I love working and I’m thankful everyday I can.,youtube,kTDGNy5tib4
now do it on your period 🙃,youtube,kTDGNy5tib4
"I worked at Amazon for 3 years as a delivery driver in San jose, CA, the one on 970 Mclaughlin to be exact. The hours were long, packages were astronomical, it was hot outside, and the pay was low. I use to tell myself ""tough times don't last, tough men do"", but it was more to boost me up more than anything because I felt defeated. I hated my life, but I got through it. Today, I have my own succesfull business and I must say that if it wasnt for the work ethic Amazon helped me build, I probably wouldnt have made it. Its almost like I needed to get through Amazon to get to the other side. Last month I raked in $50k alone, oh my how the tables have turned.",youtube,kTDGNy5tib4
You won’t last very long having your phone out and videoing inside the facility.,youtube,kTDGNy5tib4
Im 95% sure this is PNE5 lol,youtube,kTDGNy5tib4
I say; Slave workers in tax payer 😢,youtube,kTDGNy5tib4
WELCOME TO HELL MY BOY ITS NOT TOO LATE TO LEAVE,youtube,kTDGNy5tib4
I only lasted two weeks before they let me go🤦,youtube,kTDGNy5tib4
"I got a job as a sales porter right now doing about 30 hours a week l, about 10 hours door dash, and 12 hours painting (that’s not stable every week) I like the w-2 10-99 and the 300 cash I make from painting. Amazon just didn’t have flexibility",youtube,kTDGNy5tib4
bro got a j*b,youtube,kTDGNy5tib4
Just tipped over my 90 days and got fired because some ghetto person wanted to start a fight with me... fuck amazon,youtube,kTDGNy5tib4
"""I was offered a position of CEO. But i chose to keep the real deal, where the real work gets done"" - boomer",youtube,kTDGNy5tib4
Pass on this amazon is a scam and actually hurts certain business's,youtube,kTDGNy5tib4
FUCK AMAZON 100%,youtube,kTDGNy5tib4
Bro it look like school Amazon,youtube,kTDGNy5tib4
Never stop applying for higher paying jobs and moving on. No company deserves your time. Take care of yourself FIRST.,youtube,kTDGNy5tib4
after that you can immediatly take your pto days then never show up again,youtube,kTDGNy5tib4
Shit hole,youtube,kTDGNy5tib4
"I feel like this would be ideal as a first job for teenagers, like getting a fast food job.

But I can't imagine older people doing this kind of work.",youtube,kTDGNy5tib4
Awful,youtube,kTDGNy5tib4
thank god for the mouth swab! how do people not smoke weed at these jobs bro,youtube,kTDGNy5tib4
Best of luck to you its a good company and has good benefits even pays for school,youtube,kTDGNy5tib4
"To any new people looking to work at Amazon: 

It’s hard. Especially if you’ve never had a physical labor job, but if you have goals to pay off debt, building savings, maybe pay cash for a car, it can be done. You might be in a lot of pain for a while, but sometimes you just have to suffer in order to reap the benefits. 

Keep people in your circle to keep you motivated. Ask questions and see what other associates do to be motivated, keep the pain at bay, ect.  

If you can survive the first 2-3 weeks you’ll be able to keep going. It’s those first few weeks that’ll have you questioning if you lost your mind signing up to work there. 😂",youtube,kTDGNy5tib4
My orientation is at 8:30 in the morning. I’m only in it for the money,youtube,kTDGNy5tib4
"Afer the second day they send my husband home because he dindn't pass a forklift exam,it didn't go for PIT.",youtube,kTDGNy5tib4
"My ""interview"" took about 120 seconds. Mouth swab test for drugs, background check, and the obligatory taking of my pulse to ensure I had a heartbeat.",youtube,kTDGNy5tib4
i start tomorrow,youtube,kTDGNy5tib4
How long were you in class for the first day?,youtube,kTDGNy5tib4
Longer then me,youtube,kTDGNy5tib4
"🎶""this song sucks.... It really sucks""🎶",youtube,kTDGNy5tib4
Not long. Never seen a happy Amazon worker at any of the fulfillment centers I’ve been to,youtube,kTDGNy5tib4
Alot of people talked down on anazon . Ive seen the good . The bad . And the ugly . (Been working for amazon for awhile now) The pay is decent . I applied at a diffrent warehouse they offer me $11. hour and i had to be in a union. ( this was rainbow logistics) Amazon offer $20hour  and u dont need to be in a union. U get free shoes once a year . Plenty of paid time off .. and growth opportunity depending on ur leadership,youtube,kTDGNy5tib4
I'll stay on disability and snap instead of ruining my life working at Amazon.,youtube,kTDGNy5tib4
I’m just now starting Amazon delivery driver well I have training for 2days then on the road I’m thinking I will like it sine I’ve only had outside jobs wish me luck,youtube,kTDGNy5tib4
I work in Russia and instead of Amazon we have Ozon! They are the same everywhere and exploit people...,youtube,kTDGNy5tib4
Any warehouse job vacancy. Please give contact no,youtube,kTDGNy5tib4
"Get in, head down and grind(in & outside of work), get out best advice I can give 😅",youtube,kTDGNy5tib4
"I work at the mall. And I already want to leave.
Salary here in my country is 6 thousand for logistics assistant",youtube,kTDGNy5tib4
6 months was enough for me 👎🏿,youtube,kTDGNy5tib4
I literally worked for Amazon for three days lol was only trained for two and was just thrown out There. It should be at least two drivers in a van working together otherwise I wouldn’t bother,youtube,kTDGNy5tib4
Please can you tell me if they are hiring now .I'm from Florida Kissimmee thank you,youtube,kTDGNy5tib4
"This is a great first step in my opinion to start saving and then going to school and learning a trade. People are always negative, but a job is a job.",youtube,kTDGNy5tib4
3 months,youtube,kTDGNy5tib4
Still there?,youtube,kTDGNy5tib4
"I strongly suggest you, and every young person who sees this, to leave that job and go to school or learn a trade.",youtube,kTDGNy5tib4
Dead end job: I worked at Amazon Warehouse for two years.,youtube,kTDGNy5tib4
What area? I work in a distribution center preparing totes for drivers in Cali for less than 20$ without the differential. Unless you are 100% great at stowing it's miserable cause you have to stuff those bags PERFECTLY. And each tiny tote can carry nearly 50+ packages. And they don't teach people how to stow here at ALL.,youtube,kTDGNy5tib4
How much start pay?,youtube,kTDGNy5tib4
I lasted 3 days,youtube,kTDGNy5tib4
How long did you last,youtube,kTDGNy5tib4
"My knees would be breaking doing this, one spot all day..",youtube,C3mB000mXUU
She really MID,youtube,C3mB000mXUU
"i start working on wednesday, hopefully i’ll get this position",youtube,C3mB000mXUU
Trabaho kay lahat diyan usa,youtube,C3mB000mXUU
Stick dock es lo peor en especial el sams caminando toda la noche,youtube,C3mB000mXUU
I just started at problem solve and my goodness my least favorite there is dealing with the spill boxes. So confusing and I'm feeling bad for asking for so many help 😅 Hopefully soon i will be this lady being fast worker,youtube,C3mB000mXUU
😊😊,youtube,C3mB000mXUU
Just started working at Amazon 2 wks ago and im loving it. I do packing also and I make sure the package is well sealed,youtube,C3mB000mXUU
I know it’s not on her but that book she packed will definitely be soaked if it just so happens to be raining the day the book is delivered and the box is left out under the sky on the porch. Happened to be once.,youtube,C3mB000mXUU
What job tittle is this?,youtube,C3mB000mXUU
✨✨✨✨✨✨✨✨✨✨,youtube,C3mB000mXUU
10 hour 6 day in week - MET😢,youtube,C3mB000mXUU
Mind numbing,youtube,C3mB000mXUU
"To many moves, who puts there label on their hand? Get everything done then grab the label",youtube,C3mB000mXUU
Picking is better than packing,youtube,C3mB000mXUU
She forgot the dunnage at the second one it’s getting kicked out and reprocessed,youtube,C3mB000mXUU
"I loved pack singles, but man my back did not lol",youtube,C3mB000mXUU
Muj ko Job contact number send ker do ji,youtube,C3mB000mXUU
fxxx bezoz,youtube,C3mB000mXUU
That package with the water or drink she didn’t do right because she put the spoo label on the wrong side of the box and not where it was supposed to go,youtube,C3mB000mXUU
Similar to my workplace apart from we don't put everything in boxes just laptops ps5s etc and kids toys we just put a despatch label on the rest and palletise it,youtube,C3mB000mXUU
Im way faster than that lol,youtube,C3mB000mXUU
What is spoo? Can someone explain please?!,youtube,C3mB000mXUU
I wouldn't mind this at all,youtube,C3mB000mXUU
😮,youtube,C3mB000mXUU
I like Jack pallets it's fun but when the heavy boxes I was going to pay like 40 hours a night just pulling boxes All day Long until I messed up my right leg,youtube,C3mB000mXUU
"And watch them say you're still too slow, after doing the same shit for 10 hours!
IT DOESN'T MATTER HOW LONG I'VE BEEN WORKING
I'M NOT A DAMN MACHINE.",youtube,C3mB000mXUU
zor ish cu,youtube,C3mB000mXUU
Human robot,youtube,C3mB000mXUU
"To all kids out there. 
Get your education.",youtube,C3mB000mXUU
не правильно упаковывает..,youtube,C3mB000mXUU
That’s fucking terrible ! One of ya best ! To many wasted movements,youtube,C3mB000mXUU
It like SPW in GXO department,youtube,C3mB000mXUU
I miss doing this do you get incentives the faster you go?,youtube,C3mB000mXUU
𝗏𝖾𝗋𝗒 𝗇𝗂𝖼𝖾 𝗃𝗈𝖻 ✨,youtube,C3mB000mXUU
She put the spoo on the wrong side of that box,youtube,C3mB000mXUU
"I do the box first before scanning the item , from the second you scan your getting timed , lol learned that doing pack flow, you gotta be quicker then that 🫠",youtube,C3mB000mXUU
Nice speed😊😢,youtube,C3mB000mXUU
Like slaves working for Amazon for a low salary and a disc in the back,youtube,C3mB000mXUU
Fulfillment at Amazon sucks !,youtube,C3mB000mXUU
Im working in a SSD AFE Pack. Its so much easier. You just throw everything in a bag and close it up. Dont have to build a box and get dunnage,youtube,C3mB000mXUU
So slow. Robots can do it quicker,youtube,C3mB000mXUU
All that to get paid the same as Carl across the warehouse 3 times slower.,youtube,C3mB000mXUU
"What if Amazon had hardcase reusable shipping boxes for their customers. If they charged a deposit for them, they could save millions of dollars for themselves and millions of trees for the planet.  They could even customize them for specific sellers. 

** Lead the way Amazon!! **

 Like a suitcase, they could lock with a tracking unit in it and Amazon could email the customer the unlock code.  Reusable digital address label display and electronic postage.  

Come on, there's no need for cardboard in this day and age.  They could even include attached packing materials on the inside. (Inflatable) They would basically only need three sizes of packages.  

Take your item out the box, drop your box off at the post offic,  and it gets mailed right back.  Your deposit is electronically transfered back to your card,  like a return as soon as the case is scanned at the post office.  

It would work because they did the same thing in the old days with glass soda bottles.  I think the world needs this.",youtube,C3mB000mXUU
"I work as an order picker at a grocery store, and I'm truly impressed at her swiftness. she knows her job well and knows what to do each time. she has done this for a while. well done!",youtube,C3mB000mXUU
Worked in many fast paste jobs and honestly... it isn't my thing.,youtube,C3mB000mXUU
Do you make $ per box? Up to $16-$35hr?,youtube,C3mB000mXUU
"They too slow I used to do that with  tape gun for 12 hours , the trick to not working too hard is having a bunch of boxes already ready to go , rather than just start and do one at time",youtube,C3mB000mXUU
"Soul crushing. I don't know what they pay know, butback then it was 11.50",youtube,C3mB000mXUU
She looks exhausted doing it must be a hard job,youtube,C3mB000mXUU
I have put items in the wrong box before or have to put it in a purple bin with items that I cannot scan,youtube,C3mB000mXUU
Let's see how she handles 25+ pounds of dog food.,youtube,C3mB000mXUU
"Hi, I'm from India and I really appreciate the work she's doing. We never poot spoo on our hand, this is new to me. She's doing it to avoid switchroo.. i guess. Or maybe for rates. The way she was packing was really good. Box looks very neat and properly covered. We have tape guns in india, we need to manually cut the tape. But thanks for the video mate. I can show this to my friend.",youtube,C3mB000mXUU
"I do this with 12 hours a day sometimes four days a week try doing it for five I could not last. It was too boring thank God for the new headphones because without them the first two weeks without the headphones was the most boring thing.
Unless you got friends there which I don’t, so it was just me talking to my voices in my head lol 
But you gotta have a good imagination to get through. I just kept my focus on the future of getting out of there. 
I would say a good thing about this job here it will force you to want to do something else better in life 😂
But some people get stuck here for years and this is all they know kind like they were reformed in prison you know how prisoners no prison life people just know Amazon life, and they die working these types of jobs with no future plans",youtube,C3mB000mXUU
All sites are different. It just depends.,youtube,C3mB000mXUU
"Idk if i can move that fast for a job thats gonna have me there for 10+ hours, im not breaking my back for none of yall 😭",youtube,C3mB000mXUU
How to work in this job newyork,youtube,C3mB000mXUU
How to apply in Amazon?,youtube,C3mB000mXUU
She is not that fast at all. i am doing the same job but i am faster than her,youtube,C3mB000mXUU
"I did cross dock huge building for 11/2 years it was dirty& heavy no names no weights then moved to Sortation  small building different but the truck unloading & wall building is hard heavy work takes a toll of this 59y joints .The scanning  sorting , problem solve computer fixing leaking boxes, is good Waterspider closing up blue go carts & shuttles is stable work . Thanks for video any more information for us.",youtube,C3mB000mXUU
Worst job I ever had in my life,youtube,C3mB000mXUU
Someone is inspired by india 😂,youtube,C3mB000mXUU
She’s very efficient.,youtube,C3mB000mXUU
Impressive she's getting busy with it!,youtube,C3mB000mXUU
No person should be expected to act as a robot for an entire shift without deviation. It’s an insult to the immense capabilities and creativity the human mind can create.,youtube,C3mB000mXUU
Get a job and save some money first it ain’t working like this stop looking for help from people you can work at a warehouse and go exempt on taxes both of y’all and  six months y’all will have more than 10 thousand saved up a piece still living everyday life I was bringing in a thousand dollars a week exempt,youtube,C3mB000mXUU
the computer let u know the box size,youtube,C3mB000mXUU
Looks like you have a lot of tension in your neck eventually and pasture issues,youtube,C3mB000mXUU
That's different than the overnight Center you just throw it in a bag and not make a box,youtube,C3mB000mXUU
"Poor. No paper dunnage? That's the paper ""stuffing."" Those items are bouncing around inside the box. It's very annoying for the delivery workers. I have coworkers that NEVER use it unless the item is somewhat fragile, which is very RARE.",youtube,C3mB000mXUU
We need one over here soon 🇹🇹🇹🇹🇹🇹🇹🇹 please please,youtube,C3mB000mXUU
Could you please come over and help use build our own Amazon animal center for my country of Trinidad and Tobago 🇹🇹 could you please come over and help use build one 🇹🇹🇹🇹🇹🇹,youtube,C3mB000mXUU
Lazy black watching others work just like every other job,youtube,C3mB000mXUU
Looks like a nice job! I applied you,youtube,C3mB000mXUU
She is slow,youtube,C3mB000mXUU
Job amazon where,youtube,C3mB000mXUU
I'd love to do that,youtube,C3mB000mXUU
Why not put All products in One box?,youtube,C3mB000mXUU
Amazon not worth it low pay,youtube,C3mB000mXUU
This is how i move when i have to pee,youtube,C3mB000mXUU
En mi Amazon el mínimo es 90 por hora 🫩,youtube,C3mB000mXUU
You gotta move 7 times faster than that to make rate tho 😅,youtube,C3mB000mXUU
"""Make me a hinge""",youtube,C3mB000mXUU
"What’s not impressive , being a former FedEx office employee, is the lack of filler in that box. Grant it,  it not fragile, but this is the reason why I get boxes from Amazon that have banged up items inside. NO FILLER!! Packaging standards should be better than this, for thousands of packages a day.",youtube,C3mB000mXUU
"What’s not impressive , being a former FedEx office employee, is the lack of filler in that box. Grant it,  it not fragile, but this is the reason why I get boxes from Amazon that have banged up items inside. NO FILLER!!",youtube,C3mB000mXUU
Ali bouazzati,youtube,C3mB000mXUU
That paper sticker easily peels off! I hate that especially for heavy items like that dog food..,youtube,C3mB000mXUU
Thank you to Amazon workers.,youtube,C3mB000mXUU
No thanks packing Is not my cup of tea,youtube,C3mB000mXUU
"In reality these are bone breaking job , doing this continuously 7 or 8 hours with a 30 minute break 🤔😢is so sympathetic and scary 😨",youtube,C3mB000mXUU
its amazing to see how they package everything that people order from Amazon to see the behind the scene of how it gets packed and delivered to your home .,youtube,C3mB000mXUU
"The boxes are NOT in thirr side like thst!  You lie. 

You must pull the yellow boxes off THE LINE. AND NO GLOVES!   WHY DO we hsve to pay for fucking gloves if this is w2? 

I am an MBA & pl think this a good employer and it's NOT. 
I DROVE 90 minutes one way from Perris to LGB3 to Chino and arrived at 540am abd walked far to front door and far to clock in at 6am . 7sm had to pee  
No fans
No ac in hot place  
I am 50.

I was 44 when I was there and worked in a REAL factory where we MADE AND MANUFACTURED stuff.

This is the worst worst lowest jib you can have at Amazon is packer. 
I was t old to HOLD MY URINE UNTIL 9AM WHEN MY 15 MIN BREAK WAS 

DO MOT TELL ME you help your URINE at a fn school whenever you were a fucking teacher in a romantic thst had fans!  You were not doing heavy lifting 


You don't get a right to fn judge me  
I walk off & I went to the bathroom bc Amazon is illegal asking packers to hold URINE to.9am when I left home at 420am to part at 540am and when a female has to fn pee you let her.

Don't you ever fn judge me again!  I hot an MBA & I'm overqualified for all Amazon jobs. 
Maybe my landlord needs to fn read my resume!  Sheet",youtube,C3mB000mXUU
"So, all the items inside one yellow box, is for one customer? Or different customer. 
Would it be easier to put all the items inside the yellow plastic box inside the cardboard box?",youtube,C3mB000mXUU
Шынарай куаныш в Айгуль кызы самал кызы,youtube,C3mB000mXUU
"i have a question if you could answer please, did you ever get returns without a qr code ? i couldnt use the amazon return service so i sent back the package myself and put the item order number on the package, very visably on both sides. will that be okay will be able to refund me with the order number ? thanks",youtube,C3mB000mXUU
"Hey, is that a Better Pack tape dispenser? Curious to know what model you are using and how you've achieved the automatic tape dispensing (without having to press buttons).",youtube,C3mB000mXUU
"She seldom presses that tape more than once, sometimes not at all. I see those boxes when they pass my station on the conveyor, tape falling off. All the time. Well, at least she's using ""dunnage,"" which is the brown packing paper she adds to prevent the item from moving around inside the box. Lots of the ""fast packers"" don't use it AT ALL. lol. Unless the item is something extremely fragile, which is very rare. Amazon pretends not to notice.",youtube,C3mB000mXUU
Im moving to Charlotte soon how can I work here plz n ty.,youtube,C3mB000mXUU
Imagine doing this for 12 hours and at a faster speed,youtube,C3mB000mXUU
Good job,youtube,C3mB000mXUU
"Peep the Search Bar at 0:18 👀👀
*My Top 10 Tips Before Working at AMAZON* : https://www.youtube.com/watch?v=_kVao-XyKgQ
 *What I HATE About Working at AMAZON* : https://www.youtube.com/watch?v=PYM9HaEzW8M
& LET US KNOW IF YOU THINK IT'S WORTH IT!!",youtube,mNoANquCIII
I'm starting this 16th and I'm gonna get paid 20.50 an hour,youtube,mNoANquCIII
You have a team?,youtube,mNoANquCIII
"Stowing associate in US makes almost 4k per month, while the associate in india who watches and audit whether product was stowed or not in the pods makes almost 255 dollars per month.
Logistically it is impossible for bezos to move FC into india to milk this difference into profit. 😅
I'm happy for my american mates making descent amount of money. Stowing is tough job.

🫡 From a stowing auditor",youtube,mNoANquCIII
"Bezos makes $6,000,000 an hour",youtube,mNoANquCIII
"You have to decide if that life is good enough for you.  You're able to see how people are who've worked there for years, that's a good indication.  If you're not a big spender and have self control, you can likely be better off.  in the end, don't settle for less than you feel you deserve.",youtube,mNoANquCIII
This man appreciates a job. Way too many whiners on YouTube,youtube,mNoANquCIII
I like to work Amazon flex. 💪 😮raise please.,youtube,mNoANquCIII
That’s more than what I made being a correctional officer,youtube,mNoANquCIII
3years later there paying over 20 in pa,youtube,mNoANquCIII
Upload some more,youtube,mNoANquCIII
My base pay is 19.75,youtube,mNoANquCIII
"I like my job, its hard, heavy lifting non sort facility and walk 5+ miles if not assigned on the OPs but I like the work. With that said I was given a final write up for a safety violation and failure to report it my 2nd day on the job (pit) needless to say I am completely demoralized since I can't get a blue badge and any little mistake from here on out will get me canned and the safety write up I was told stays for a year. I wanted to love working at amazon but somehow they've made me hate them.",youtube,mNoANquCIII
"do you have to introduce yourself in orientation? i have social anxiety so i wouldn’t do good with that. also do they work with college schedules? i plan on attending next semester and am trying to figure out how that would work. i plan to atleast take 2 classes.

and last question, how hard is the actual work? can you get fired easily if you mess up?",youtube,mNoANquCIII
I worked a extra shift my first week at Amazon and they only paid us are first week at Amazon 100 dollars,youtube,mNoANquCIII
Amazon pay is so low,youtube,mNoANquCIII
If you are seasonal can you get hired on after your probation period,youtube,mNoANquCIII
I get paid 850-900$ a week after taxes it’s 700 something. Every single week. That’s 50-60 hours a week though,youtube,mNoANquCIII
i work with amazon and make $17/hr and my take home is usualy around $1100-1400,youtube,mNoANquCIII
"In the UK the wage for fulfilment staff is £11.75ph that works out to like $14-15.. Its backbreaking though, so many ppl leave because the demand is so high they don't have a Union and you can earn the same amount of money working in a warehouse or factory environment where the stress is way way lower, amazon sucks big time your expected to stow away over 200 items an hour and they could be anywhere up and down flights of stairs etc.. They rely on mainly Eastern Europeans and immigrants to keep them alive.. Most of the British won't put up with it after a few weeks it's so demanding and it's not worth the trauma and stress and mental anxiety for £11 quid an hour they can shove it.",youtube,mNoANquCIII
Nah I’ll stick to my $30 an hour with guaranteed overtime paying time and half for max 10 hours per week.,youtube,mNoANquCIII
"I work at Amazon and just watch these to see other people's opinions and what it's like in other countries as well. One question though, why didn't you clock in on your phone with the app when you were waiting for your badge?",youtube,mNoANquCIII
Where are you an Amazonian from im from Dallas texas,youtube,mNoANquCIII
My Amazon pays 17.55$ plus 2$ extra dollars for weekends and nights,youtube,mNoANquCIII
do Amazon discriminate against the lgbtq community can you make a video about that? and is it a safe place for the lgbtq,youtube,mNoANquCIII
"Is it worth it? depends on what you're comparing it to.  If you have little to no skill, it is worth it because you have a higher paying job than what's out there like mcdonalds.  Is it better than having no job and no money, yes it is.",youtube,mNoANquCIII
I hope Amazon is easier than being a mover because I start in 2 weeks and I applied without thinking I was gonna get hired 😂 because I smoke weed everyday,youtube,mNoANquCIII
"I didn't even make half of that my first week smfh. And to be honest, I'm feeling REALLY discouraged. I'm hating how my money looked first check, and at this point I'm over it😠",youtube,mNoANquCIII
Are u still working at Amazon? What do you do now?,youtube,mNoANquCIII
I wonder are they still giving the extra 2,youtube,mNoANquCIII
"All of MY OWN comments have been deleted after I was hacked!!!
But comment below any questions! And *SUBSCRIBE* for more videos soon!",youtube,mNoANquCIII
SLAVE LABOR!!!!!!! THEY WILL WORK YOU INTO THE GROUND!!!!!!!! BRING ON THE UNIONS!!!!!!!!!,youtube,mNoANquCIII
A good way to beat the federal income tax part is to start a good cash side hustle from home and every year if you have a good tax accountant they can make it look like that you took a loss instead of gain and that way you can claim that and get a fatter federal tax return at the end of the year.,youtube,mNoANquCIII
How are u making 1000 a week ? And you are only working 40 hours a week and your pay is 15 $,youtube,mNoANquCIII
I think you should apply for disability benefits,youtube,mNoANquCIII
Not bad dosh mate.  Earn more in Australia.,youtube,mNoANquCIII
You are good positive worker. Amazon is lucky to have you !,youtube,mNoANquCIII
Slave pay. Too much work crappy pay.,youtube,mNoANquCIII
"Hi, thank you for the video. Just got a job at Amazon but haven’t started yet. Is Amazon still doing the extra pay due to the coronavirus?",youtube,mNoANquCIII
What do you suckers top out at?,youtube,mNoANquCIII
"So happy to see this massive NDA violation, how you not been fired yet?",youtube,mNoANquCIII
Amazon should have pay brackets and or bonuses for people who do triple the work of others... I love watching the stowers sit there with empty shelves waiting for the next package while aisles on both sides of them are overflowing lol.,youtube,mNoANquCIII
Amazon will help me financially to get my debt paid off and to also save up for my goals in life. To me it’s worth it and I can’t wait to get started.,youtube,mNoANquCIII
ups stressful n keep messing wit money as if they not to good with math so i might go there instead,youtube,mNoANquCIII
"I could deal with over $1,000 every two weeks. I do housekeeping and for the $$$ housekeepers have to do it's not worth it. This is an upgrade to what I'm doing right now and I am going to look into doing Amazon.",youtube,mNoANquCIII
I didn't know you could make that much at warehouse...,youtube,mNoANquCIII
Take nights at Amazon they pay you an extra 2$ for working overnight so that 15 becomes 17.90,youtube,mNoANquCIII
"👍🏽It was helpful, thanks",youtube,mNoANquCIII
His pay is trash. I can make more doing Lyft,youtube,mNoANquCIII
"Any job is a decent job, work hard, work smart, don’t over kill yourself and most importantly love yourself !!!! 

Do not feel any shame whatsoever, I have friends who are bus drivers to medical doctors, in the end where all humans 

Love yourself",youtube,mNoANquCIII
"I applied, it says you get paid every Friday. My schedule is Sun-Thurs. Does that mean the first week, I’ll get paid that Friday. Or how long does it take to get your first paycheck?",youtube,mNoANquCIII
Not $15 in my state💯🤣,youtube,mNoANquCIII
Been at Amazon two weeks and already being trained bas an ambassador.,youtube,mNoANquCIII
Can you go to the bathroom at your job if you needed to ?,youtube,mNoANquCIII
In the words of Jeff Spicoli: righteous bucks!,youtube,mNoANquCIII
Do you all really lift 50lbs?,youtube,mNoANquCIII
I just turned 18 and Amazon seems like the move seems pretty ezz Buh boring but I can deal with it,youtube,mNoANquCIII
"Just got hired, working four 10s @ 18.50/hr after shift differential.",youtube,mNoANquCIII
15 an hour fuck that shit wtf,youtube,mNoANquCIII
"Just want to say this isn't ""typical"" to anyone watching. A lot of this depends on your shift usually (nights and weekends), and whether you work full-time (instead of part-time) and lastly your location. If you're not in a major metro hub, you'll be making base pay ($15.50 now) for your 40 hour shift and an extra .50 (yeah) as a evening shift differential. If they offer VET or OT it can up the ante for your weekly paycheck, but on average (not during holidays) you'll make much less than is described in this video. 

Just trying to make sure you all manage your expectations.",youtube,mNoANquCIII
can I only check how much I make on pay day? becuz I can't check it rn,youtube,mNoANquCIII
Wish I had a job at Amazon.,youtube,mNoANquCIII
They only paid that much during the pandemic,youtube,mNoANquCIII
Do they hire often for warehouse positions ? I just became intrested,youtube,mNoANquCIII
Respect,youtube,mNoANquCIII
$15.00 you need to ask for a raise. In Kentucky there paying 18 to 20 an hour. Plus you wouldn't have made that much if you had all ur benefits taken out from ur check which wasn't,youtube,mNoANquCIII
"I work at Amazon and you do not make a 1k in one week that was a bonus that no longer available, don't work at Amazon thinking you will make this much because you won't",youtube,mNoANquCIII
It's not what it seems,youtube,mNoANquCIII
For your second check that you worked was that just for 1 week? Or for the 2 weeks?,youtube,mNoANquCIII
Do amazon warehouse workers get raises? Like yearly raises? Or does pay stay the same? Also how common or often do you guys get overtime?,youtube,mNoANquCIII
Can this old guy work for Amazon or is it to fast pace ... I talked to some people who worked their told me it's not for older folks scared me away from it... Won't survive 😂,youtube,mNoANquCIII
what are the pay raises like bro?,youtube,mNoANquCIII
Is sign up bonus legit and do you get instantly or after pay?,youtube,mNoANquCIII
Just started Amazon and I make 17.80,youtube,mNoANquCIII
"Tip man: the more you work the more you get taxed on, just work less hours",youtube,mNoANquCIII
If you’re a picker can you sit? I have really flat feet,youtube,mNoANquCIII
when his name is dylan and you though you were logged into atoz,youtube,mNoANquCIII
I make around 700 usd a week at 18 years old the job pays so well it’s actually insane😂😂😂 and ps: anyone who says the work is hard is just a snowflake,youtube,mNoANquCIII
I start my first day tomorrow with Amazon warehouse. but like you say a job is a job and work hard plus I work another job too,youtube,mNoANquCIII
I am starting next week.  Thanks for this video👍,youtube,mNoANquCIII
"Finna go apply, my hourly pay rate will be 19 hourly so excited thanks my g",youtube,mNoANquCIII
I know this video is a year old but do Amazon full time employees get paid weekly now?,youtube,mNoANquCIII
Thanks 😊,youtube,mNoANquCIII
Amazon is not all that… even if they paid me double I wouldn’t work for them… In many cities the base pay is $15… you didn’t say how much money they took for taxes…,youtube,mNoANquCIII
Today my first day 😅,youtube,mNoANquCIII
The $15 an hour employee's wage is so insignificant to what the CEO makes per hour.,youtube,mNoANquCIII
Wow! Great job on your presentation and the detailed information of your salary. You have done more than 75% of Federal employees are not able to do after working for the govt more than 10 years. Your knowledge and tone is on point. Keep up the good work. Wishing you success in all that you do 🙏🙏,youtube,mNoANquCIII
"Yeah, I can tell you are new. Talk to me about how excited you are still to work there after a year.",youtube,mNoANquCIII
I know this is old but you think I could actually work here for some years. It's it just a quick couple of months jobs?,youtube,mNoANquCIII
"Update I’m getting hired again 😂 last time I went and left the first day I was driving g 40 min away and ima start as a delivery wearhouse team member, ima start at (19.55  sat-wed) from 3:20am to 11:50 am",youtube,mNoANquCIII
"I’m in my 50’s and retired. I was bored and decided to start a new career. While I was waiting to find my ideal job, I took a job with Amazon. I was working at a warehouse next to an airport. Basically the planes come in, unload the packages, and we process them. I also want to say that I take care of myself, working out at a gym, cardio, etc. So I start the job and was sorting small packages. Basically the packages come down a conveyor belt, fall into different bags, and when they fill up, we create a label, close the bag, and put them on another conveyor belt, which sends it off to the next station.
Not hard work at all, but, you’re on your feet for ten hours. You actually get two 30 minutes breaks, but that’s it. After my first day, I woke up the next day, and my body felt like it was hit by a train. I hurt all over (back/feet). It was so bad that I felt like quitting but eventually I got a little used to it. My body still hurt, just not as bad. I lasted a little over three months before I found another job. The experience was humbling and the people I met were great. I just wouldn’t recommend this job to someone who is in there 50’s or older.",youtube,mNoANquCIII
"Question, how were you late if you are able to punch in through the app?",youtube,mNoANquCIII
5:29,youtube,mNoANquCIII
damm how can you accept all that crazy'nes  the one and only stuff the can make me do for that pay is go in and pi-ss on the boss chear and see if some one left me nice lunch for on my way out the door,youtube,mNoANquCIII
"Funny, my AtoZ home page looks exactly the same...""Welcome back, Dylan""",youtube,mNoANquCIII
"Loved the video , it was informative , short , & interesting and made me feel more comfortable about working with Amazon because I just recently applied.",youtube,mNoANquCIII
How do you deal with the packages that are a little big to fit the compartments? I noticed on your other video where you showed us the actual work. That if a package was a little to big. You just had to make it fit. Do they make complaints at you for smashing the packages a little or is is expected that you will have to do this to make it work?,youtube,mNoANquCIII
What you going school for,youtube,mNoANquCIII
Man wants to get a Rolex with his pay cheque 😂,youtube,mNoANquCIII
"The most gangster thing I've herd all year... ""when do you show up to work?"" 
""Idk could be 10 mins late, could be 10hrs late whatever"" 😂 absolutely ridiculous.... I would just make work so terrible that she would have to quit just so I wouldnt have to pay her unemployment",youtube,PE2wHqiwTf0
DEI,youtube,PE2wHqiwTf0
She’s working them at night,youtube,PE2wHqiwTf0
8-1pm 😮 is crazy work!!,youtube,PE2wHqiwTf0
She has upt reserve,youtube,PE2wHqiwTf0
Did she say between 8 to ONE😂😂😂,youtube,PE2wHqiwTf0
"I'm always worried being 20-30 minutes late, but 5 HOURS LATE is WILD!",youtube,PE2wHqiwTf0
Sounds like my useless ex wife.,youtube,PE2wHqiwTf0
I feel bad for her coworkers who are probably great workers and get in shit for something small but this ho3 can walk in hours late and they do nothing,youtube,PE2wHqiwTf0
8-1pm!!!!,youtube,PE2wHqiwTf0
Women are wired differently than men we need our alone time off work it’s within our nature we are so connected to nature and super natural energies that it’s incredibly hard to follow the same routine’s physically that a man does it’s okay and I like that she values that and is confident,youtube,PE2wHqiwTf0
I think it's news to Amazon that she's an employee of theirs. No way their automatic system didn't boot her after more than one day of that.,youtube,PE2wHqiwTf0
To be fair they give us time to be late everyday so don't matter 😂,youtube,PE2wHqiwTf0
Oh fking didems..,youtube,PE2wHqiwTf0
Lmao.....,youtube,PE2wHqiwTf0
Beo I swear women get so much leniency on jobs you should see it in Birmingham Al. I didn't know they were special until i rewatched.,youtube,PE2wHqiwTf0
8-1pm is a big gap. Obviously Amazon doesn’t care about quality work.,youtube,PE2wHqiwTf0
"From my understanding she is flex, she can work up to 40 hours, and if she is supposed to work for 40 then she can still choose to change her schedule. If she is flex she can choose time slots at any time that make 1 hour, 2 hours, 3 hours, 4 hours and so on up til 12 hours maximum in a day. If she is flex and blue badge(permanent employee) she can work in this contract for 3 years. Of course depends also on the job type, if she is slams or ambassador is much easier to get time off.",youtube,PE2wHqiwTf0
Or shes blowing her mangers,youtube,PE2wHqiwTf0
Amazon can be very lazy or not care. When I worked there I was negative 400 hours of UPT. I ended up quitting. They never fired me lol,youtube,PE2wHqiwTf0
Bullshit....if she did that amazon would definitely shack her....she is full of shit....,youtube,PE2wHqiwTf0
"In the morning 
1pm
Bruh",youtube,PE2wHqiwTf0
they prolly think she has Down syndrome or some shit,youtube,PE2wHqiwTf0
Nope not Me bro my shift is 1:20 to 11:50,youtube,PE2wHqiwTf0
"good for her, fuck amazon",youtube,PE2wHqiwTf0
They probably think she has downs..,youtube,PE2wHqiwTf0
"I was 5 minutes late to my shift once and they almost fired me, how tf does this chick still have a job? I'd be pissed if I worked with her",youtube,PE2wHqiwTf0
Pathetic!!!,youtube,PE2wHqiwTf0
They probably think she's DOWN and don't wanna get sued if they fire her lmao,youtube,PE2wHqiwTf0
This is typical for this generation I fired about 15 (not a joke) before I closed the position.  They will not put on a uniform or show up on time.,youtube,PE2wHqiwTf0
Ya....she doesnt work. She wouldnt be so high calorie if she was working,youtube,PE2wHqiwTf0
Caleb sounds like me when I'm trying to talk to my mom and my brother about having to make sacrifices to not spend frivolously like I might treat myself once a year if that! I got family kids to take care of& things just got even harder recently with certain cuts that came in reverse 1st it needs be affordable to live then we can get less entitlements. But I'm just venting,youtube,PE2wHqiwTf0
"I'm pretty tolerant with my team and have only ever fired one person for some pretty extreme behaviour, but honestly I'd have fired her a LONG time ago.",youtube,PE2wHqiwTf0
Im happy i can show up pretty much whenever i want for work. At least anytime between 2am-5am is ideal for me,youtube,PE2wHqiwTf0
Showing up anywhere between 8 to 1pm when she needs to at 730 is WILD!!!!😂😂😂,youtube,PE2wHqiwTf0
Slob,youtube,PE2wHqiwTf0
Where do find these dumb people,youtube,PE2wHqiwTf0
"Amazon must be desperate for employees.
Maybe she is lying. Her story is hard to believe.",youtube,PE2wHqiwTf0
These are the types of people that expect $50/hr for a 0 skill job,youtube,PE2wHqiwTf0
Why not work third shift if you aren't a morning person? People like this make no sense,youtube,PE2wHqiwTf0
I just roll in sometimes 5-1/2 hours late cause it's hards and stuff.  ENTITLED LITTLE DIPSH!T.  But she's got those 'TISM eyes though.,youtube,PE2wHqiwTf0
I used to work for a amazon warehouse. You can’t pay me a $100 bucks a hour to work there again.,youtube,PE2wHqiwTf0
The look on her face tells me she knows exactly what the problem is she's just too lazy to fix it,youtube,PE2wHqiwTf0
"Once worked with a dude that was great at his job, only he was late every. Single. Day! Thankfully it was by a few minutes, the occasionally 15 at most. It's interesting how some people cannot manage their time. We all have our strong suits though.",youtube,PE2wHqiwTf0
HOW CAN YOU CALL AMERICA ANYTHING BUT THE LAND OF THE FREE? this people are alive becouse oxygen is free,youtube,PE2wHqiwTf0
"DUDE, IF I SHOWED UP FOR MY BOSS AT 1:00PM WHEN I WAS SUPPOSED TO BE THERE AT 7:30, HE WOULD HAVE SLAPPED ME ACROSSED THE FACE, AND THEN FIRE ME!!!!",youtube,PE2wHqiwTf0
"I thought she was going to say she calls out regularly....my ex wife did that...not sure if late is worse than straight calling out.

These fcking women",youtube,PE2wHqiwTf0
Is the jingle in the background supposed to be the star spangled banner?,youtube,PE2wHqiwTf0
Me watching this as I’m about to punch in at 5am 😂,youtube,PE2wHqiwTf0
"Nah, you've been slacking and lacking for most of your life",youtube,PE2wHqiwTf0
Remedial vibes,youtube,PE2wHqiwTf0
"Something's not adding up. Amazon is notorious for heavily monitoring workers' performance, she should've been fired within a month of regularly showing up late.",youtube,PE2wHqiwTf0
She's  lying .,youtube,PE2wHqiwTf0
Not sure what she’s got going on but I’ve got depression bad when my wife passed away I had the same response took a year off work and even when I came back getting out of bed was hard especially in the mornings,youtube,PE2wHqiwTf0
She wouldn't make 2 days working for me !!,youtube,PE2wHqiwTf0
The uses PTO and UPT that’s why,youtube,PE2wHqiwTf0
As long as she shows up at some point she will always have a job! They are hurting for workers~!,youtube,PE2wHqiwTf0
She aint gonna be working there for long if shes still there,youtube,PE2wHqiwTf0
8-1 pm is crazy fucking work 😂,youtube,PE2wHqiwTf0
"“Yes I know that” 

No you don’t you sit and talk to people",youtube,PE2wHqiwTf0
Caleb simping for Amazon,youtube,PE2wHqiwTf0
Isn't Amazon like 24/7 operation? I knew too many people who work night shift for Amazon.,youtube,PE2wHqiwTf0
I work at Amazon and the reason she is able to do this is probably because side of UPT or unpaid time off. I’m a manager and I could give a shit less when the associates show up.,youtube,PE2wHqiwTf0
"😮, how in the world are you still able to work there.. Shoot, I miss one shift or late by more than like 5 minutes they are on my ass about it... And I'm only working 4 days a week in 4hr shifts..... This is just proof that stupid people get rewarded all the time for doing the wrong thing 😔 SMH...",youtube,PE2wHqiwTf0
Big 🧢,youtube,PE2wHqiwTf0
"I personally hit the gym before work and im never late.   Also, why im not shaped like a pear",youtube,PE2wHqiwTf0
07:30 is Sleeping in,youtube,PE2wHqiwTf0
Well she's 600 lb and she's not like the regular Amazon workers who actually work and have to deal with heat and everything else and mistreated but it's okay she's just shows up late and it gets washed away just like several Associates you can see at every Amazon,youtube,PE2wHqiwTf0
Boykott Amazon🇵🇸🇵🇸🇵🇸,youtube,PE2wHqiwTf0
its all about who you know,youtube,PE2wHqiwTf0
They look like adults they sound like adults but there children in adult bodies,youtube,PE2wHqiwTf0
She has DS right?,youtube,PE2wHqiwTf0
Thats crazy if i was that lte id be fred on the spot,youtube,PE2wHqiwTf0
People are so pathetic!!!,youtube,PE2wHqiwTf0
Lazy little goblin,youtube,PE2wHqiwTf0
"Yeah, it is hard for me to get up early, too... that's why I work evenings or nights 🤪",youtube,PE2wHqiwTf0
Yeah she looks lazy,youtube,PE2wHqiwTf0
"I feel bad for her scale , it's only gonna get worse",youtube,PE2wHqiwTf0
Can I have her job? I need the money,youtube,PE2wHqiwTf0
"Not to be that guy but 'cos of her gender, its not surprising she's not been let go. If that was a dude, they'd be gone. Like the way she smiles and being all cute about it is just disgusting 🤦🏻‍♂️ people like this shouldn't work. There's people out there willing to do anything and everything to get a job and can't and then there's people like this. Morron 🤦🏻‍♂️🤦🏻‍♂️🤦🏻‍♂️",youtube,PE2wHqiwTf0
She’s on this show only because she wanted to ask him to help her get up in the morning😂💀 what a goof,youtube,PE2wHqiwTf0
"Come on. Up at 445  I work, 12hrs, 6 days a week.",youtube,PE2wHqiwTf0
What? How was she not fired??,youtube,PE2wHqiwTf0
It's so ridiculous!  Like a child.,youtube,PE2wHqiwTf0
Hot take she would have been better off with childhood trauma and the learned defense mechanism that forces you out of bed and to work.,youtube,PE2wHqiwTf0
She owns it though so that’s good,youtube,PE2wHqiwTf0
Her body type matches her ability.,youtube,PE2wHqiwTf0
What??? How does she still have a job???,youtube,PE2wHqiwTf0
8am to 1pm in diabolical like I can understand 5 maybe 10 minutes late every once in awhile but that’s a 5 hour window of well maybe she’ll be here 😂,youtube,PE2wHqiwTf0
"She's right. I work with people that have been coming in mad late on a regular basis. 3 things that will definitely get you fired...Negative UPT, Fighting, or stealing. I haven't seen a single person get fired for being late. Real sh*t 👀🤔",youtube,PE2wHqiwTf0
Bro u’ll  shake that head off 😂😂,youtube,PE2wHqiwTf0
You can show up 5 hours later and not get fired as long as you have upt to cover it,youtube,PE2wHqiwTf0
"I worked with a kid like this, he got away with this for a couple years, he just now finally got fired after his 1000th warning lol",youtube,PE2wHqiwTf0
"Ok ok, 10 min, 15, even 20 ok, dont do it on the regular... 1pm?! If i were her manager id show her the door at the end of the shift unless there was a very good reason",youtube,PE2wHqiwTf0
Wtf all the horror stories ive heard from warehouse workers how is she still there 😂,youtube,PE2wHqiwTf0
how is that possible without concequences? does she work later in the evenings?,youtube,PE2wHqiwTf0
I get 2 minutes late at the most 20 if you really get hung up and you're running late maybe an hour😂,youtube,PE2wHqiwTf0
"Actually it's not, just go to bed earlier 😂",youtube,PE2wHqiwTf0
I thought she had downs before she talked.,youtube,PE2wHqiwTf0
There's a difference between being tardy .. and being re-tardy,youtube,PE2wHqiwTf0
Chips that were practically expired 😂,youtube,OHQqgnq7Spc
"Amazon really feels like High school & County Jail all mixed into one

It's an absolute Hole of hell, I have never seen anyone so happy about their work, besides managers/H.R/Supervisors/Ambassadors. Because they are obviously a higher ranking role. my first week was so Weird, Because I felt like a little Baby in a room full of 25+ Year old Men & Ladies & Oldies there. 
The experience is so unrealistically Bizzare",youtube,OHQqgnq7Spc
School pizza party's be like,youtube,OHQqgnq7Spc
"They could do nothing but they have done something and it’s clear like air. There will be replaced to a maximum amount through robotics and AI controlled machine machines.

The discussion should be how or how much robotics is allowed in a company that is the real question",youtube,OHQqgnq7Spc
I’m taking the chips and getting right back in that picket line,youtube,OHQqgnq7Spc
Surprise! You each get 6 chips to eat after your 12-hour shift!,youtube,OHQqgnq7Spc
Many are getting sick so I wouldn't take the food from any Amazon place,youtube,OHQqgnq7Spc
"The company has been widely accused of aggressive anti-union tactics, including holding mandatory anti-union meetings, displaying anti-union messages, and firing activist workers.",youtube,OHQqgnq7Spc
"In 2023, Amazon agreed to pay over $30 million to settle two privacy cases related to its Alexa speakers and Ring security cameras. The lawsuits alleged the company stored children's voice recordings without consent and that security failures exposed users' private videos to potential hackers.",youtube,OHQqgnq7Spc
"The Federal Trade Commission (FTC) sued Amazon for allegedly enrolling consumers in Amazon Prime without their consent and making it difficult for them to cancel their memberships, leading to a $2.5 billion settlement and customer refunds.",youtube,OHQqgnq7Spc
In Seattle we get bananas,youtube,OHQqgnq7Spc
Bezos and Bill Gates are scum of the earth. Sorry forgot Zuckerberg.,youtube,OHQqgnq7Spc
Greedy unions. Greedy wageies,youtube,OHQqgnq7Spc
TAX BEZOS HARD🔥🔥🔥,youtube,OHQqgnq7Spc
We have illegal aliens who need jobs,youtube,OHQqgnq7Spc
There is an owner of a dsp in portland oregon hes somalian and can't even speak English. I pray that he changes his ways or god deals with him quickly. Amen.,youtube,OHQqgnq7Spc
Amazon dsps in Portland oregon have now skyrocketed to over 200% turnover rate the highest of any american based company in the history of the usa.,youtube,OHQqgnq7Spc
"No more Amazon workers 
More AI Robots 🤖 in all warehouses.",youtube,OHQqgnq7Spc
Amazon Artificial intelligence is coming to fulfillment center take over.     CEO wanna save money by layoff workers and replace them for robots 🤖.,youtube,OHQqgnq7Spc
People cry about everything. Amazon is such an easy job 🤦‍♀️ I've worked at 3 of the warehouses and I currently work at the delivery warehouse,youtube,OHQqgnq7Spc
Thats all the people that work there😮,youtube,OHQqgnq7Spc
"will stop spending on Amazon from now on,  way too greedy .",youtube,OHQqgnq7Spc
They didn't need a raise. They make outrageous money.,youtube,OHQqgnq7Spc
Prob all expired too,youtube,OHQqgnq7Spc
"I work for Amazon and I love it, and I have no complaints except for those who don't pull their own. Weight that's my only complaint",youtube,OHQqgnq7Spc
"😂😂😂😂😂😢😢😅😅😅 they should've gave him snickers, at least.   😅😅😅",youtube,OHQqgnq7Spc
Looks like another Warehouse will be closed down. Honestly the workers might as well just burn the building down.,youtube,OHQqgnq7Spc
Wait until you hear they giving banana to celebrate Juneteenth,youtube,OHQqgnq7Spc
Shame they’ll all be let go for this more than likely while Amazon sees no difference in productivity,youtube,OHQqgnq7Spc
"We are limited to 2 snacks (in the RARE case the actually have snacks. Once every 90 days) and 5 water bottles from the station. It's disgusting, the most profitable company will only let you take 5 bottles of water in the Florida heat",youtube,OHQqgnq7Spc
bruh literally just pay them what even is this,youtube,OHQqgnq7Spc
Corn hole 😂😂😂😂😂😂 yea cause our land lord will take a bag of chips to pay the bills,youtube,OHQqgnq7Spc
And the richer get richer!,youtube,OHQqgnq7Spc
"For the sheer ridiculous amount of money Amazon brings in, they can take care of their workers.",youtube,OHQqgnq7Spc
Don’t like your wage. Move on.,youtube,OHQqgnq7Spc
we got a 50cent raise,youtube,OHQqgnq7Spc
Chips are unhealthy af too,youtube,OHQqgnq7Spc
"Bro, i shiiih you not, they wanted us to unload and haul 35,000+ lbs on a basic pallet jack(500lb capacity) from out the truck to the far end of the warehouse and in total was estimated at 8hr+ job doing this. It might've been because of a bad mix up obtaining the proper equipment....on their end, so if a bad day is just a typical pyramid building slave day, these people are really getting crazy. It was low paying, enough to check to check, and many people there had to do this.",youtube,OHQqgnq7Spc
Good. More people should walk out of their jobs for better T&Cs. This is why they want to import foreigners.,youtube,OHQqgnq7Spc
"Man we went from 18 $ to 20$ still not enough but I don’t mind working for Amazon ,",youtube,OHQqgnq7Spc
"Amazon workers deserve much more money & time to eat. To fuel their 12 hour shifts, it’s stressful & many workers died, Amazon needs to take care of their employees & need support, Amazon just care about profits over safety.. this why people leave",youtube,OHQqgnq7Spc
Amazon treats people great.,youtube,OHQqgnq7Spc
Go to a company that gives you nothing,youtube,OHQqgnq7Spc
No comment,youtube,OHQqgnq7Spc
We have to be more humanitarian so go ahead and get them some s*** silly me I meant some party chips😅😅😅😮😮,youtube,OHQqgnq7Spc
😂😂😂😂😂😂😂😂😂😂😂😂😂😂😂😂😂😂😂😂😂😂😂😂😂😂,youtube,OHQqgnq7Spc
Lol. They want to get paid way too much! Georgia has a pretty low cost of living,youtube,OHQqgnq7Spc
Sure he will agree to the terms but cut half the staff instead....everybody happy ?!,youtube,OHQqgnq7Spc
The prices will just increase,youtube,OHQqgnq7Spc
Good keep walking out. They can easily afford $24 an hour. Should be $30 in 2025.,youtube,OHQqgnq7Spc
I’ve personally seen them work and they do don’t nothing at all that would warrant $24 😂 they are spoiled brats and this is from an outsider looking in,youtube,OHQqgnq7Spc
Pay me enough I bring yall some chips and crackers  lol see if they like that,youtube,OHQqgnq7Spc
Here guys. Here’s some junk food to help you out.,youtube,OHQqgnq7Spc
"Cheap bast*rds didn’t even spring for pizza, CAPITALISM BABY!!!",youtube,OHQqgnq7Spc
If they don’t wanna work. Someone else will take their job. I used to work for Amazon. They really don’t care if you quit the job. So I fully support them going on strike!!,youtube,OHQqgnq7Spc
"Amazon might just be one of the top worst places to work for, they are using modern day slavery…",youtube,OHQqgnq7Spc
"The newest Amazon warehouse being built in Hesperia Ca.
 It will be fully robotic.",youtube,OHQqgnq7Spc
"""Let them eat cake""",youtube,OHQqgnq7Spc
"Lot of low IQ individuals in the comments getting angry at hard workers wanting more pay, when they should be angry at the company owners and greedy corporations. Probably a bunch of red hats.",youtube,OHQqgnq7Spc
Any company makes million dollars for products you getting pay low,youtube,OHQqgnq7Spc
"Delivery driver is better,",youtube,OHQqgnq7Spc
"Jeffy likes to get paid, well so do the workers that make him a billionaire.",youtube,OHQqgnq7Spc
Take the chips or find another job,youtube,OHQqgnq7Spc
Not even pizza?,youtube,OHQqgnq7Spc
That music fits perfectly.,youtube,OHQqgnq7Spc
I have not ordered anything from Bezos in over 2 years.  Walmart for me!,youtube,OHQqgnq7Spc
I never seen such a dumb group of people facilitating their replacement with automation.,youtube,OHQqgnq7Spc
"Ya git wut u git, and u don't make a fit.",youtube,OHQqgnq7Spc
It’s time for the revolt,youtube,OHQqgnq7Spc
No little Caesars pizza 🍕 or soda pops,youtube,OHQqgnq7Spc
For $30 an hour I’ll do Amazon other then that suck a fat one,youtube,OHQqgnq7Spc
Hail Amazon,youtube,OHQqgnq7Spc
They got cornholed…,youtube,OHQqgnq7Spc
The chips are on the table.,youtube,OHQqgnq7Spc
"This reminds me of Marie Antoinette's ""let them eat cake"" line.",youtube,OHQqgnq7Spc
"Now that UPS stopped delivering Amazon packages they are gonna have to deliver all the big stuff themselves. Including AC’s, furniture, mattresses etc. They’re gonna need bigger trucks and more than $20 an hour. 🤷🏽‍♂️",youtube,OHQqgnq7Spc
"The pay doesn’t really make that big of a difference, working at Amazon sucks balls and it always will.",youtube,OHQqgnq7Spc
Stop buying from scamazon,youtube,OHQqgnq7Spc
"Yeah, im hungry!  Hungry for money !!! 💰 💰💰💰💰💰💰🤬🤬🤬🤬",youtube,OHQqgnq7Spc
And then they all got fired for TOT,youtube,OHQqgnq7Spc
A.i robots coming.  Then what u going to do??,youtube,OHQqgnq7Spc
Wow they gave me a PlayStation,youtube,OHQqgnq7Spc
Soon AI will replace all their jobs.,youtube,OHQqgnq7Spc
Bezos. “Your not you when your hungry.”,youtube,OHQqgnq7Spc
America should boycott Amazon,youtube,OHQqgnq7Spc
Maybe instead of walking out they should quit,youtube,OHQqgnq7Spc
They still don’t pay that lol 😂😂😂😂😂😂,youtube,OHQqgnq7Spc
"Imagine out delivering all day, busting your ass in the heat, soaked all day with promise everyone will get pizza on return. I came back late in the evening picking up someone elses slack and they said ""Sorry, we ran out of pizza"". I quit the same day.",youtube,OHQqgnq7Spc
I wonder if EBay is any better,youtube,OHQqgnq7Spc
now it's $25/hr,youtube,OHQqgnq7Spc
Amazon uses robots and AI to manage people.  Its like a preview of the dystopia that is to come,youtube,OHQqgnq7Spc
Now they got easily replaced by robots and automation,youtube,OHQqgnq7Spc
You will not enjoy food when you work for Amazon you have no time.. Then they give such things rather than more Income because People work so hard..,youtube,OHQqgnq7Spc
$24 bucks an hour in today’s economy is fair especially for the demands that Amazon has never had I had a job where the employees know what I do and how every second of the day,youtube,OHQqgnq7Spc
Good lol losers,youtube,OHQqgnq7Spc
For anybody that's reading this fuck Amazon don't work for them that place is unhealthy very toxic they only pay you $300,youtube,OHQqgnq7Spc
"Workers: We want a raise!
Bezos: You’re not you when your hungry 🍫",youtube,OHQqgnq7Spc
"$24/hr for a warehouse job?  I could understand if it was in San Francisco or NYC, but Georgia?  I hope they all get fired and have to work at Walmart for $10/hr until they learn to quit being entitled whiners",youtube,OHQqgnq7Spc
funny thing is seems they don’t understand the more they make higher the cost of living becomes,youtube,OHQqgnq7Spc
We got the smallest bag of gummys & nothing after that.,youtube,OHQqgnq7Spc
Im a picker and my back hurts from constant bending is this position stow easier on your back?,youtube,YOntB12FgJE
I apply but no clear my interview how can I clare my interview?,youtube,YOntB12FgJE
Beautiful outfit ❤,youtube,YOntB12FgJE
"Just saw a video a few days ago how they are working on eliminating over 600,000 jobs with AI . 😮😢",youtube,YOntB12FgJE
Wow!!  By Watching Your Videos!!  I Can Learn The Job!!  Before Applying And Getting The Amazon Warehouse Job.    Thank For The Video To Help Us Out.,youtube,YOntB12FgJE
I thought you were not supposed/allowed to stow in the lighted sections?! Am I wrong?,youtube,YOntB12FgJE
What are the requirements for the job? Meaning qualifications?,youtube,YOntB12FgJE
How do I apply? How many hours can you work for the week,youtube,YOntB12FgJE
How many items per hour do you have to stow/pick to meet standards?,youtube,YOntB12FgJE
"Great videos thank you I start in 2 weeks just weekends, people have said im crazy for doing this job but it seems fine. Definitely will be tiring but not too bad right?",youtube,YOntB12FgJE
Does the supervisor come get you on break or lunch? How do you know when too take it?,youtube,YOntB12FgJE
"Hey Jack have you seen👀👀👀,, ""Jackie"". 😂😂😂😂😂😂😂😂😂",youtube,YOntB12FgJE
Not far from needing almost no employees. AI.,youtube,YOntB12FgJE
Always feels so beautiful after clocking out from an Amazon shift then walking outside😁💙,youtube,YOntB12FgJE
How do we know. Which bin put it in,youtube,YOntB12FgJE
In which state,youtube,YOntB12FgJE
Your camera is not properly fix to see what your doing,youtube,YOntB12FgJE
After scan any where in empty bin you r putting or there is computer says to put in specific empty bin.,youtube,YOntB12FgJE
You almost have to be an athlete to work for Amazon!,youtube,SMQ9jIypeOA
Thank you for sharing. I’m debating on getting a job at Amazon.,youtube,SMQ9jIypeOA
Truly Evil,youtube,SMQ9jIypeOA
Amazon sings like Eron,youtube,SMQ9jIypeOA
What are you talking about? Amazon cares about getting customers their items quickly.  They couldn't care less if they grind their employees into a fine powder and destroy their health.  Also the people buying the products don't give a fat frogs ass jack shit squat about the employees...,youtube,SMQ9jIypeOA
We need to band together to stop bezos before A.I really screws our country,youtube,SMQ9jIypeOA
Damn Amazon is ran by a bunch of rich pricks,youtube,SMQ9jIypeOA
Anyone else here to feel better about their current job NOT working at Amazon? 🤣,youtube,SMQ9jIypeOA
"""More needs to be done to improve things."" 

You literally just have to stop being assholes to them. You're actively choosing to put the effort into abusing your employees. Just stop it. Get some help.",youtube,SMQ9jIypeOA
It really is that bad. Imagine working 4:30 PM to 4AM and having to travel a hour to get Home. Every WEDNESDAY - SATURDAY. Those 3 days are not enough days to get your energy back,youtube,SMQ9jIypeOA
"Also Big Fan Of Amazon!
Willing To Share-Hold Some Of It Someday!",youtube,SMQ9jIypeOA
"Heyhey!!!

Can My Brother SE Get A Raus Please?",youtube,SMQ9jIypeOA
lol it’s really not that bad.,youtube,SMQ9jIypeOA
Amazon is great,youtube,SMQ9jIypeOA
Try construction and talk to me after about being worn out stressed 👍🏼,youtube,SMQ9jIypeOA
The scariest thing you could hear as an amazon warehouse executive is “I have my OSHA 30 card”,youtube,SMQ9jIypeOA
"Doing 8 hours shift then alternating with 10 or 12 hours shifts makes a chaotic life/work routine, it messes ul your life balance and health. Here, in Germany, Amazon pays around one euro extra (compared to other companies) and hired even without reading your resume, just because so hard to find workers, most workers just do not want to do this miserable, exploiting work.",youtube,SMQ9jIypeOA
Sounds like a shity place to work. Is there more concerned about timing people than they are about the employees. No employees should ever be time to go to the bathroom. That's why I learned to drive a forklift and I work in a real Warehouse,youtube,SMQ9jIypeOA
Work in a real warehouse.  Drive a forklift bro.,youtube,SMQ9jIypeOA
"Honestly, this kid sounds really soft.",youtube,SMQ9jIypeOA
People who are Trying to loose weight should work here and then quit.,youtube,SMQ9jIypeOA
You're getting $23 an hour because you're doing robotics. That's not the same work as with the workers on the line. 😐,youtube,SMQ9jIypeOA
Sitting at a desk for 8hrs isn’t doing anything great for your health either.,youtube,SMQ9jIypeOA
"Losing weight means you weren’t using any energy prior. I work a full time job and 30+ hrs at Amazon prepping for early retirement and I pick and I love it. It’s easy, I’ve never had any pain or problems. TOT = theft of time. They are paying you and you aren’t working. From the 4th floor I can get to the bathroom and back or I typically just go on my break. This your experience but it’s not for every one and wish that narrative would stopped being pushed.",youtube,SMQ9jIypeOA
They havent changed shit,youtube,SMQ9jIypeOA
Well I guess maybe you better stay at Amazon. Because you're complaining about that kind of work you never make it out in the real world working manual labor jobs and have to think. For about the same pay you're making now would probably with no benefits,youtube,SMQ9jIypeOA
"I see the silly rainbow flag in the back, another entitled Gen Z complainer.  Yes, warehouse work is tough, working in ANY warehouse is tough.  It's moving quickly, heavy stuff, lifting and squatting, it's low-level, low-skilled, low-paying.  Stop complaining and grow up",youtube,SMQ9jIypeOA
https://youtu.be/SSvyX0g1uIw?si=WWy5eXravzbP8oKx,youtube,SMQ9jIypeOA
REPENT AND FOLLOW JESUS CHRIST BEFORE ITS TOO LATE ✝️,youtube,SMQ9jIypeOA
LGBTQ 👎🏻👎🏻👎🏻👎🏻👎🏻👎🏻👎🏻👎🏻,youtube,SMQ9jIypeOA
OK. Never working here. Period,youtube,SMQ9jIypeOA
You have to use damn-near half of your breaktime walking to the lunchroom 🤦‍♂😆,youtube,SMQ9jIypeOA
Forget working for Amazon!  Way too Stressful!,youtube,SMQ9jIypeOA
Holy glaze,youtube,SMQ9jIypeOA
Curious if the 300-pound Roombas have proximity sensors to automatically stop if a person is in the way...,youtube,SMQ9jIypeOA
"I worked for amazon for a year. I am also in the reserves, every single month, even with the proper amount of time and checking up with HR to get time off I STILL had to fight to keep my job because I would go into negative UPT. I was fired once because of it, I took it to court and they just kept on doing it so I quit. That place is one of the absolute worst places I have ever worked at.",youtube,SMQ9jIypeOA
1:39 shout out dark souls,youtube,SMQ9jIypeOA
This and other videos like this make me want to try harder to avoid buying from Amazon.,youtube,SMQ9jIypeOA
"The worst part about all this is knowing that these types of jobs exist out there for very very important reasons related to societal coercion.

The system literally needs to use coercion in order to function properly",youtube,SMQ9jIypeOA
"that is horrible, when I worked at UPS in the warehouse, I could go to the bathroom whenever I wanted, I was not told when I could go.",youtube,SMQ9jIypeOA
The goal for amazon warehouse is to get in and get out to a better job/career...you're an idiot if you plan on being there for years,youtube,SMQ9jIypeOA
I’ve been working at Amazon  for almost 5 years and now Amazon pushing me out. Clearly I’m just a number to them and my number not good enough. Leadership sounds like a robot they are very scripted and they do not acknowledge what so ever.,youtube,SMQ9jIypeOA
Bro. I just messed up my back big time. Hopefully it heals,youtube,SMQ9jIypeOA
It’s very impressive what a machine this is.,youtube,SMQ9jIypeOA
"Maxx Stiles was here. I’m also on IG, Spotify, Apple Music, YouTube, and my music is available on TikTok 💰💰💰💰💰💰💰 💰",youtube,SMQ9jIypeOA
Amazon ain't worth a (S word) as a company to work for and I make no apologies for saying it. (F word) Jeff Bezos and (F word) Amazon and (F word) any company that don't treat there employees right and with respect.,youtube,SMQ9jIypeOA
Cry me a river... Young people today are lazy.,youtube,SMQ9jIypeOA
"My heart goes out to you.😢 I worked as a certified nurse's assistant, C.N.A,  for ten years and that job broke me physically and spiritually. Always short of staff.  That would force us to be responsible for 12 or maybe even 14 residents or patients who were mostly helpless. I was living paycheck to paycheck and had to endure verbal and physical abuse by these residents. Some nurses cared but most didnt.. They were only going around passing meds and writing reports. We were stuck doing all the dirty work. I'm so happy that I'm free from that job and  I'm now retired.",youtube,SMQ9jIypeOA
"Some warehouses are not as bad as he says. It’s depends on the type of warehouse and management. 
Like some warehouse’s, the pickers rate is like 65 i/h, they tell you 80. You push a cart around with a tote, and grab items out of the bins, drop item in the tote, then put the tote on the lines when full or promted. Easy job, just a lot of walking. And as long as you quality is good and rate is above 65, they’re not gonna say anything to you if you go to the bathroom for more then 8mins
This comes down to management.
Some just want their numbers looking good as long as you do your job and don’t make them look bad. Though you go over 30min of ToT during the shift, they will come say something.",youtube,SMQ9jIypeOA
"why it's bad to work at amazon. 
Amazon has a strict No fighting or harassing policy and Strict HR polices. 
1. You can't say anything offensive to anyone even if the employee is misbehaving like not working or refusing to work or refusing to help.
2. Even Managers can get fired for starting arguments or fights with regular employees even if they are being lazy. Managers can't fire employees. HR has to do the firing after an investigation and managers are only encouraged to do write ups. 
3. If someone wants to start an argument and you argue back and it leads to a fight than both of you are fired even if the other person started it. After argument lets say where you told someone to do something and they refused and you lets say you cussed them out before walking away. That person can go report you which will lead to a warning that next time you will get fired or they will fire you on the stop lets say if you threatened that employee. 
4. If someone wants to fight you at amazon, you can't fight back or use self defense. So both are you are fired. Who want's to get risk get injured just to not lose your low wage amazon job?
5. Females at amazon like reporting people to amazon especially men. If they get in arguments even if they started it and it led to a heated argument in which they got their feelings hurt. HR will take there side. You really have to cautious around woman and shouldn't even try giving them compliments because it can lead them to reporting you. 
For example male employee told lady in front to hurry up on vending machine because break is only 15 minutes and she was just standing not buying anything which led her to reporting him and than HR told him next time he is fired. 2nd example. Guy was taken to HR for greeting women with hi sweet heart with some female encouraging the other females to help her report the guy over it. 3rd Example. Area manager told lazy female employee she had to work instead of walking around. She kept refusing and argued back. He got angry and wrote her up. She decided to tell HR she was being treated unfairly and he was bullying her. HR gave manager a warning and took her side. 
6. Half of the employees are lazy at amazon esp. the sortation and delivery stations. Most of these employee's get promotions to become process assistant or area managers by doing favors for managers which involves sex.  80 percent of the lazy employee's are woman who do the easiest tasks or get some sort of promotion where they barely do work.
7. Amazon hires anyone off the streets, that includes highschoolers and bums so most are lazy and don't care if they get fired and most are temporary.",youtube,SMQ9jIypeOA
"Some managers are callous they don't care if you get hurt .Amazon need to fire anas firadaoussi dfw6 copell Texas   Icqa his wickedness had made many left the department and Amazon  it self. 
His department is unsafe with faulty equipments from ladder to robot bin when you report it to him instead of notifying top management he will set you up for faliure and frustrated many to quit their jobs ,using associates to fight each other and promise females of promotion, uses and dump them. which is retaliation. Amazon said its against the policy but when you voice they retaliation continues .",youtube,SMQ9jIypeOA
CNN can you help me sue amazon for firing me and making me non eligible for rehire because i was dehydrated and i passed out at work. I was working 6 days a week 10 hour shifts and they fired me and made me non rehireable because i was dehydrated.,youtube,SMQ9jIypeOA
Amazon is a great example why unions exist.,youtube,SMQ9jIypeOA
I was assaulted with stacks of Totes on a Tank just like those on 0:48 for complaining about “TOT” and heat making older ladies faint. Then was transferred to Pick to further injured me now my dominant hand is not the same. That task can be done with only a scanner but they want a wack a mole type process under radiation from laser to scan and projector while going up and down a ladder like Stow.,youtube,SMQ9jIypeOA
The easiest job in the world. And I'm not in good shape. Which shows your looks don't determine that you in good shape. I did lot of endurance training and flexibility,youtube,SMQ9jIypeOA
Friend of mine worked for Amazon they refused to pay him for 2 months then when he asked about it they fired him,youtube,SMQ9jIypeOA
Warehouse work is hard work!  There is no sacking off because the computer monitor you!  You need to be a human robot since you are constantly working do stuff!😊,youtube,SMQ9jIypeOA
Man up,youtube,SMQ9jIypeOA
"Amazon publicly promotes their black sellers over their white sellers with their ""Buy the Black"" campaigns...  after seeing that I don't doubt they racially discriminate in hiring, job promotions and in the workplace too.   Glad I don't have to depend on them for a job that's for sure",youtube,SMQ9jIypeOA
"I'm enchanted by this content. I had the pleasure of reading something similar, and I was completely enchanted. ""Mastering AWS: A Software Engineers Guide"" by Nathan Vale",youtube,SMQ9jIypeOA
https://www.youtube.com/watch?v=2F8pARsTD6M,youtube,SMQ9jIypeOA
I felt like a robot when I worked there,youtube,SMQ9jIypeOA
"Admittedly, I did not watch the entire video. Why on earth would this guy do a media interview where is name, face and voice is shown while he still works there? Like begging to get fired.",youtube,SMQ9jIypeOA
"Working at Amazon was the worst choice in my life! It's so bad! It is better to work at fast food! The Amazon I work at was super immature and always had to deal with they yelling, cussing, and threats made against me because I refuse to do cocaine with them in the parking lot! I was let go because of that! So many felonies, druggies, and pedophiles! Also I wanna note supervisor was also mad and hated me because I refuse to let his white fatass to sleep with my 11yo daughter! He kept bugging me everyday about it!",youtube,SMQ9jIypeOA
"i lasted a month at that exact same amazon, hell no lol",youtube,SMQ9jIypeOA
Half the time in 2023 i see them bullshitting walking like they need to ask their feet for permission to take steps.,youtube,SMQ9jIypeOA
"Tier 1 and labor shared almost everywhere. It’s nice to go to a different department because using the same movements everyday can be tiresome. Amazon offers a grant towards a university or cc they’re partnered with. They support you all the way up to Bachelor’s Degree. It’s worth it, but you need to keep working there.",youtube,SMQ9jIypeOA
"This is madness. As long as workers are putting in solid efforts, there's no reason to micromanage like this. Everyone has bad and good days at anything. I get that people should be working at work, but this is excessive to put it kindly. I'm not one to rally fully for unions either (I'd need to know everything about a union before I'd support it) but people get hurt, people pee and poop, people need rest breaks, etc. Let them work to the best of their abilities. Example: Jack doesn't have the work speed of Joe but Jack can lift more than Joe. Sally might be slower than Sandra but Sally has more accuracy. Everyone has their own attributes they are good at. Let Jack, Joe, Sally, and Sandra work to the best of their abilities!",youtube,SMQ9jIypeOA
"Last leg fulfillment is awful.  A lengthy shift of scrambling and bending over and over again, like working a rice paddy field.  Then, at the end of all this bending up and down, you have to heft all of these incredibly heavy bundles that you just filled.  I am so thankful that I left that behind.",youtube,SMQ9jIypeOA
Lmfao he’s describing ANY job,youtube,SMQ9jIypeOA
You're the star employee with the fastest hands in the West,youtube,SMQ9jIypeOA
I’m an Amazon warehouse worker and he complain way to much I work 4 11 hour shifts and sure my feet hurt but that’s it,youtube,SMQ9jIypeOA
Workers should get food provided because their salary is mainly for buying food and fuel to work at Amazon. A food allowance for the workers would be nice. 😔,youtube,SMQ9jIypeOA
"Wow, this was an eye-opening insight into the daily routine at an Amazon warehouse. It's crucial to shed light on the experiences of those working behind the scenes. By the way, I recently shared my perspective on workplace dynamics and some useful tips on my channel. If you're interested in more discussions on the topic, feel free to check it out. Keep up the great content!",youtube,SMQ9jIypeOA
"TBH… We have a society of soft, useless, entitled kids in their 20s. This guy is acting like his job is tough while he supervises robots lmfao. Inflation was caused by massive spending by the Obama administration, curbed by Trump, and then Biden shows up to throw gas back on the coals. 8 minutes to go to the bathroom isn’t enough?? Lmao, once in a while I’m sure it’s tough but outside of that, i can’t imagine it being that difficult. God bless, hard work is sometimes fun but always tough. Grow up. Take care of yourself, because we all know that’s all you’re worried about.

Goodnight.",youtube,SMQ9jIypeOA
About time amazon gets exposed,youtube,SMQ9jIypeOA
Amazon is a deplorable company that treats their employees like dog shit! Shocking.  It's concerning how money and power will buy you immunity from almost anything. Even basic human rights. And not paying tax on all the counties that Amazon's testicals have touched. Shocking.,youtube,SMQ9jIypeOA
"$23 an hour and health benefits. Complaining now, wait til Rockwell is full speed.",youtube,SMQ9jIypeOA
Holy crap they really micro manage,youtube,SMQ9jIypeOA
"Warehouse work is no joke, I've been in a warehouse for 5 years, i make good money, but make no mistake it's hard work. I'm only 28, idk if ill be able to do it long term.",youtube,SMQ9jIypeOA
“Amazon says Time off task metric is to understand issues that arise” bitch please they literally write you up for a few minutes “off task” which could literally be anything.  They say “make sure you’re taking care of yourself” and then they say “so here I see you were not working for 9 minutes what happened?”  Um I had to piss and the warehouse is a quarter mile long…. “Well you’re not in trouble but here’s a write up if you get too many of these they will terminate you” that’s an actually conversation I had at Amazon.  Now I work at a new Amazon warehouse where they don’t have time off task because we don’t use many machines so they can’t really time off task and a large amount of people are lazy and don’t do anything or disappear for hours and it’s like why can’t their be a good i between and it’s because of people like that they implemented time off task other places.,youtube,SMQ9jIypeOA
I spoke to my technician who used to be an Amazon manager. I’m sickened by the culture of the beast. I’ll be reducing my purchases with the company,youtube,SMQ9jIypeOA
"Garbage company, stop sugar coating it 🤡",youtube,SMQ9jIypeOA
3 years of my life i worked at amazon. Its definitely hard work. I was on the 6pm to 430am shift. I decided to take the buyout after covid outbreak haven't looked back.,youtube,SMQ9jIypeOA
If there's no Air conditioning then i can see why battery devices at Amazon sucks.  I Been buying off of Ebay lately and nothing beats the protection plans,youtube,SMQ9jIypeOA
two words Legal slavery,youtube,SMQ9jIypeOA
"I used to work at a Amazon sortation center( part time), shifts are 4 hours, but it could go up or down 1 hour based on volume. It was not that bad for a warehouse job. I think fulfillment center is where it’s really hard.",youtube,SMQ9jIypeOA
"And another irony is that they hit me for OVERSCANNING multiple items just because the damn thing was beeping it's ASS OFF. i had nothing to do with it. As soon as the product hit the table, it beeped like mad. i got written up.",youtube,SMQ9jIypeOA
Amazon is a PLANTATION.  Black folk especially should leave it alone. Dont buy from them. Do for self without Amazon.,youtube,SMQ9jIypeOA
They are never hiring in Houston. It's been saying the same message for years. How do people even get hired there?,youtube,SMQ9jIypeOA
How to get a warehouse job?,youtube,SMQ9jIypeOA
I’m a driver and it’s way better,youtube,SMQ9jIypeOA
amazon is evil and needs to be 100% eradicated. boycott amazon. if you knew their plans to destroy humanity you would boycott the crap out of them into bankruptcy. i hope the orca whales destroy jeff bezo's stupid yacht. #teamorca,youtube,SMQ9jIypeOA
This is bs. We get paid like crap and the work is insane. This place needs to be shut down,youtube,SMQ9jIypeOA
Worse company to work for,youtube,SMQ9jIypeOA
Amazon isn’t even that serious… the job is too easy tbh,youtube,SMQ9jIypeOA
Amazon is the most easiest warehouse I have ever worked at ever,youtube,SMQ9jIypeOA
They need a union,youtube,SMQ9jIypeOA
"Amazon is tough but I worked at the USPS. They put my ass working 12 - 14 hour shifts for 6 days straight. Amazon was wayyy more chill and compared to the USPS. If you’re a person who isn’t physically/mentally fit, you’re gonna have a difficult time no matter where you work.",youtube,SMQ9jIypeOA
This guy has never worked a Amazon job,youtube,3khYEx0raIM
So this is hell.,youtube,3khYEx0raIM
Life sucks...... And then you die 😂,youtube,3khYEx0raIM
Make RATE!!!!!!....or your out of a job 🤣🤣🤣,youtube,3khYEx0raIM
Oh my good this is so true 😂,youtube,3khYEx0raIM
"FedEx is also a joke. Most shifts are like 2 hours and these clowns are concerned about time theft. Nothing works and nothing gets updated. Seriously, don’t apply here. The drive isn’t even worth the gas spent. Pathetic.",youtube,3khYEx0raIM
"Unionize
Eat The Rich",youtube,3khYEx0raIM
4:03 accurate,youtube,3khYEx0raIM
🤣🤣🤣,youtube,3khYEx0raIM
"After being a retail worker, then a nurse: going to a warehouse / factory was the best move ever lol",youtube,3khYEx0raIM
this is my life now wish me luck,youtube,3khYEx0raIM
I worked at a pretzel warehouse and it was extremely depressing.,youtube,3khYEx0raIM
"The Section managers using the God card . By pummeling our ears with local commercial radio over the warehouse tannoy systems .

Same adverts hour after hour",youtube,3khYEx0raIM
Anyone else heading to work at there warehouse job too I work at chewy,youtube,3khYEx0raIM
Lmfao 3:17 3:17 3:17 3:17 3:17,youtube,3khYEx0raIM
Brilliant 2:23 2:23,youtube,3khYEx0raIM
"🐖 🐷 🐽 🐗 1:27 1:27 1:28 1:28 sandy
Y at Amazon 1:46 1:46 1:47",youtube,3khYEx0raIM
Exactly 💯 💯 💯 💯 💯 💯    it's a 15 minute walk 1:19 1:19 1:19,youtube,3khYEx0raIM
Working sucks get on unemployment,youtube,3khYEx0raIM
Yep day after lifesucking day! ☹️,youtube,3khYEx0raIM
Noone is gonna mention the scanners being incredibly stupid or bad?   Or just straight up not being able to scan the barcodes for litterally no reason.  The IT system having completely miscounted and giving you an unfinishable order?   And so much more.    Been to many warehouses as a temp worker and its nothing but IT problems and management software constantly having a stroke,youtube,3khYEx0raIM
It's ok when your young,youtube,3khYEx0raIM
"Bro needs to sleep earlier, he’s got more bags than Bezos himself",youtube,3khYEx0raIM
4:12 Mojak 🤣🤣,youtube,3khYEx0raIM
"I quit Amazon first day too, zero regrets.",youtube,3khYEx0raIM
"I loved working at a bread warehouse when I was younger. Only had one co-worker to deal with as the boss rarely came in. When he did he liked how we worked and had no issues with our performance.

Job was nice and kept me active, but didn't pay enough so I moved on. 

Working for a casino as a supervisor and making good money. Not 6 figures, but still good.",youtube,3khYEx0raIM
"at least this guy drives, imagine going there by public transportation",youtube,3khYEx0raIM
My Amazon warehouse I work at is pretty nice they give us 15 min breaks extra 5 for the walking and everyone is very nice to each other like I may have gotten frustrated with like one-two people but waters under the bridge aside from that everyone I’ve worked with for the most part is really cool,youtube,3khYEx0raIM
Working at UPS before that break thing just brought trama. The 15 minute break was literally only long enough to walk to fill up your company provided gallon water jug and go back to my truck to unload most days 😭🤦🏾‍♂️ maybe id switch it up and take a leak 😤😂,youtube,3khYEx0raIM
WTF was that cage @4:33 they put him in??!!! LMAO~~!!!!!,youtube,3khYEx0raIM
As someone who had the dismay of working at an Amazon Fulfilment center for over a year this is scary accurate,youtube,3khYEx0raIM
Working in a warehouse and working in an Amazon warehouse are two different levels of modern slavery,youtube,3khYEx0raIM
Brush if we got fired we're the he'll a we going to find a job,youtube,3khYEx0raIM
You people are so incredibly lazy. My god,youtube,3khYEx0raIM
"i used to work in factory before. i need to get up from bed at 4 am, my shift start at 5am. this video is so truee abt the alarm and staring nothing outside the window. i need to work 5 hours non stop before break. i thought its okay but when i leave this job, i realise this is so fking tired. i will never work at warehouse/factory again. its like a jail. ouhh…every factory, there always have old people who work more than 15 years😂 its so funny but at the same time its sad. if they quit this job, what will they do? they are too old to get other job right?😢 i really respect old man who work so many years at the factory. the last thing, admin should put the scene when we watching friends story, they go travel anywhere and having a good time while we work everyday. i promise, it will relate every person 😂",youtube,3khYEx0raIM
5:19 every person ive met that looks like the guy on the right was a major weirdo and they always had some kinda weird ego to em like just lookin at that character makes me mad 💀💀💀💀💀,youtube,3khYEx0raIM
"If you watch a video like this you see how crazy our worksystem is. All we do is work our a**** off. For what? Good video by the way, it really is a eyeopener.",youtube,3khYEx0raIM
I'm so happy I decided to go to school for HVAC and got out the rat race,youtube,3khYEx0raIM
"I've worked in warehouses in the past and when I was in between jobs, last time was around 2016-2017. There were places that I looved and others that I hated, it all depends on what your supervisors and colleagues are like. Taking a leak is always an issue, I remember working in a warehouse where the supervisor had to scan his card to open a door that led to the toilets, and he was typically in a forklift 600ft away when you needed to go! Nevertheless, the warehouse jobs are pretty much stress-free. Granted, they can give you targets on how many pallets to sort and then manipulate your workload so that you have to walk half a mile to find the correct cage/box, but it's generally easy to pull through the shift.  The only stress I had was clocking in on time, and that was it. Office jobs are far more stressful.",youtube,3khYEx0raIM
I did this Job for years ..i know this feeling,youtube,3khYEx0raIM
"This is brutally acurate, you have worked in one for shure.",youtube,3khYEx0raIM
Only a fool works there under those conditions.,youtube,3khYEx0raIM
They must have modeled it after the post office 🤣,youtube,3khYEx0raIM
"I don't even know how I managed to land the warehouse job where I'm at in a red state, but we get two 15 minute breaks and a paid 30 minute lunch to be taken at the employee's discretion. Breaks and lunches are not timed, you do have to punch out/in for lunch but you can do that anywhere in the facility through your phone. Hour long lunches are the norm and so many people sit in the break room for so long. I've been promoted up to a pretty cushy position where I don't have to do as much physical labor and I can just watch videos all day on my phone while scanning material.",youtube,3khYEx0raIM
Brotha this is so real 😂😂😂,youtube,3khYEx0raIM
Brilliant 😂. I'm very pleasantly surprised that you use the real Amazon name though  - thought Bezos lawyers would be all over you threatening to sue your ass!,youtube,3khYEx0raIM
"Most warehouse work in UK is shit. I worked at Next near Doncaster the bigest Next warehouses in UK. I workes there by 3years in 12h shift. And I not appreciate this job I had contract there excelent as for warehouse working conditions, managment was good but sometimes piss me off the fact since that 3 years of work I had 5 managers I was lazy and stupid and now I am in hell in comparison to next when conditions of work was luxury : canteen with hot cheap meals, you allow to listen music on earphones, even NEXT has their own warehouse radio station when workers sending music by the app,you get free wi-fi in warehouse, sometimes they played polish songs,break whatever you want, now this is nightmare: ""Evri"" parcel sortation depot, people are friendly but is cold place,highbay gates are open all the time so temperature is like outside (Is winter) is like freezer, like inmate you standing near line which is stop only for break, you have only one break 30 min after 6 hours of starting your work, people cheerfully shouting ""breaktime"" OMG poor people and you working 12h (this break in upaid), safety shoes no mats under your feet, heavy lifting, starving just 3 types of chocolate bars and no sandwitch in vending machine toilet only during break you cant leave your line , no phones no earphones ) fortunately is just agency I dont have contract there I cant imagine how people can work in that conditions even place looks like it not seen renovation by 100 years😂 i dont know how people agree for that slavery and taking contracts, if you dont like yourself and you are hardworking no ambicious idiot that job is for you 😂",youtube,3khYEx0raIM
I don’t mind working at Amazon . I do problem solving which is easy and relaxing job . All I have to do is be on the laptop and fix the item issues,youtube,3khYEx0raIM
I worked at one for a year while in college and it tight me a lot about life and was character development time of my life for real,youtube,3khYEx0raIM
"At least the good thing is i dont need to speak with customers all the time or at all. I love warehousing, I've done a cert II and III in supply chain operations (warehousing). it's too much hard work, tough titties. Im actually going to work in a big warehouse soon as this video doesn't convince me not to do warehousing. What a load of BS most of the things in this video is unaccurate, and everyone has different experiences and priorities in life. Constantly bringing up that its hard work suck it up, buttercup gotta get off your arse at some point. Lifes not always comfortable. Get out of your comfort zone. Think of it this way building your career in the warehousing industry leads to better roles like the supervisor or manager or a ceo leads to better pay like $200 000 AUD a year. Think of warehousing as a base of operations like imagine it. I have Autism and i am very imaginative about running operations",youtube,3khYEx0raIM
I love Wojack.,youtube,3khYEx0raIM
ambassadors be straight cheeks…,youtube,3khYEx0raIM
"I started my warehouse job almost a month ago, I am fortunate enough to have an easier time and schedule. The break room is like a 3 minute walk, people are nice, and we have supervisors that actually know what they’re doing. Idk about the whole break and being late thing since I was 20 minutes late one day and I didn’t even get punished for it but still it’s okay. I’d say it’s pretty decent for me but the toll on your body is there. Easy but repetitive is what I would say this job is.",youtube,3khYEx0raIM
I cannot believe how fucking relatable this was. 👏,youtube,3khYEx0raIM
Pure HELL,youtube,3khYEx0raIM
"AHHHHHHHHHH!!! 

*Me clocking in at work every Monday*",youtube,3khYEx0raIM
Wait until you work in developing countries coca cola or other textile factory it's even brutal you are almost always overtime without pay almost always plus even  the main wage most of the time they don't pay,youtube,3khYEx0raIM
"im suprised noone mentioned the bootlicker at these warehouses ,seeing the boss pretend to work extra hard like they get brownie points or something",youtube,3khYEx0raIM
I just started at Amazon and this is very accurate,youtube,3khYEx0raIM
"Young generations in the West are having it tougher than their parents. The East, however, has improved, they used to endure conditions akin to slavery. The world is changing, but for most of Europe and the US, not necessarily for the better.",youtube,3khYEx0raIM
"If you have to take a crap, good luck ….every toilet will have some lazy bum sitting on it playing with their phone to hide from work",youtube,3khYEx0raIM
damn…the amazon warehouse i work at is extremely chill…rip to yall in the comments,youtube,3khYEx0raIM
It might be bad but it can be a lifeline for some people who just can't get another job or just arrived in the country. At least till they can get back on their feet.,youtube,3khYEx0raIM
For my morning job I work at FedEx. All I do is unload trucks. It's pretty easy.,youtube,3khYEx0raIM
"That's like that in any warehouse. managers are dicks, and the warehouse is freaking huge to walk around all day long to get stuff done , breaks, bathrooms and if you are sick well no one cares!",youtube,3khYEx0raIM
"20 seconds in and I already have crippling depression and anxiety. Being a warehouse wagie is literal hell, the sooner you find an actual decent job with meaning, the better for your sanity.",youtube,3khYEx0raIM
Getting my life together but i was honestly happier as a homeless person than working at amazon,youtube,3khYEx0raIM
"I currently work at an Amazon warehouse, and the job is extremely demanding. My shift is 10 hours long, often overnight, and I frequently feel very sleepy while standing at the belt and picking packages. In addition to the long shifts, I have a total commute of about 3 to 4 hours each day, which makes the schedule exhausting and physically draining. At times, the workload and schedule feel overwhelming — almost like modern-day slavery due to the intensity and lack of rest.",youtube,3khYEx0raIM
"Damn this is so real jobs will take everything from you. If you need a sign to quit, quit explore other options",youtube,3khYEx0raIM
DO ONE ON DRIVERS,youtube,3khYEx0raIM
true masterpiece 👍,youtube,3khYEx0raIM
"One door shuts, another door opens up for new opportunities 🙌 
God IS abundance",youtube,3khYEx0raIM
"Not to worry,  yall are all about to get fired.",youtube,3khYEx0raIM
Why are the working conditions so bad. Sounds illegal to me.,youtube,3khYEx0raIM
i hate when they hire students,youtube,3khYEx0raIM
Did part time amazon warehouse at night for 3 months….. never again .,youtube,3khYEx0raIM
My previous warehouse job was super chill but the warehouse I'm at now you get two 10 minute breaks and one 30 minute break plus you have to work 72 hours a week,youtube,3khYEx0raIM
This wis hilarious!! If you don’t like to be wagie  😂  then start Tech career or become an entrepreneur let’s see how long you last before you give up!! Peasant always want handle outs!!,youtube,3khYEx0raIM
Don’t forget about the staff having sex with each other,youtube,3khYEx0raIM
"Good God, the memories from '93 to '07. Before the digital take over and automated belts. Hand pulling a loaded down heavy pallet jack for miles pulling orders in a filthy sauna 12 hours each night.
 Oh, it's Friday night? Where is the crew, they  never show up but those cases need to be pulled. Hey can you come back in a few hours to load the trucks for us? Asshole supervisors that play favorites with the most worthless, third world fill in temps, watching girls get hired the same pay and then 5 days later go on light duty and suddenly be a counter checker underneath the fans up front. I am so glad I am done.",youtube,3khYEx0raIM
Every time I go to Walmart everyone looks like they want to kill themselfs….especially the people you can tell that work in the back warehouse.,youtube,3khYEx0raIM
No female workers?,youtube,3khYEx0raIM
"They didn’t mention the part where it takes 10 mins walk to get your food, heat and eat and then 10 mins walk back before starting work again on your 30 mins lunch time.",youtube,3khYEx0raIM
You forgot when boss speaks rudely to me,youtube,3khYEx0raIM
"This is exactly why I quit warehouse work, and started full time study. Break the cycle. 🎉",youtube,3khYEx0raIM
This is giving me PTSD,youtube,3khYEx0raIM
I have done Amazon jobs Amazon flex. And I felt literally like a slave. I had one awful day wear I was so exhausted I vomited. Then shift leader asked I would work overtime when he saw me get sick. Yes I walked off the job,youtube,3khYEx0raIM
"They forgot the part where the entire company slowly got taken over the years by non English speaking Spanish people, and now you're lonely at work because you can't talk to anyone, or understand anyone.",youtube,3khYEx0raIM
And the truth is: Amazon is ranked as one of the worst companies on Planet Earth.,youtube,3khYEx0raIM
So accurate,youtube,3khYEx0raIM
🤣🤣😆😝,youtube,3khYEx0raIM
Arbeit Mach Frei😂😂😂,youtube,3khYEx0raIM
I work in a warehouse.....its a death camp😂.only been here for 3 months and im 59.wont be there next month......total fun desert😂,youtube,3khYEx0raIM
I worked in an amazon distribution center for around 4 hours a few years back. I was 3 hours and 15 minutes too long. That company will destroy your soul,youtube,3khYEx0raIM
"People always bitching about,  ""it's a job"". I really need them to work at Amazon for a month,  IF they can make it. They also don't talk about the ""helpers"" that track your ass and come out of NO WHERE to offer ""help"" on making you work faster.  I hated that place so bad.",youtube,3khYEx0raIM
Worst company Amazon,youtube,3khYEx0raIM
That s not accurate,youtube,3khYEx0raIM
I miss warehouse especially night shift. The women become a bit desperate 💀,youtube,3khYEx0raIM
Usually rude arrogant and and thick,youtube,3khYEx0raIM
So glad to be done with that depressing job,youtube,3khYEx0raIM
Airpods??,youtube,pqdzy0l0yRc
Even three years later sounds like good information I start Wednesday 19th 2025 in Delaware so I i will let you know if your information still applies.,youtube,pqdzy0l0yRc
"I’m starting today , most people who I’ve watched don’t work there anymore , tips and the knows really help.",youtube,pqdzy0l0yRc
"Hey girl. I start Amazon soon. A sortation warehouse worker. Only doing 4 hours per day, 16 hrs per week. The perfect shift for me. I suspect I can handle any of the issues others have simply bcuz im only doing 4 hrs. Thanks for the tips.",youtube,pqdzy0l0yRc
"Excellent video!!! To caveat, if you’re a stower, be mindful of having stow parties…they’ll send you to another floor where it’s all dusty with no one around😂😂",youtube,pqdzy0l0yRc
You really breaking this information down  💯,youtube,pqdzy0l0yRc
Hi I love your videos I would appreciate if you can help me I just applied for Amazon warehouse operator and I don’t see and shifts how long it takes to come as well when I want to schedule my times I don’t understand the numbers . Thank you,youtube,pqdzy0l0yRc
"@mayaamc hello if I could ask a couple of questions please  
Is it true that they give you a hard time if you have to use the bathroom? What if i have to go when it's not break time?
How do they decide which dept you work in? Do they take your input on where you would work best?
Which dept would you recommend for someone that isn't super fast?
Thank you for the video!!",youtube,pqdzy0l0yRc
"Thank you Mayaamc. I'm about to apply for an Amazon job so this video is very helpful to me.
I'm retired and worked in a factory all my life. I know having comfortable work shoes or boots are critical no mater the cost. 
Dr Scholl's circulatory socks! Even reading this aloud is so hard! LOL, great tip thanks again.",youtube,pqdzy0l0yRc
How to survive at Amazon: Don’t be ghetto.,youtube,pqdzy0l0yRc
This is a great video.. I start at the new robotic center in Daytona July 30th...... I forgot to ask them when I was there can you listen to music in your headphones? Or in one year.. thank you for helping us,youtube,pqdzy0l0yRc
How can i apply for amazon warehouse jobs,youtube,pqdzy0l0yRc
hi im one of your followers can you help me find this job please,youtube,pqdzy0l0yRc
I like Amazon this my second day there an I love my position and team,youtube,pqdzy0l0yRc
U can definitely wear daisy dukes and spaghetti straps at Amazon 😂. I see it daily. U just can’t wear loose clothing,youtube,pqdzy0l0yRc
ty sis i start in 6 days,youtube,pqdzy0l0yRc
Amazon fired me in October and rehired me again in the month of May 😅,youtube,pqdzy0l0yRc
"i work at a new warehouse and it's the best ❤❤❤ Many opportunities, i am learning ambassador now",youtube,pqdzy0l0yRc
❤❤❤❤❤❤❤❤❤❤❤❤❤❤❤❤❤❤❤❤❤❤❤❤❤❤,youtube,pqdzy0l0yRc
I received an Amazon flyer mentioning me mechatronics and robotics. How do I get there?,youtube,pqdzy0l0yRc
"hi, i also new joined amazon",youtube,pqdzy0l0yRc
I literally love this women she knows how to simply break it down without anyone being confused,youtube,pqdzy0l0yRc
"11:39 thanks for the tips 😊can u talk abt this subject u mentioned when u took a ride up I don’t really understand can u explain it to me please , thanks",youtube,pqdzy0l0yRc
"They do not allow anyone to brong a waters bottle into the floor. I worked there in 2029
 
Mba overqualified!",youtube,pqdzy0l0yRc
"Not true!  Theyv don't allow anyone to beong in a water bottles.  And they do not allow anyone to Leave t e packaging station. 
If you leave to pee or get water its consid we ed off tasks
I am 50 mow.

I was hired in 2019 at 43. 
No wayvwas i going to continue to work thrre leabing home  at 420am! Park at 640am  walk far to front door. Clock in 6am.  Need to pee at 645zm 
Told to judt hold it to 9am  
Fuck you jeff!  Suck my clittt! 

No way was i going to stay there  
No way  
I worked yo 630pm. 

I got hom at 8pm  
Bed 9pm
.
No fast food! 

They said we are Going to 15 hr days and stat at 6am snd works to 830pm

Not with me 

Im not getting up at 230am to leave at 330am to park by 450am  clock in 530sm & work to 830pm  get home 10pm.  Eat when? 1030pm? 
Fuck your mother jeff 
Sheet  

6 days i left.

Im over qualified!   Mba",youtube,pqdzy0l0yRc
15 second stretch break? This just seems like really good advice to survive under horrible conditions. I'm looking into ways to not use Amazon anymore. Or at least to use it in a way that causes workers less pain damage and PTSD. It sounds like an absolutely horrible place to work! Like I said I'm looking to buy things elsewhere now.,youtube,pqdzy0l0yRc
What is the pay,youtube,pqdzy0l0yRc
You're too cute.,youtube,pqdzy0l0yRc
"It has gotten a lot better over the last year. You can socialize based on what department you work in. If you wanna talk you need to water spider, or work on the dock. Or ICQA in my opinion.",youtube,pqdzy0l0yRc
Nice Video love from Bayern Germany,youtube,pqdzy0l0yRc
"My tip- Work for another company, that works in the Warehouse. I work for SBM, as a recycling technician. I'm left alone. No one micromanages me. My managers encourage me to take breaks if needed. I just drive a PC lift around and gather Coragate and Trash bins, and run them through the compactor and baler.",youtube,pqdzy0l0yRc
"👍very good video presentation, keep up the good work.",youtube,pqdzy0l0yRc
What’s the app for the socks plz,youtube,pqdzy0l0yRc
"It's not about safety. They don't want to be ensued by you. That's what it's all about. They're protecting their interests. It's not about safety, but b*******",youtube,pqdzy0l0yRc
"They should get the shoes for free, not after you nothing. They should get the shoes for free and a story cause you're making them rich. I cannot understand the new fools working for Amazon, but AH they're on, so I love you fools like those couple jobs and that's fine, stay there and be a slave c*** careless.",youtube,pqdzy0l0yRc
"I won't be sure without cause I won't be working there. No, thank you, no, no, no, don't slave labor for me.",youtube,pqdzy0l0yRc
"I don't give a d*** I don't Remember what for anyone house of any kind UPS Amazon. Any of those places? I slave labor slave labor but loving you. Fools are attracted by the money. They can keep that big money. I'm not trying to be enslaved. No, thank you. I like my freedom too much.",youtube,pqdzy0l0yRc
I really appreciate u definitely relieved after this❤,youtube,pqdzy0l0yRc
"I work at fulfillment in customer returns. They look at idle times. Got in trouble for idle time on my first day because I wasn't trained about creating an andon. I stood at my station looking for a learning ambassador, for a problem that came up.",youtube,pqdzy0l0yRc
❤Thank you so much,youtube,pqdzy0l0yRc
so I'm aware that they don't want long necklaces but is a chocker with a pendant Oki?     like how many inches max should a necklace be?,youtube,pqdzy0l0yRc
Thank you very helpful I start this evening at 6:30pm until 5:00am,youtube,pqdzy0l0yRc
"This has to be one of the best,
Amazon videos on Youtube. 
You were very informative.
Sidenote/ What color did you 
use,on your hair?",youtube,pqdzy0l0yRc
Wow I just started a month ago and you are dead spot on sister and I like your style gurl and your drive and positive videos not so.e dumb ass booty shakin or whatever silly tik tok shit ..i admire you making informative productibe videos so yeah ..n to ne respectfulky honest its really attractibe and it dont hurt that you are physically beautiful naturally .i mean you def a queen ..damn I hope u are being treated like rhe diamond you are ..if not hit me up Id luv to conversate,youtube,pqdzy0l0yRc
How you got written up if you were aware of the sign on sign off ?,youtube,pqdzy0l0yRc
I rather work by myself. Having someone next to you talking can slow you down.,youtube,pqdzy0l0yRc
Thanks currently working a 10 hour shift at amazon rn its my day off just taking these tips because I've been struggling with tiredness and grumpiness these past two weeks 😭,youtube,pqdzy0l0yRc
What is an order sorter?,youtube,pqdzy0l0yRc
"This job seems just right for me, thanks!",youtube,pqdzy0l0yRc
What kind of shift goals do you get to hit?,youtube,pqdzy0l0yRc
"Couple questions, can you use headphones? Can you take your phone, can you take a fan, is there plenty of parking? What kind of snacks can I take? Is there a McDonalds near by? Can I use my license as a form of identification? Do I have to work overtime? Can I work if I’m pregnant? How many breaks can I take? What time is lunch? Do they offer counseling? Where do I get work shoes? Can you send me the link for work shoes? Can I walk to work? Are pets allowed, I have a pet bird. Do your co workers work multiple jobs, if so, are they tired? What shows are good on Hulu? Can I borrow your car?",youtube,pqdzy0l0yRc
And how much they paayy 🥹,youtube,pqdzy0l0yRc
Is there air conditioning in the warehouse?,youtube,pqdzy0l0yRc
"One time, I used to work at Amazon. I am too responsible. I accidentally scanned my card on my second break.😂",youtube,pqdzy0l0yRc
Whats the worst job there?,youtube,pqdzy0l0yRc
Ik because of so many people being hired there’s bound to be a lot of people that talk bs but it’s nice hearing some real facts from someone. I really loved this info,youtube,pqdzy0l0yRc
Hey nice review. I'm thinking about working at an Amazon warehouse part time as a second job. I have a degree in Math and I work as an IT Specialist but my take home pay is only 61k a year. My rent and car payment alone eat up most of my paycheck. I really have nothing to do on weekends so this may be a great way to earn extra cash 👌,youtube,pqdzy0l0yRc
I never hear about overtime. Do they offer any?,youtube,pqdzy0l0yRc
I knew a bunch of people who literally were smoking blunts on their breaks might just of been the warehouse but I don’t think they care much,youtube,pqdzy0l0yRc
2-15s and a 30. stowing and picking. Week 3 I’m still sore 😅.,youtube,pqdzy0l0yRc
Thank you for this information it was really helpful ❤,youtube,pqdzy0l0yRc
"I worked at Amazon back in 2022, and let me tell you, the job was super easy . Its standing at 1 spot for 10 hours killed me feet. i also noticed it was like high school, and some older people tried to act young 😂  i really did not talk to anyone just because I  to myself all the time, but it was a different experience working there.",youtube,pqdzy0l0yRc
Im near 4 years 😂 easy company to work for you basically have to do nothing to get Fired they are very lenient. The first month will be hard for you all. Try to find the right shoes. This is the most important thing.,youtube,pqdzy0l0yRc
"That's another thing. I don't really like socializing. The only time people can't really try to socialize with me is when i'm in problem solve. On the floor, they always find a way. Lol",youtube,pqdzy0l0yRc
"I applied for a job at Amazon xl warehouse this morning and it seems like I may be getting the job...? there's no interview..? There was a checklist of things I needed to get done uploading photo, I-9, etc. However, it shows that I have selected my shift (2am-7am) I didnt select that shift really....would that be the actual shift for the job? It says it flexible schedule...would love to change as thats really too early. Do you think I will be able to change? Any such experience?",youtube,pqdzy0l0yRc
Thanks for this video,youtube,pqdzy0l0yRc
I have social anxiety so this job will be good for me☺️,youtube,pqdzy0l0yRc
Can you listen to music/use airpods while working?,youtube,pqdzy0l0yRc
can you do a video on the easiest jobs at amazon,youtube,pqdzy0l0yRc
Hi I came across your video and I just started working for Amazon and I have to say that this was very helpful and I have some questions about the break and I thought that they go by the time you clock out I didn't know that it went by the last item you scan and on the A to Z app I see that my upt is in the negative like how can I fix that or who do I talk to about that,youtube,pqdzy0l0yRc
"For the D*** test, in California, since they made MaryJane legal for recreational use they haven’t tested since then, I’ve been working at Amazon on and off since 2018 and I smoke to be able to sleep and I’ve never failed a drug test, but I also don’t smoke too often, but if anybody is wondering or scared, you’ll be fine! Just don’t smoke before without brushing your teeth if you have anxiety about it, that should help.",youtube,pqdzy0l0yRc
I like her so I watch her videos,youtube,pqdzy0l0yRc
"Tip 1, don’t work there.",youtube,pqdzy0l0yRc
Thanks for this it was useful.,youtube,pqdzy0l0yRc
"I John 2:16-17, NIV. ""For everything in the world—the cravings of sinful man, the lust of his eyes and the boasting of what he has and does—comes not from the Father but from the world. The world and its desires pass away, but the man who does the will of God lives forever.""

Revelation 7:9 – “After this, I looked and there before me was a great multitude that no one could count, from every nation, tribe, people and language, standing before the throne and in front of the Lamb. They were wearing white robes and were holding palm branches in their hands.”

1 Timothy 2:5-6
5 For there is one God and one mediator between God and men, the man Christ Jesus, 6 who gave Himself as a ransom for all—the testimony that was given at just the right time.

𝐉𝐄𝐒𝐔𝐒 𝐂𝐇𝐑𝐈𝐒𝐓 𝑜𝑓 𝑁𝑎𝑧𝑎𝑟𝑒𝑡ℎ,  fully GOD, fully Man ⁽ᵇᵒʳⁿ ᵒᶠ ᵀᴴᴱ ᴴᴼᴸʸ ˢᴾᴵᴿᴵᵀ ᵃⁿᵈ ᵒᶠ ᴹᵃʳʸ ᵗʰᵉ ᵛᶦʳᵍᶦⁿ⁾ and sinless, walked on earth, performing miracles and many wonders proving HIS deity, died a bloody death on the Cross for our sins. Without JESUS CHRIST dying for you and me, we were sentenced to the death penalty of eternal separation from CHRIST, and HELL, which was a place prepared for the Devil and his angels. It is a fiery pit full of blackness and darkness, gnashing of teeth, eternal torment and punishment. In other words, YOU DO NOT WANT TO GO THERE...but that is the sentence that we all deserved because the wages of sin is death. GOD came up with a Master plan to save us and give us REDEMPTION through 𝙏𝙃𝙀 𝙇𝙊𝙍𝘿 𝙅𝙀𝙎𝙐𝙎 𝘾𝙃𝙍𝙄𝙎𝙏. And CHRIST took our sins on HIS own body, receiving the punishment and wrath of GOD which was due to us. So our sins were imputed on HIS body at the CROSS, and HE died, was buried in a tomb which was sealed off, and resurrected on the 3rd day seen by Peter and then 12 disciples, over 500 witnesses, James HIS brother and the Apostles, HE ascended up into Heaven before many to sit at the Right Hand of THE FATHER in Heaven. This means that GOD accepted HIS sacrifice on the Cross for our sins. This means that when JESUS CHRIST returns, we will be caught up with HIM and have immortality with HIM, back in fellowship as it was in the Beginning of Creation, in HIS PRESENCE, seeing HIM face to face, know HIM as we are known by HIM. No hatred, crime, wickedness in sin. No more tears, no more pain, perfect peace and Harmony with OUR GOD THE FATHER, THE LORD JESUS CHRIST, HIS HOLY SPIRIT. No one else but JESUS CHRIST could die for our sins, because HE was sinless and perfect. So when we believe in JESUS, we are no longer on death row, we are spared from the death penalty and JESUS CHRIST, and HIS Righteousness is credited to us. 

1 John 4:14-15
14 And we have seen and testify that the Father has sent the Son as Savior of the world. 15 Whoever confesses that Jesus is the Son of God, God abides in him, and he in God.

Acts 4:11-12 
11 This is the ‘stone which was rejected by you builders, which has become the chief cornerstone.’ 12 Nor is there salvation in any other, for there is no other name under heaven given among men by which we must be saved.”

""Fear God, and give Him glory, because the hour of His judgment has come; worship Him who made the heaven and the earth and sea and springs of waters.""

Proverbs 28:13
He who covers his sins will not prosper, But whoever confesses and forsakes them will have mercy.

Psalm 86:5 
For thou, Lord, art good, and ready to forgive; and plenteous in mercy unto all them that call upon thee.

Romans 10:8-13 
8 But what does it say? “The word is near you, in your mouth and in your heart” (that is, the word of faith which we preach): 9 that if you confess with your mouth the Lord Jesus and believe in your heart that God has raised Him from the dead, you will be saved. 10 For with the heart one believes unto righteousness, and with the mouth confession is made unto salvation. 11 For the Scripture says, “Whoever believes on Him will not be put to shame.” 12 For there is no distinction between Jew and Greek, for the same Lord over all is rich to all who call upon Him. 13 For “whoever calls on the name of the Lord shall be saved.”

Ezekiel 33:11 
11 Say to them: ‘As I live,’ says the Lord God, ‘I have no pleasure in the death of the wicked, but that the wicked turn from his way and live. Turn, turn from your evil ways! For why should you die, O house of Israel?’

Isaiah 55:6-8
Seek the Lord while He may be found,
Call upon Him while He is near.
Let the wicked forsake his way,
And the unrighteous man his thoughts;
Let him return to the Lord,
And He will have mercy on him;
And to our God,
For He will abundantly pardon.",youtube,pqdzy0l0yRc
I wore converse the first two days of picking. Big mistake.,youtube,pqdzy0l0yRc
"I'm starting Sunday. What I am worried about is the fact I am a type 1 diabetic, and I need to have my insulin and glucometer with me at all times, and test my blood sugar pretty frequently. Maybe every 2 hours. Will they let me carry my insulin in a fanny pack or something? Will I have to get a doctor's note? How would I do this over the weekend when my doctor's office isn't open? D:",youtube,pqdzy0l0yRc
Do they respect disabled workers?,youtube,pqdzy0l0yRc
"Working at Amazon was the worst choice in my life! It's so bad! It is better to work at fast food! The Amazon I work at was super immature and always had to deal with the yelling, cussing, and threats made against me because I refuse to do cocaine with them in the parking lot! I was let go because of that! So many felonies, druggies, and pedophiles! Also I wanna note supervisor was also mad and hated me because I refuse to let his white fatass to sleep with my 11yo daughter! He kept bugging me everyday about it!",youtube,pqdzy0l0yRc
I thought we can do as much hours we want to work is it real you can't work more then 60 hours?,youtube,pqdzy0l0yRc
Thanks so much! I'm gonna start working next week and even though I'm very sure about my abilities and limits it's absolutely helpful to find insiders that give you some advice to excel and I found that today with your video! Greetings from Las Vegas!,youtube,pqdzy0l0yRc
Has anyone worked at a non sorting Amazon Warehouse? There’s no robots there,youtube,pqdzy0l0yRc
Best way to survive: dont start working there!,youtube,pqdzy0l0yRc
Thanks,youtube,pqdzy0l0yRc
hi if i can't speak or understand English am i able to work in amazon?,youtube,pqdzy0l0yRc
"There is a new Amazon that open near where I live and wanted to apply but I can’t seem to find it in the Amazon job website 
Do you know where else I could apply?",youtube,pqdzy0l0yRc
To work in a delivery station do you have to pick up extremely heavy items I am 60 years old but I'm pretty active,youtube,pqdzy0l0yRc
I’m wanting to hopefully lose my baby weight here my nigga acting funny is this a good job for that?,youtube,pqdzy0l0yRc
I wonder do all sundays are mandatory?,youtube,pqdzy0l0yRc
This was very very helpful I start Saturday!,youtube,pqdzy0l0yRc
Hw did u join amazon warehouse any agent r  direct recruitment,youtube,pqdzy0l0yRc
You gunna make more on onlyfans just quit amazon slavery,youtube,pqdzy0l0yRc
Thanks boss,youtube,pqdzy0l0yRc
Why do you need a clear water bottle vs not clear?,youtube,pqdzy0l0yRc
Why do they make you take a test before you start working at Amazon,youtube,pqdzy0l0yRc
Thank you I have been kind of wondering about some of these topics that you touched on my first day is 11/12.. thank you for sharing,youtube,pqdzy0l0yRc
I’ve done Amazon flex in the past but how do I apply to work at a Amazon warehouse??,youtube,pqdzy0l0yRc
I start on Saturday. Thanks for the tips and info. Much appreciated. I'm doing fulfillment center. Fun fun.,youtube,pqdzy0l0yRc
"Be cautious of scammers who may ask you to message them on telegram or privately in the comment section. They are not affiliated with me. Please be aware of this.

To obtain a professional CV overhaul in the Health Care Assistant, Customer Service Representative, and Human Resources sectors in an international format, please click on the link below: https://forms.gle/KcEWrenCZ871BUWh7.

If you wish to contact me, please send an email to faithjobseeker@gmail.com.",youtube,L-sK2vdmO1Y
❤❤😊,youtube,L-sK2vdmO1Y
I love working at Amazon .but I moved from Tennessee to Texas. Last month I tray requirements. Then I fell the exam. So now I can't     work. How could again chance?,youtube,L-sK2vdmO1Y
Here’s one of the problems that can be fixed.  Don’t drink or eat sugar at work it will cause you to crash.,youtube,L-sK2vdmO1Y
"So proud of you, dear 👍🏻👌🏼",youtube,L-sK2vdmO1Y
Salary per month $,youtube,L-sK2vdmO1Y
Mem your salary monthly,youtube,L-sK2vdmO1Y
Are you allowed to take your phone with you while working?.,youtube,L-sK2vdmO1Y
Hi is it just picking you are doing. Is it hard.,youtube,L-sK2vdmO1Y
Wished Jeff Bezoes would not have made wedding party with 39 gowns for his new wife in Venice but in his warehouse to see who makes him and her so rich and to celebrate with his real precious people. What a hard job. And you sound also very tired for good reason. Thank you for showing.,youtube,L-sK2vdmO1Y
Good job 👏👏👏 Don 🎉❤😂,youtube,L-sK2vdmO1Y
EXCELLENT VIDEO. BEAUTIFUL LADY,youtube,L-sK2vdmO1Y
Look like the same process as delivery station,youtube,L-sK2vdmO1Y
"I am working on work VISA through live and study in Europe for warehouse Amazon work in Poland, jindly advice me on the work",youtube,L-sK2vdmO1Y
"Really need some tips, about to start this job next week, never worked in warehouse before",youtube,L-sK2vdmO1Y
Hi this amazon sortation in Croydon ?? My husband working in tilbury amazon warehouse he want to move to this department,youtube,L-sK2vdmO1Y
Thank you so much for the video sister I have got something today that is going to help me,youtube,L-sK2vdmO1Y
I looking for a job please,youtube,L-sK2vdmO1Y
How much per hour,youtube,L-sK2vdmO1Y
Hey thanks for the hard work Faith you are inspiring ✊,youtube,L-sK2vdmO1Y
I used work at Amazon  last year yes I understand what said good job for you,youtube,L-sK2vdmO1Y
🥊🤠,youtube,L-sK2vdmO1Y
Looking forward to apply for a warehouse job in Germany,youtube,L-sK2vdmO1Y
"Did you know you can get fired for filming amazon warehouse,",youtube,L-sK2vdmO1Y
What warehouse is it. I did not catch it in the video. I have just applied for Swindon depot. Thanks for the video,youtube,L-sK2vdmO1Y
America has not gotten over it's addiction to slave labor.,youtube,L-sK2vdmO1Y
hi how you get this job,youtube,L-sK2vdmO1Y
I am planning to go to Africa Guinne Conakry this year to go build a jods training warehouse. Wish I could connect with you. W your experience will make things easier. I know that.?,youtube,L-sK2vdmO1Y
"Worked in a DS for 8 months. Absolute trash. For the most part waterspidered with 1 other guy when there should have been 2-3 more workers. Ended up having to do the bulk of the work unloading all the trucks, pulling empties, dealing with snobby unloaders. Then to end the shift Pick and Stage was the worst of all. Super congested, people everywhere with no awareness of their surroundings. Everyone is in the way. 3-4 people in each aisle trying to pick at the same time. 

Another thing I'll say is favoritism was terrible. The brown-nosers who created small talk with management always got favorable treatment. Hard work was rarely acknowledged.

I transferred to a fulfillment center. Much more peaceful with better schedule options. Making $24.30 now and get to work by myself. Just go in, grab my scanner, and work. I don't even have to deal with the managers. Also went through Career Choice and obtained my CDL",youtube,L-sK2vdmO1Y
What is the song?,youtube,L-sK2vdmO1Y
Best warehouse job 👍🏿👩🏿‍🦲🦵🏿💪🏿,youtube,L-sK2vdmO1Y
Hello is it a good place to work at when I move to a new place in Florida and I’m thinking about getting a job there,youtube,L-sK2vdmO1Y
Amazon wherehouse  is the Worst job ever.,youtube,L-sK2vdmO1Y
Please how do I apply for Amazon jobs  in UK from Nigeria,youtube,L-sK2vdmO1Y
"Can age 50 do this  job,I like the documentary",youtube,L-sK2vdmO1Y
we all work in the uk and have to have break at times,youtube,L-sK2vdmO1Y
i be hungry eating just bar drink,youtube,L-sK2vdmO1Y
how much did you get paid by the hour and could you do overtime or do 12 hours shifts per day or work on saturday and sunday??,youtube,L-sK2vdmO1Y
How you know what bin to put the package on,youtube,L-sK2vdmO1Y
Not you working at two different Amazon. You go girl. I lasted three weeks and I threw in the towel. Amazon can have that job.,youtube,L-sK2vdmO1Y
It's amazing. I like that job,youtube,L-sK2vdmO1Y
I am interested how to joining,youtube,L-sK2vdmO1Y
4years experience on Flipkart warehouse job from India,youtube,L-sK2vdmO1Y
Before do you have any experience,youtube,L-sK2vdmO1Y
Please give me a job too I am from India,youtube,L-sK2vdmO1Y
Are you in Germany?,youtube,L-sK2vdmO1Y
Are u allowed to work more hours if u want??,youtube,L-sK2vdmO1Y
"I like this kind of jobs, I like to be on my feet and active rather than being seated on front of a screen. I also like to handle things with my hands… may I ask you what’s the pay.
This was a very nice video, thanks for sharing it.",youtube,L-sK2vdmO1Y
"Wow.
Cool video",youtube,L-sK2vdmO1Y
"Thank you for showing this video... I have a idea now about work hard on Amazon warehouse. It's for me this job, I'm a yong man 😊",youtube,L-sK2vdmO1Y
No tip like in restaurants,youtube,L-sK2vdmO1Y
Wow,youtube,L-sK2vdmO1Y
That warehouse looks huge! I can't imagine doing problem solve in there.,youtube,L-sK2vdmO1Y
"I’m starting this soon, and got a good shift pay too. How much OT is available?",youtube,L-sK2vdmO1Y
I never knew about the lights. Makes the job so much easier.,youtube,L-sK2vdmO1Y
Close the bag,youtube,L-sK2vdmO1Y
Jobs like this are so easy to teach people and even tho they say you don't need experience and they will train you they still don't hire you sometimes because of your of lack of experience 🙄it's so annoying. That's why it's so hard to find jobs now days,youtube,L-sK2vdmO1Y
One of the hardest and boring work. Worked there for three months and could say that Fulfillment is much better than sortation!,youtube,L-sK2vdmO1Y
GET IT FAITH!!!!,youtube,L-sK2vdmO1Y
Ok when you scan it reflect on the storage of where to put,youtube,L-sK2vdmO1Y
"What 600 parcels OMG... YOO my love for you has increased muaaaaaaaaaaaaaah kiss❤❤❤ Faith you're very good , calm and sweet.... Wow  will chat you",youtube,L-sK2vdmO1Y
GOD BLESS YOU. YOUR HARDWORKING 🙏🙏🙏,youtube,L-sK2vdmO1Y
How to get this job sis plz tell me,youtube,L-sK2vdmO1Y
"ohhh that's what i'm doing as well. :) thanks for the vid, i can show other folk as well what we do. :)",youtube,L-sK2vdmO1Y
How much do they pay u though,youtube,L-sK2vdmO1Y
Its Like Picking??,youtube,L-sK2vdmO1Y
So are you picking ?,youtube,L-sK2vdmO1Y
It is sorting center,youtube,L-sK2vdmO1Y
Iam also wroking amezon wer house associate from andhrapradesh state...... From india,youtube,L-sK2vdmO1Y
So y'all don't use smart carts?,youtube,L-sK2vdmO1Y
HI I am from India and i am 43years old  i have ECR possport and my edu is 9th pass can i apply for forklift full time jobs in warehouse and without any english test. what is procedure for applying and which visa can apply ?,youtube,L-sK2vdmO1Y
When you got hired did you pick the position that you want or they will assign it to you?,youtube,L-sK2vdmO1Y
Oh my gosh! What a work out! Who needs a gym. Great video. I was always wondering what it was like for people packing all the stuff we order. Thank you for all your hard work!,youtube,L-sK2vdmO1Y
Which one is easy sortetion and operative in amazon?,youtube,L-sK2vdmO1Y
"Stowing is by far the hardest for beginners!

This job is not for the psychically weak!

It’s psychically demanding, hands down!!!!",youtube,L-sK2vdmO1Y
That coke looked painful,youtube,L-sK2vdmO1Y
"Hi, which area is it love? and are you allowed to make such a video like this? did you love to work at Amazon warehouse?",youtube,L-sK2vdmO1Y
Hard work! Good job! Thank you for showing everyone what’s going on with working at Amazon! Good content!,youtube,L-sK2vdmO1Y
Salut cest une mauvaise maniere de travailler il faut mettre les overseijs au milieu cest plus facil pour le dos et les bac les mettre en haut et en bas et avoir un chariot pour le mettre et le remplacer avec un bac vide et les sac ll faut les numeroter ca va beaucoup plus vite minimum 700  a 1000 colis de lheure au moins votre system est trop lent,youtube,L-sK2vdmO1Y
😊,youtube,L-sK2vdmO1Y
Es demasiado 😖No trabajaria para ellos .,youtube,L-sK2vdmO1Y
"Hi, how much do they pay per hour if you don’t mind me asking bcz i am going to be working soon",youtube,L-sK2vdmO1Y
"Oh I see u did night shift it's not easy as that what I did , 600 per hour what 😳😳 , I noticed because I have to be standing for a long time my feet were hurting  and from work I had class not easy struggle is real but at least we get paid for what we do unlike how it is in Nigeria",youtube,L-sK2vdmO1Y
"30 minutes break nah that ain't much ,  I'n the warehouse I'm working it's 2 40 minutes break",youtube,L-sK2vdmO1Y
wow if you have back or knee problems forget about working in amazon warehouse be a driver if that...,youtube,L-sK2vdmO1Y
"600 items per hour? Omg sis. That's 10 items per min. That's a lot of work. 
At a fulfillment center, we have to count 600 items per hour but the work is simpler than this.",youtube,L-sK2vdmO1Y
"Hi, hope you notice me ☺️ I’m your new subscriber. Planning to work at Amazon and your video really helped me to have a glimpse of working there. What is your work schedule usually?",youtube,L-sK2vdmO1Y
Well done. Do you get paid more for night shifts? Do you get paid weekly?,youtube,L-sK2vdmO1Y
Do you get shift differential pay for working overnight?,youtube,L-sK2vdmO1Y
"Nice,how much per hr",youtube,L-sK2vdmO1Y
That’s definitely a job for young people. You did a great job!,youtube,L-sK2vdmO1Y
even me that I'm a man I ran far away from this job well done sister !!,youtube,L-sK2vdmO1Y
"600 parcels an hour for 8 hours straight is ridiculous 😮. I’m due to start next week but the more videos I see regarding working with Amazon, the more I’m getting apprehensive 😬. Thank God this is only temporary for me before I start studying again",youtube,L-sK2vdmO1Y
Please how much were dey paying and when do they pay.. weekly or biweekly?,youtube,L-sK2vdmO1Y
THE HELL     this is working in this kind of places,youtube,L-sK2vdmO1Y
Thanks for sharing,youtube,L-sK2vdmO1Y
"I just got hire for PT in Sortation, nervous but excited. Any recommendations?",youtube,L-sK2vdmO1Y
Are you still working there?,youtube,L-sK2vdmO1Y
how did you get the job,youtube,L-sK2vdmO1Y
The mask wearing is the most infuriating part retrospectively.,youtube,88H1uQsozc0
"With so many tokens out there, it’s hard to find something unique. NexulonAI seems to have cracked the code with its ecosystem. Time to get involved in presale.",youtube,88H1uQsozc0
The NEX presale is selling fast for a reason. People are really seeing the value in this project. Can’t wait to see what’s next for NexulonAI.,youtube,88H1uQsozc0
"amazon is the best at “advertisement vs. reality” clownery. Don’t fall for it, you’ll be micromanaged by a stinky jeet that LOVES the corporate culture",youtube,88H1uQsozc0
"Terry crews isn’t entertaining or funny, no reason for anyone to talk about him ever",youtube,88H1uQsozc0
Amazon is cake bro ion wanna hear anyone complain about working there,youtube,88H1uQsozc0
How come no comments mention how big of a pile of stegosaurus shit Jeff Bezos is?,youtube,88H1uQsozc0
Flexible hours thats a fucking lie,youtube,88H1uQsozc0
Terry gonna clap Saaaaavanahaaa.,youtube,88H1uQsozc0
Werehouse work is way harder then what Terry Crews is doing.,youtube,88H1uQsozc0
Disappointed in Terry for doing this 😢,youtube,88H1uQsozc0
They give you a bottle to pee in too! Amazon's awesome,youtube,88H1uQsozc0
"OMG! You mean there is a corporation whose primary purpose is profit and they are actually doing everything legally allowed to increase that profit?!?!

Shocking! 🙄",youtube,88H1uQsozc0
Working there would suck ballz,youtube,88H1uQsozc0
"""It's a lot of people's first job experience and we don't do anything about our teenage employees watching entire movies in the bathroom [and just dump their work on other people.]""

Actual Amazon manager statement when a worker doing 3 jobs complained about the people walking off their stations around him.

PS:  If you want to get paid to walk around and talk to people apply at a large sort center, don't worry, someone else will do the actual work.",youtube,88H1uQsozc0
"""Flexible hours"" just call it mandatory uncompensated overtime cause that's what it really is",youtube,88H1uQsozc0
"I bet they paid him more for doing that ad, than a worker at Amazon makes in a year. So no wonder he is happy. You would be too if they paid you that much for a 1 minute video.",youtube,88H1uQsozc0
"Fun Fact: We already have warehouses utilizing automatic robotic controlled fork lift handers. I done a Fire Alarm install on a new section added to a Toilet Paper/Paper Towel Factory that had an entire warehouse with robot forklifts. 

They had designated isles marked on the floor for the lifts to read to follow around the different sections as well as read what isle and sections to place product. And if you stepped out in front of one they were ""Suppose"" stop instantly however I was never brave enough to test that myself. Damn things were covered in cameras and sensors though all around it and they seem to work pretty well from what I seen. 

However all they did was move pallets of product around the staging areas and staging them to be loaded on trailers by manned forklifts but, some of the lead guys there claimed they were about to invest in more of the robot lifts capable of even loading the trucks in the next couple years.",youtube,88H1uQsozc0
"Before or after or more robot, it was never like that",youtube,88H1uQsozc0
"Josh fans: ""These warehouses are terrible environments for workers!""

Also them:
""Nooooo dont give it a robot""",youtube,88H1uQsozc0
I used to work at a plastic manufacturing plant a couple years ago.  They made Amazon's yellow totes.  We used to do everything by hand but now they got a robot doing all the stacking and sticking barcodes on the handles.,youtube,88H1uQsozc0
"I feel bad for the poor souls who are 20 years in and are gonna slapped across the face so fast with automation they wont have time to cry that they just spent their entire life at amazon, and to no fault of their own, Jeff doesn't care as long as he gets to take joy rides into high earth orbit.",youtube,88H1uQsozc0
Poor Terry he seems like a good guy but why terry why????!,youtube,88H1uQsozc0
The miniscule respect I had for Terry Crews as a professional evaporated to nothing after that.,youtube,88H1uQsozc0
"About 45 years ago I used to palletize boxes of beef stew at a cannery along side a blind guy named Dallas. The job paid $5.08 hr on day shift, a nickel more on swing. People raised families and purchased homes doing that. Those jobs, along with full service gas stations are gone now. Somehow we get by without them",youtube,88H1uQsozc0
Amazon is not all fun and games,youtube,88H1uQsozc0
Kind of found some irony in this due to Sorry to Bother You. He played the uncle to the main character in that movie who was considering moving to that world's version of an Amazon work factory or something due to how much rent was costing and other life stuff.,youtube,88H1uQsozc0
"From what I'm seeing here, he was working on the outbound ship dock. I worked there when I was at Amazon... there is almost no automation there at all, actually. Automation is mainly in stow, but even then, they still need people to run the stations.",youtube,88H1uQsozc0
Man that commercial was cringe,youtube,88H1uQsozc0
It's called work.    How many years did you work a corporate job?   Days months?   Years?,youtube,88H1uQsozc0
Shit was easy compared to UPS,youtube,88H1uQsozc0
"If it's so amazing, then why 2/3 of workers quit after just 90 days?",youtube,88H1uQsozc0
"Amazon is such a crazy company.
As a customer you feel like a king. 
But never dare to work there.",youtube,88H1uQsozc0
"I work at a sort center in Texas. The job is actually super easy. They don’t test for pot, it makes the day go by badass. The tuition thing is real, 5k a year for full time employees. 

And they actually got rid of the AR floor for my building.

Apparently, human labor is cheaper than maintaining a fleet of robots in a smaller building. :p",youtube,88H1uQsozc0
When you're stowing items into specific bins ;other workers remove items from roller conveyors and place those boxes and packages for you onto shelves. If you dont pull all those items from the shelf fast enough those other workers simply push everything into your aisle (spilling) onto the floor as your trying to carefully(as well as fast) place them into their specified bins. Chaos.,youtube,88H1uQsozc0
Damn people actually look at that and think ( amaon must be fun to work at),youtube,88H1uQsozc0
"This guy was in Sorry to Bother You, where he was enslaved by an Amazon stand-in, and STILL made this commercial",youtube,88H1uQsozc0
"Imagine calling an actor, who gets paid to do acting jobs, a sellout.",youtube,88H1uQsozc0
"Wow no mentions of pee bottles, or lack of benefits... I'm sold",youtube,88H1uQsozc0
I don’t mind terry selling out. I’d take that paycheck too for half a days work.,youtube,88H1uQsozc0
Don't forget your piss bottle or maybe a diaper lol.,youtube,88H1uQsozc0
"I worked at an Amazon warehouse for about a year. The first week, I was walking by another employee who just ended his shift and he said “if this is all there is to life, then I don’t want to live anymore.” I totally understood how he felt later that year.",youtube,88H1uQsozc0
Terry crews is a loser,youtube,88H1uQsozc0
"Terry Crews is doing the equivalent of Mr. Burns posing for the highway cleanup campaign and when the press left after taking his photo, he removed all the work gear as Smithers thoroughly dusted him off, then Mr. Burns got into his limo and left the staff to do the cleanup.",youtube,88H1uQsozc0
No Terry! What a bad look,youtube,88H1uQsozc0
"See! I’m just like you peasants, I lift boxes and wrap pallets too before going home to my 5.6 million dollar house.",youtube,88H1uQsozc0
"""Once you go amazon, you gonna end up LAID OFF and in a wheelchair"" - himself from white chicks",youtube,88H1uQsozc0
"Love to see all the people losing their mind because they identify themselves through work.
Time to wake up boys and girls and it’s time to buckle up, AI is going to be a wild ride, whether you like it or not.
Maybe you won’t *have* to work anymore and can do whatever you want to pursuit?
Universal Basic Income anyone?",youtube,88H1uQsozc0
Was that Jeff Bezos’s slave?,youtube,88H1uQsozc0
When AI gets rid of the jobs then who is gonna buy the products 🤔,youtube,88H1uQsozc0
Amazon is Amazing workplace and a good Option for people without or low education who would not have a other or nearly as good option on the job Market.. So why the hate josh?,youtube,88H1uQsozc0
Humans complain too much.,youtube,88H1uQsozc0
The finger is scaring me..... lol,youtube,88H1uQsozc0
Looks like a fulfilment center. The conditions there aren't that bad.,youtube,88H1uQsozc0
Tone death AF! But that besos money. 🤑🤑🤑,youtube,88H1uQsozc0
"It's funny to see Bezos ""donate"" to ""charities"" and call himself a philanthropist knowing how he treats his employees 😂😂😂",youtube,88H1uQsozc0
"If you don't like their practices, move on.",youtube,88H1uQsozc0
"I worked at an Amazon warehouse for four years and was one of the original hires when it first opened up. While there are undeniably sucky things about (very boring, toxic managers, no room for growth), there are things I do miss:

1. Four day work week.

2. Very generous with the voluntary overtime if you wanted the money and had spare time.


3. Introvert friendly. In my experience, being a wallflower, quiet quitting and just staying on task kept the managers away and not once in my four years did I receive a PIP.


4. If you have no write ups, they can accommodate up to 20 hours for school and you keep your benefits. This benefit was VERY easy to exploit. One semester I worked Wednesday-Saturday and made my class schedule look like I was on campus all day Monday-Thursday; HR fell for it. This gave me extra time to study or just relax.


5. I can’t remember all of the details on how it worked, but they had this unpaid leave benefit. I used it when I took my first IT job; I was career cushioning before it became a thing lol.

6. A day's notice to HR is all that is required to be eligible for rehire. If they are hiring you're pretty much autohired when you apply.",youtube,88H1uQsozc0
They wouldn’t even hire me.,youtube,88H1uQsozc0
"That quote wasnt old enough i guess . 
You will own nothing and you will be happy 
Thanks to AI now",youtube,88H1uQsozc0
Companies who automate should put the salary money of the jobs automated toward a BMI fund.,youtube,88H1uQsozc0
"I want to believe he was contractually obligated to do this for one reason or another, happens all the time that they sign a contract and they have to do roles and cannot turn them down, but most likely he was just going to be paid big bucks for it and hell not even I would turn down big $$$",youtube,88H1uQsozc0
"A multimillionaire entertainer had a great time working at Amazon (and cameras happened to be there to capture his perfect experience)?  Wow, i'm sold!  Lol",youtube,88H1uQsozc0
Lol yeah that commercial was obviously missing a couple things about working at Amazon like having to pee in a bottle or watching your slow coworkers get crushed to death by robots,youtube,88H1uQsozc0
No,youtube,88H1uQsozc0
Dude what happened to your voice?,youtube,88H1uQsozc0
Amazon talks to it's employees like they're from Barney the dinosaur or blue's clues. Severely degrading like you're not considered an adult.,youtube,88H1uQsozc0
"And aren’t they laying people off right now (or getting ready to)? Man, this promo did not age well!",youtube,88H1uQsozc0
"Someone should tell him the production of  the movie ""idiocracy"" ended more than 15 years ago and there's no reason to keep playing the role",youtube,88H1uQsozc0
I'm kind of confused what you're trying to get at with this video Josh? I worked at Amazon for over 5 years And they do not have gruling working conditions. And just to let you know I don't drink the amazon cool aid either. I took a job At amazon when things were difficult in my life and it saved my butt.,youtube,88H1uQsozc0
"Of course, in all likelihood, they probably only made Terry do the most-basic, easiest tasks for, like.. an hour, tops, while filming to get ""maximum footage""?  There's no fucking way Terry, while there, ever did much of any of the backbreaking, super-exhausting work they're known for. 

Of course, they probably also paid him to do the shilling b/c they thought, ""Well, given his level of fitness, this kind of work will likely have less effect, so he won't physically feel just how ludicrous our standards are.""",youtube,88H1uQsozc0
"Was not aware, though, that Terry Crews actually *shilled for Amazon*, lol

What the actual fuck, Terry.  Were you in a ""lull"" period of your career and 'desperate for fast money', or some shit?",youtube,88H1uQsozc0
"If Amazon management were remotely-""serious"" about ""offering paid tuition"" as a 'good perk', they'd obviously allow you to start that, like... within a month of hire?
A year, really?  Gotta put up with A YEAR of hell at Amazon just to hope to have access to some 'extra job training' to ""maybe get a high-paying job within a year or 2 further""?

yeah.. I dunno.  It's clearly just another ""special perk"" they try to entice new hires with that they *don't actually* want ""too many"" to use.

Yeah, it's got flexibility, I guess, but... 'flexibility' doesn't really mean ""jack"" when almost all of the positions and depts. in the warehouse are dogshit 

'Luckily', your best bet in that regard is Ship Dock, esp. Outbound.  Granted, they technically still have a ""quota"", but... it's rarely enforced, honestly.  During those dumb 'Standup' meetings, your manager or supervisor will constantly try to entice you to ""meet and exceed the quota"", but... not much is done otherwise.  As long as you get close to it and at least APPEAR to be 'working hard' over there, they don't give a shit.  And if you get another task in SD other than the standard 'put boxes on pallets', ALL THE BETTER!  Way better

Better than constantly lifting boxes and trying to stack them properly on pallets, esp. when, like, 95% of other people stacking on pallets *never do it right*, for the sake of 'speed'.  ""Here's how to stack on the pallet!""
and then, after that 2-day training, they DON'T GIVE A FUCK, for the most part! Sure, once in a blue moon, a manager- which they call PA, for some reason (process assistant, I think)- *might* notice a shittily-stacked pallet and try to hold someone accountable but... not much really happens in that regard, honestly.  It's comical, honestly.  

I worked at a local Amazon warehouse 3 times, with a combined time working of, like... almost 8 months.  Never again...
I'd have to be REALLY REALLY REALLY desperate to work there again.

Or, at best, *maybe* do flex time there, which only requires about 20 hours a month, or so I hear",youtube,88H1uQsozc0
"""I get to drive a forklift?""
Spoken like a 10 year old. Lol
And no you don't unless you have been cleared to drive it.",youtube,88H1uQsozc0
"LOL. ""paid tuition"" 

I worked at a local warehouse, and the ""fine print"", for one, is that you have to work there for AT LEAST A YEAR before you can even make use of that ""extra education"" via Amazon (esp. the 'in-warehouse classes', lol).  This almost ""guarantees"" that the vast-majority of new hires *never* make use of it, saving Amazon more money, since they likely won't stay there for anywhere close to a year

A year at Amazon, good lord
Can you imagine??

Most I managed, continuously, was... about 5 months.  Amazon goes through new hires like ""candy"", so to speak.  Hell, it's no wonder it's *so easy to get hired*, tbqh!  If they had much-higher standards and a ""real"" interview-app process, I can just imagine how insanely short-staffed they'd be, eventually (way more than usual), haha",youtube,88H1uQsozc0
"The Issue I have with AI is that it's proprietary (& hence a black box)

Well until Mycroft-AI & Mozilla-AI became a thing",youtube,88H1uQsozc0
I remember this. I actually love Terry but this was laughably bad,youtube,88H1uQsozc0
"Actually, I had forgotten. But, thanks for reminding me. 😒",youtube,88H1uQsozc0
I see no issue in Amazon unless it's illegal. You want faster and efficient service while keeping the employee count high? People are hypocrites.,youtube,88H1uQsozc0
"Hollywood is full of sellouts, imagine getting a job because a celebrity shilled it to you.",youtube,88H1uQsozc0
Shorts on your channel are awesome. Keep it up!,youtube,88H1uQsozc0
Bezos is obsessed with getting those warehouses 100% automated,youtube,88H1uQsozc0
Stop worshipping celebrities... I swear most people are m*ntally ch*llenged.,youtube,88H1uQsozc0
Certain companies are blowing their load over getting rid of people with AI etc it's actually kind of disgusting.,youtube,88H1uQsozc0
"Yikes, we are heading towards a techno-elite driven hellscape. Amazon crushes small businesses using unethical practices, so those jobs will be gone. Then Amazon will get robots to do everything, sacking most of their employees. They need stroing anti-trust laws so there is a real capitalist economy, not these rent seeking unethical corporations.",youtube,QlbuY24alSk
Goodmorning  SIL-Q1💜  The Kingdom of the Netherlands 💗💗💗💗💗💗💗💗,youtube,QlbuY24alSk
"what a gigantic waste of earth and human resources.

what a complete dystopian society we live in",youtube,QlbuY24alSk
"If they invested in what made them successful in the first place, they would be investing in the United States Post Office. Amazon was subsidized for years by the Post Office until Trump put a stop to that.",youtube,QlbuY24alSk
"Amazon delivery drivers need to follow instructions entered by the customer. For example, if an apartment building has a package room, then need to put the package in the room - not dump it outside the building for anyone to take. So over the dolts i've observed throwing and dropping packages anywhere they want. Why have a delivery instruction box if you disregard it. Amazon does nothing if you call to complain.",youtube,QlbuY24alSk
"Watching this video, I felt both admiration and concern. Admirable for human ingenuity, building massive systems that can turn online orders into packages in hours. 

Concern: because it makes me think about longterm effects, the environmental footprint, consumerism, and labor pressure behind what seems like a simple click to door convenience.

I believe we need to be more conscious consumers appreciate the convenience, but also reflect on whether we truly need instant gratification or if we can be patient, shop consciously, and value local/regional alternatives.",youtube,QlbuY24alSk
"Amazon’s same day delivery system is a fascinating example of how logistics, data, and automation can work together at massive scale. What really stands out is how Amazon redesigned its entire fulfillment network from giant warehouses to smaller, strategically placed facilities just to cut minutes out of every step. It’s impressive but also a reminder of how much invisible complexity goes into the order now, get it today experience we take for granted. The blend of human labor and automation, the emphasis on proximity, and the pressure to move faster all raise interesting questions about the future of retail, work, and sustainability.",youtube,QlbuY24alSk
If you don’t have the robot you can’t make money period. So without the robot you be all day trying to get orders and you get cheap orders like $60-$80 dollars order time 4-5 hours also you have to get $30 gas for your car so you will make that day $30- $50 per day 🪬,youtube,QlbuY24alSk
I would rather walk to a store near home and purchase.,youtube,QlbuY24alSk
The key to that is sort package delivery by zip code instead of having us drive all over the city. If you did it by zip code it would be faster.,youtube,QlbuY24alSk
"""Since 2018, Amazon has cut it's average delivery time by more than half."" This is an absolute BS statement. Amazon Prime use to actually guarantee 2 - Day shipping. As a member of Prime SINCE IT HAS EXISTED, when COVID landed, Amazon used that to essentially never again guarantee 2 - Day shipping and they don't land that more than three in four orders year after being able to leverage a virus for their shortcomings  Amazon is a business that puts profits above service and profits above American interests. They push Chinese products over US products and three quarters of their products are from China. They are directly responsible for an enormous anti-American economic abuse of power.",youtube,QlbuY24alSk
They're talking about sub-same-day warehouses where the flex drivers do the delivering for those 4 hr delivery window orders.,youtube,QlbuY24alSk
"Amazon is amazing. But, please be kind to the workers...ok?",youtube,QlbuY24alSk
my amazon takes like a week with prime anymore i can get walmart same day or next day shipping..I havent been using amazon much anymore,youtube,QlbuY24alSk
They must still be waiting on all those Amazon trucks. When they are still using their employees cars for transport,youtube,QlbuY24alSk
As an Amazon Flex courier I was told to run red lights and disregard stop signs and told them i am on foot i cant go any faster they got me roller blades the day after.,youtube,QlbuY24alSk
Just watching this after I just received two Amazon packages today,youtube,QlbuY24alSk
Blinkit delivers in 5 to 15 min in india,youtube,QlbuY24alSk
"I worked at 2 Amazon warehouses in Germany and after that bad experience, I try my best to buy what I need from local stores, or other websites and Amazon is always the last choice for me.
Workers are being treated like slaves there. One of the worst place to work.",youtube,QlbuY24alSk
meanwhile my package was supposed to arrive today now its arriving tmrw 😄,youtube,QlbuY24alSk
2:49 disturbing and sad,youtube,QlbuY24alSk
Try to order some rolls of packaging tape to experience the fastest delivery you've seen... They literally grab them directly at the packaging desks...,youtube,QlbuY24alSk
I feel for the workers. I can't imagine the pressure they endure. But man the technology and innovation behind this is an insane feat.,youtube,QlbuY24alSk
This is actually quite scary. This company is so good and so efficient that they could take over any business if they wanted to. The business I'm in ( I won't say which one).. is highly specialized and worth only a couple of dozen millions dollars a year and requires a lot of technical know-how. So luckily Jeff Bezos has no interest as he is only interested in billion dollar a year businesses. Anything below 500 million dollars a year is not even worth for him to look at and a waste of his time and breath.,youtube,QlbuY24alSk
Wait till they find out that india has 10 min delivery 💀,youtube,QlbuY24alSk
how do you get promoted,youtube,QlbuY24alSk
Busy warehouse floors demand clear vision and solid protection. Softgle Comfort gives comfort and protection to workers. That’s a game changer.,youtube,QlbuY24alSk
There’s a 500k Amazon warehouse 5 minutes from my house!,youtube,QlbuY24alSk
During last week's Prime Days I picked the longest delivery time. At least a week and a half out. I didn't need any of it sooner plus I received 8% cash back on my Prime Visa instead of 5%. I also saved at least 37% on everything I ordered. I always give the delivery people great ratings.,youtube,QlbuY24alSk
"Efficient, but also nightmarish in a way.",youtube,QlbuY24alSk
Amazon is an evil corporation. They have absolutely ruined the PNW.,youtube,QlbuY24alSk
Was a L5 for 9 months and walked out.,youtube,QlbuY24alSk
This is the greatness of capitalism,youtube,QlbuY24alSk
They should change it. Make it with in 2-3 Days or Next Day.,youtube,QlbuY24alSk
I'm surprised Walmart and Target aren't converting retail spaces like stores into fulfilment warehouses.,youtube,QlbuY24alSk
"As service levels increase, the closer to brick and mortar they become.  Isn't that where we started?  What a waste of time and a perfect example of a monopoly forcing out local brick and mortar.",youtube,QlbuY24alSk
Wait I wanna know more about those robots what?,youtube,QlbuY24alSk
"Amazon hasn't cracked the delivery code where I live in TN, almost everything from Amazon is 3 days.",youtube,QlbuY24alSk
We as consumers bear blame expecting faster. Why the rush?,youtube,QlbuY24alSk
All fine and well until you get damaged goods dented cans because they use a PLASTIC BAG to ship almost everything. My damage rate is approximately 30%.,youtube,QlbuY24alSk
"Gone are the days when people would actually put on clean clothes and go out shopping.  Instead of interacting with store clerks and other people, now we interact with our touch screens.",youtube,QlbuY24alSk
so do they just store everything in existence on these shelves?,youtube,QlbuY24alSk
"7:45 you'll think the rate of Package theft's are high, wait till they start using the drones the rate is going to go up so much cause people just gonna shoot them down and take the package. You gonna start seeing ""Breaking News"" multiple Amazon Drones shot down in multiple areas of the state be on the look out. Then next thing you'll see is "" Breaking News"" Amazon CEO have just announced multiple areas of the state a "" No Drone zone"" to where if you live in those areas you can't get your package delivered by drones.",youtube,QlbuY24alSk
"I have video footage of an Amazon driver steeling my parcels. One year later I received an email from Amazon accusing me of returning ""a large amount of items"". I contacted support and asked them which items (as I haven't returned anything) and they mentioned the three parcels that were stolen by the driver. I canceled all subscriptions and my membership",youtube,QlbuY24alSk
"It's like those ssaohle.are bigeng for me to come after their bisuness and prove them how i cna tare thm papart. I dont precisely nkw but lets fond out darlings. It was absolutly delighyfull to  witness the sales of Tesla cars becoming fewer and fewer,  lowering even to the point of no sales at all soon. 
And Since this company Amazon is asking for its sales lowering down too. May it's wish be granted. Be it, those business moment when you get back all the nice negalivity you put out. We the Market demonstrate the consequences of your practices.",youtube,QlbuY24alSk
"The downfall of the american company named 'Amazon'. 
Amazing to Witness and extremelly satisfaying to see it coming and in the making. One way or an other. Because we the People, we the Customers, we the Workers are the billionaires and you owe us respect and reverance. 
We are the ones that own the fortune and the wealth, we the People, we the Customers, we the Workers are all unite and demand you to comply to the rules of justice ethic fairness. We the People , we the Customers, we the Workers own this company Amazon and our interests and needs are above Jeff Besos's and it's friends. The people, the Workers and the Customers interest and needs are the ones that matter.
Justice, fairness, ethic, sustainability, prospérity for all is at work. 
See y sooner or later btch$ remember
I love you all
I'll share my love and my best wishes to you when you will be facing the  courts of Justice, and convicted for your all deeds and put in jial. I'll be there cheering and applauding and congratulating for the good job of Judges and Justice. 
I love you 💋",youtube,QlbuY24alSk
"I will gladly wait a few more days and pay a few more dollars to not support a monopoly that has forced thousands of smaller businesses out of business. While millions of small, brick and mortar stores were forced by corrupt government to close during covid, Amazon was allowed to thrive and reap the windfall. How many pockets were lined on capital hill by Amazon during covid?",youtube,QlbuY24alSk
Amazing video :),youtube,QlbuY24alSk
No. The cost was passed on to 3P sellers when they started charging placement fees for inbound shipments of inventory.,youtube,QlbuY24alSk
Getir Amazon,youtube,QlbuY24alSk
"I hate it when the delivery is dumped on the doorstep with no attempt to ring the doorbell, or to leave the parcel somewhere safe.",youtube,QlbuY24alSk
Amazon's shipping has become hit or miss recently I've ordered next day or overnight shipping & the orders arrived 3 days later. I ordered the items because of the fast shipping. It's not a perfect world but if you advertise something you better make sure you provide what you promised or it's false advertisement.,youtube,QlbuY24alSk
"There are companies that are great to work for, and there are companies that are great to be a customer of. Amazon is obviously the latter, so as a customer it's great! There's something magical about ordering something and it arriving 4-8 hours later. Competition working as expected 👍🏽",youtube,QlbuY24alSk
This is American innovation at its best.,youtube,QlbuY24alSk
All of this work just for flex and dsp people to mess it up lol,youtube,QlbuY24alSk
"Wow, watching this from Italy, I’m honestly shocked. The idea of ordering a single item, like laundry detergent, for same-day delivery feels so excessive. In Italy(but i think it extends to a big part of Europe), we usually plan our shopping trips to buy multiple items at once, which seems more efficient and environmentally friendly. The environmental impact of these rapid, single-item deliveries must be significant, considering the extra packaging and increased vehicle emissions. I can’t help but think that waiting a bit longer and grouping purchases could make a big difference for the planet.",youtube,QlbuY24alSk
Speed and fast is good but what about drivers leaving packages in the correct spot according to notes left? What good is fast and same day delivery if they cant deliver it properly at the end? I've had 3 packages stolen because drivers are not paying attention to detail. I've even spoken to my nearest amazon warehouse and they say they'll address it but it never gets better.,youtube,QlbuY24alSk
"All these customers fail to realize how much hard work goes into every step of the way and go full-on Karen mode if you're late. We've had people scream at us about their package being delayed due to weather, offer them the option to come pick it up directly from the warehouse, only to be answered back with a ""but there's 10ft of snow on the roads, how can you expect me to go pick it up?"" YEAH! YOU DUMB KAREN! That's why a delivery driver can't deliver it to you! I swear these customers are shocked workers aren't literally risking their lives so they can have there new salad mixer while simultaneously demanding they only pay a few bucks (if that) for shipping and handling. Shocking.",youtube,QlbuY24alSk
you know what else they should have a customer pickup like walmart if you want to pick up your staff at the hub why not make something like that at the hubs  like if I want it know faster self pickup,youtube,QlbuY24alSk
this is what i want to know same day should to my house around 10am to 3pm shows as out for delivery 10am passes 3pm passed it won't get my house around 2 days after the date why is that,youtube,QlbuY24alSk
"The most soul draining work I’ve ever done was one of those packaging centers

They tell you during onboarding to take note of who came with you cause they probably won’t be there in two months since it had such a high turnover rate. They were right. All i could take was 3 months of that and was out",youtube,QlbuY24alSk
Amazon in Australia is shocking. The range of items is not there.  I rarely ever use them.  It’s better and more convenient to go down the road and get something. You’d have to be awfully lazy to use them.,youtube,QlbuY24alSk
Stowing messed up my hands and arms at the time. Back in 2018.,youtube,QlbuY24alSk
Funny they are 2 weeks to deliver couple of items.,youtube,QlbuY24alSk
Never again will I work at Amazon… F that,youtube,QlbuY24alSk
I use home depot same day delivery weekly… better prices and faster delivery,youtube,QlbuY24alSk
Amazing but also completely unnecessary and wasteful.,youtube,QlbuY24alSk
Everyone looks extremely exhausted,youtube,QlbuY24alSk
Sortation is not a word.,youtube,QlbuY24alSk
"WSJ should make a short on how much cardboard and paper Amazon wastes on packaging at times where one isn't required. Received a pillow recently, inside a cardboard box, with extra paper placed inbetween, it's like that pillow is going to break?? Happens quite often.. if you scale this up - that's a lot of paper waster for no logical reason",youtube,QlbuY24alSk
delivery promise say the guy and i sayeer what no the is pertinet to the company what hes those when she desdirection the correspondensi from put to the creator to diambuler in search of connectivity what little say who note what is a hurt up its,youtube,QlbuY24alSk
"In my experience with Shopee Philippines, I usually expect a week, and it's okay for me. We could still go to the city 12 km away if we're in a rush",youtube,QlbuY24alSk
Amazon seller ClicktechRetailPrivateLimitedbiggestScammer seller,youtube,QlbuY24alSk
fake and fraud amazon.,youtube,QlbuY24alSk
"I’ve been a _Prime_ member for years, however over the past year or so, I’ve noticed that I very very rarely ever see anything listed as “same day” anymore. I see tons of options for “same day” and “overnight”, but I can’t tell you the last time I saw an option for anything listed as “same day”. I really get my moneys worth out of the membership and get a package at least once a week from various different departments, so I know the option isn’t “hidden” because of low user engagement or anything. I also know it’s not due to the delivery address because I live in NYC where I can pretty much get anything from anywhere from anyone in about 20 minutes lol",youtube,QlbuY24alSk
hellish!,youtube,QlbuY24alSk
"We need like within one hour shipping, anywhere in the world. Waiting 2 days for something is insane",youtube,QlbuY24alSk
"Not been my experiences Jap, c2001 Bezos & $rama Plus",youtube,QlbuY24alSk
Delivery drones future technology,youtube,QlbuY24alSk
This is actually heartbreaking. No mention of waste from the billions of returns or end of life. Amazon is what's wrong with modern society. NO ONE needs any of this within an hour this is just shameful.,youtube,QlbuY24alSk
When you have it in storage it's obviously going to make it to your house as fast as possible.,youtube,QlbuY24alSk
I wish Australia took notes on this Shipping here is an absolute joke have waited 4 days to receive something that is a 45min drive away. Another package from the other side of the country took 7-8 week 😂,youtube,QlbuY24alSk
If Amazon only took care of their drivers and warehouse people the same way they want to be the best as they forgot to be the best you have to pay your people well and take care of them. Any company run by CFO and marketing are always the ones that don't care about people as they care about bottom line aka greed.,youtube,QlbuY24alSk
Leave your soul at the door.,youtube,QlbuY24alSk
"They should stop complaining or get a new job, this is constantly being told to towards food delivery drivers, no rocket science  🤷‍♂️",youtube,QlbuY24alSk
I do same-day every day. The trailer arrives late half of the time and we have to scramble to get this done regularly. It’s a small location and we sort about 600 packages with 3 people in an hour.,youtube,QlbuY24alSk
"Fast shipping, with no consideration for workers.",youtube,QlbuY24alSk
do we really need this? why cant we wait days before we get something???,youtube,QlbuY24alSk
i looking job location,youtube,QlbuY24alSk
"Need this in australia, our amazon prime delivery is 5-10business days.",youtube,QlbuY24alSk
"I wish Amazon would stop using those cheap plastic bags to mail products in.   They offer zero protection during shipping... Often items shipped on those bags, arrived damaged and need to be returned.  Waste of time, money  on everyones part.",youtube,QlbuY24alSk
"Amazon’s same-day strategy shows how the company is reinventing itself to maintain its lead in “fast shipping,” but it also highlights key industry-wide tensions around labor practices, environmental impact, and cost. On one hand, tighter regional footprints and advanced data analytics deliver packages faster and more cheaply. On the other, critics point out increased physical and mental strain on workers, potential for overuse of gig-economy drivers, and the possibility that ever-faster fulfillment might not be sustainable or truly necessary. The competition from Target and Walmart only fuels the speed race—meaning consumers can expect even more rapid delivery options, with corresponding pressure placed on logistics networks and workers alike.",youtube,QlbuY24alSk
"I'd like to see Amazon's managers and decison makers spend a few weeks on the warehouse floors, sorting and packaging and delivering orders, applying the very principles they put in place, so they can fully appreciate the human cost of always faster shipping.",youtube,QlbuY24alSk
"Customers never asked for same day delivery this was a marketing strategy, THIS COME FROM COVID DAYS.",youtube,QlbuY24alSk
Do they have to pee in bottles to get those targets?,youtube,QlbuY24alSk
Amazing! 😮,youtube,QlbuY24alSk
I like how on the map of the same day facilities they have Detroit located in Ohio 💀,youtube,QlbuY24alSk
"No wonder I didnt get my Jays Potato Chips, it was probably stolen by a flex driver.",youtube,QlbuY24alSk
Can you get an item in person to get it faster than delivery? Id pick somthing up,youtube,QlbuY24alSk
6:57,youtube,QlbuY24alSk
Do you get to choose which area you wanna work in?,youtube,Z6LBZoNx9bw
What shoe did you get? Idk which one to get and also how did you get ur sslary increased?,youtube,Z6LBZoNx9bw
Wait what about interview?,youtube,Z6LBZoNx9bw
Thank you!,youtube,Z6LBZoNx9bw
"1. The richer just keep getting richer, While we Poories stay broke. 

2. There are people out there, that are born to work for others. They'll never get to work for themselves, due to them having absolutely no Skills of anything whatsoever.",youtube,AZGgdKB8_w0
"That sh!t was easy. Sit on your butt most of the day. Walk to doors with NON heavy packages lol. People just lazy asf or outta shape. 

Or too old honestly.",youtube,AZGgdKB8_w0
What do you think people who work in the farm,youtube,AZGgdKB8_w0
Half these folks make over 23/hr and the job is not that hard. Amazon invests highly in conveyors and other tech to move boxes and even package boxes. These folks are lazy,youtube,AZGgdKB8_w0
There’s other jobs out there that pay as good if not better than Amazon. If no one showed up for work and I mean across all states and facilities. Amazon would take a huge loss .,youtube,AZGgdKB8_w0
It’s probably just getting bad now…probably wasn’t that bad 5yrs ago.,youtube,AZGgdKB8_w0
"Pardon me sir - video creator this is for you...
have you personally worked this position??????",youtube,AZGgdKB8_w0
"I’ve been doing the job for 5 years! Pretty much with only 6 months off because I did security! I have worked so many jobs. I am 30 now in this job allows you to work by yourself. Get a workout in. lol, I feel like the only downside is all the rules. Or if you have bad bosses. Other than that, I don’t mind the job. And I’m getting paid the most I have ever got paid here. It’s just a job for me. “All jobs suck” - Aaron clarey",youtube,AZGgdKB8_w0
I agreed fk amazon I should quit or flex schedule with amazon.,youtube,AZGgdKB8_w0
Your parents brought you into this 🌎 just to beg to deliver packages. So so sad.,youtube,AZGgdKB8_w0
"Dec 2025, the great Jeff Bezos is giving freedom to a lot of his workers.  30,000 people woke up today with jobs at Amazon, by afternoon, they didn’t.  Now go complain somewhere else.",youtube,AZGgdKB8_w0
"LIFTING HEAVY BOXES ALL DAY ISN,T FOR THE WEAK!HELL,EVEN FOR A PERSON THAT IS IN SHAPE IT WILL WEAR YOU OUT!YOU WILL COME HOME,TIRED,EXHAUSTED,WORN OUT!YOU LITTERLY WILL HAVE NO ENERGY TO WANT TO DO ANYTHING!I AM A COOK AT A COLEGE AND WE HAVE ONE RECEIVER WHO HAS BEEN DOING THAT FOR YEARS!HE HAS TO LOAD BOXES INTO THE FREEZER,REFRIGERATER AND DRY STOREROOM EVERYDAY!I DON,T KNOW HOW HE DOES IT?MUCH RESPECT TO THOSE THAT DO THAT FOR A LIVING!I COULDN,T DO THAT!",youtube,AZGgdKB8_w0
"Those jobs like that, Amazon, FedEx UPS part time jobs full-time job, tech companies like Measure and some of the mothers part time jobs full-time job",youtube,AZGgdKB8_w0
The pay should be 30 per hour. That would be fair.,youtube,AZGgdKB8_w0
"All the people in the video are black, black people are just lazy",youtube,AZGgdKB8_w0
black men are just LAZY,youtube,AZGgdKB8_w0
"_It doesn't matter, it cost Amazon pennies to hire warehouse workers, as Amazon has a list of unlimited supply of wage slaves, they hire new drivers every single day, they will never run out of people signing up for amazon drivers._",youtube,AZGgdKB8_w0
"slavery doesn't have an hourly wage, a lot of these jokers just not built for hard work its that simple",youtube,AZGgdKB8_w0
"Nah, I worked in many manufacturing jobs but they don't treat you shit like Amazon does. Amazon does not give you enough time to deliver about 300 packages in a day. Also, their handheld map device is garbage.",youtube,AZGgdKB8_w0
It's the busiest company in the world. Amazon only cares about their customers,youtube,AZGgdKB8_w0
We pissing in bottles in the van at my dsp.  I gotta go.   Can’t even use the bathroom,youtube,AZGgdKB8_w0
Amazon has the drivers thinking its about the delivery. Amazon only cares about getting a device within range of the customers wifi network. Drivers are the middle man in the man in the middle cyber attack between Amazon and customer. Keep the customer happy so they dont think anything wrong is actually happening.,youtube,AZGgdKB8_w0
They favorite get the easiest routes or less stop and packages.,youtube,AZGgdKB8_w0
i just got hired 24$ hr  im only here to make some quick cash its seasonal,youtube,AZGgdKB8_w0
So funny stowing in Florida and co worker from Haiti said I feel like a slave ..I said we are ... hurting or not,youtube,AZGgdKB8_w0
"I work in an Amazon warehouse and is not like other warehouse jobs. If you go into it thinking it's just a warehouse job you will quit fast. It is a horrible place to work and the pay is shit for what you do. Right now there are about 50 people on light duty that have been injured at work and countless others that are at home because they are injured so bad they can't work! They suck you in by paying just enough more than anything else in the area. They don't give a shit about your safety, they only care about numbers! They will literally come at you for taking a shit and not working! People say why work there? Valid point. But if there are no other jobs that pay close to what they do or really nothing else job wise in the area you gotta bend over and take it or go get some minimum wage job! If you do not or have never worked for this company don't say it's just like all warhouse jobs!",youtube,AZGgdKB8_w0
Yes. Dogs are absolutely a huge thing. I got bit by a dog on both legs. I was out for 2 months. That dog tried to kill me😢,youtube,AZGgdKB8_w0
Amazon forgets they have human beings working for them. The stop count vs the location count is wild. And you need to be done by a certain time so that you don't go over your drive time. Some of these properties are not set up for delivery. Very unkept and kind of dangerous,youtube,AZGgdKB8_w0
I Wouldn't Quit!!  Not Yet!!  I'll Wait Until I Find Something Better!! Before I Quit!!   One Thing That I Can Say!!  Are That The CEO YT's 👿 Really Don't Give A Sh*t About The Middle Class Workers!!  It's About Their Pockets 💸 And Their Rich 🤑 Families!!  That's Profiting & Banking 🏦 Off Of Our Hard Working Amazon Backs.   From: ( DonaldDNice 🌍🌎🦬🪶 ),youtube,AZGgdKB8_w0
i love working for amazon .. good money but alot of work ...,youtube,AZGgdKB8_w0
"I worked at Amazon, and bezos and the company  don't care about people. They fire you when you are pregnant, was in a car accident going to work, extremely hot conditions inside the wharehouse bc they are too cheap, have blindsided every employee with pat downs, it goes on and on. They should be fined and closed permanently.",youtube,AZGgdKB8_w0
✌🏾✈️🇯🇵🇹🇼The Amazon warehouse/fulfillment center can be flexible with your schedule if you need money. I'm writing a book about it called Employee Handbook.,youtube,AZGgdKB8_w0
"Amazon spends two days telling you all the safety rules, then on day 1 of work they tell you not to do any of them or you will be too slow.   Like the long safety gear and forklift instructions.   They would yell at you for doing ANY of it.",youtube,AZGgdKB8_w0
The Amazon slave ship..,youtube,AZGgdKB8_w0
Delivery drivers average $20 an hour. Route drivers average $50 an hour. Plus they get full benefits!!!This is a job anyone can do zero skill.,youtube,AZGgdKB8_w0
"What is the pay? How come you aren't saying? This is a job anyone off the street can do, how much do you expect to make? Working construction like the Mexicans do is way more demanding and requires skill. If you want a cushy office job get an engineering degree. But that requires lots of education and eighty hour work weeks. You couldn't handle it. This is what happens when the government pays people thousands a month for doing nothing. The work ethic in this country is in the toilet.",youtube,AZGgdKB8_w0
"It makes me SICK to think how motivated and dedicated I was when I started 6 weeks ago. I was just as motivated when I walked into the warehouse yesterday for a double shift, I'd just told some friends the day before that I felt like I was getting into a groove, my numbers were consistently high, I was gaining stamina, my back and feet were hurting less, I like working on my own and not having to talk to people (ha-ha) and I might really be able to do this for awhile. Then, 20 minutes after I started the shift, one of the clowns behind the rolling computers comes up and says I got a 'documented coaching' a few days ago and I better not 'get in trouble' again for the next 60 days. Turns out this 'documented coaching' was a friendly conversation I had with this woman regarding the fill line on the go-cart containers. In one part of the warehouse, where I more often work, we are specifically told to make sure the top row of packages touch the fill line at the bottom of the box but don't go past the top of the container. We are even CORRECTED if there is any space left at the top of the container. Then here's this woman saying she doesn't want ANYTHING above the fill line at all. I'm thinking 'okay, this supervisor has a different preference than all the others, I'll try to remember when I work for her.' NOPE. She filed a 'documented coaching' because I was doing EXACTLY, PRECISELY what I had been told to do by every other supervisor in the building. And apparently (I was told this is a recent change) there will be serious repercussions if I get a 'coaching' for doing EXACTLY, PRECISELY what I was told to do a second time (on ANY infraction, not just the container fill lines.) I plan to continue doing EXACTLY, PRECISELY what I'm told to do, so naturally I'll probably get another 'coaching.' So why not just QUIT now? My morale has tanked and my motivation is non-existent, I feel like I have not a shred of self-respect for agreeing to go back in today. I went from a positive attitude & feeling like I had a handle on this job to suddenly hating it overnight. Treat your employees like TRASH? You're going to lose your employees. I've gone to the 'Are you thinking of leaving Amazon' section of the AtoZ app a dozen times this evening, all but ready to quit. And I'm drinking a bottle of wine so I'll probably end up doing it before morning. When I could not have been more content 36 hours ago. Amazon SUCKS.",youtube,AZGgdKB8_w0
It not Amazon it the dsp owner and dispatcher and managers Amazon has lunch breaks but the owners and manager pushing more on drivers and bypassing the lunch break that supposed to force drivers to take also some dsp or most don’t wanna use extra employees to help other employees have two vans to do one route for the heavy loads yes it cost more for the owners of the dsp but it shows your care for your employees,youtube,AZGgdKB8_w0
I feel bad for all these people. 🤦🏻‍♂️,youtube,AZGgdKB8_w0
7:53 lol 😂😂😂😂😂😂,youtube,AZGgdKB8_w0
"Why this guy keep giving the same reaction to every clip lmao 
""its a labor intensive job, depends on where you are in life""",youtube,AZGgdKB8_w0
I just quit today after 13 months.,youtube,AZGgdKB8_w0
4:08 Also for sure going 2 jail,youtube,AZGgdKB8_w0
"Amazon workers must not meditate daily. Smh. When you in shape, always with a positive attitude and don't let anything outside effect them, then you'll be fine. Read the bible and stop complaining about your life. Thank me LATER ❤️🚀",youtube,AZGgdKB8_w0
"amazon fc is literally the easiest most chill job ive ever had ..idk how ppl think its ""SO"" hard 😂😂😂",youtube,AZGgdKB8_w0
"I quiet as an amazon driver  in 3 days !!!
I completed my 3 days schedule as a “ New Employee “  !!
Day #1 - training - 135 stops 
Day #2 - myself - 135 stops
Day #3 - myself - 147 stops 
I wrote my resignation letter  at 915am and gave to the dispatcher at 9pm after I finished my shift !!!
Thank You for the opportunity and time !!
5:42",youtube,AZGgdKB8_w0
Jeff bezos CEOs supervisors abusing workers .low pay jobs abuse this is not  right..people start buying in your communities  sopport your communities shops .stop buying overseas in Amazon .learn how to live a simple life .if people stop buying,youtube,AZGgdKB8_w0
I work Amazon warehouse for 5 years and I only get $22.50 per hour plus benefits. I still having a difficult time to financially “get by” on my own. Even I have a second job but I don’t receive a financial stability. Working in Amazon is very strict and uncomfortable no matter how hard you work and showing your skills and performance of work ethic. They just don’t care and treating the employees/associates as a stepping stones so that employers or higher ups(including CEO) will get a massive salary than minimum wages of employees or associates.,youtube,AZGgdKB8_w0
Bring in the robots and replace the fools,youtube,AZGgdKB8_w0
"I currently work for a dsp in Florida and it’s the worst job I’ve ever had. I needed it because I was in between jobs and wasn’t hearing anything back from potential employers and I still had to pay the bills so I took it. They made it sound good. Pay is $19.50 per hour. I was thinking I’d be able to get overtime and just stack up, but that’s totally not how it is. On average my shifts are 11 1/2 hours long and the dispatch is always complaining saying that you aren’t going fast enough. I never use any of my breaks either and haven’t had be any violations for the length of my employment, but I am planning on quitting at the end of this month. If you need to pay the bills it’s good for that, but quickly you’ll learn that this isn’t where you want to be. I’m using it as a stepping stone and even then it’s horrible. Your body will be drained from all of the steps and the in and out of the van. Highly recommend working anywhere else besides for an Amazon DSP",youtube,AZGgdKB8_w0
I just started working for Amazon Fresh warehouse worked 5 days for 5 hours a day and my body and my back hurts so bad now for many days.. I cannot imagine delivery work. Working for Amazon not that easy they want your all energy,youtube,AZGgdKB8_w0
Have you ever worked at Amazon making those comments buddy? You look like you couldn’t make it up the stairs,youtube,AZGgdKB8_w0
Amazon has almost killed me on about 4 different occasions; I use to fool myself into thinking that all I got to do is prepare myself better for the next shifts; But the truth is that you can not properly prepare yourself for a job that has job requirements which are designed to kill you slowly,youtube,AZGgdKB8_w0
The fact that Amazon and other hazardous jobs have caused the deaths of plenty of their workers and can continuously get away with it is glowing proof that United States citizens need to stop showing up to polls on election day,youtube,AZGgdKB8_w0
"Jeff Bezos, I hope you’re proud of what you created and what it has become.  A slave exploited racket.",youtube,AZGgdKB8_w0
I worked in the warehouse two years it wasn’t that hard to me but once i felt i was done with it i just started stealing time until I got caught 😂,youtube,AZGgdKB8_w0
Come work with in construction outside for a week and then ur going to love your job,youtube,AZGgdKB8_w0
First 2 days worked 12 hrs 3rd day I didn't even get out of bed  worst labor I've ever done 💯,youtube,AZGgdKB8_w0
"Let's be real, all the people quiting are the same demographic.",youtube,AZGgdKB8_w0
"Their is a reason, the union delivery companies are paying roughly 35-45 dollars an hour with benefits. This job is brutal. They have a phrase ""industrial athletes"". At the end of this career, you have bad knees and backs, hips getting replaced.",youtube,AZGgdKB8_w0
"I worked at Amazon here in Eastvale ca. 5:15pm to 5:15 or 6am warehouse packer very hard and fast paced job if your to slow you get a write up. You use all your body parts muscles I quit after 6 months, 15 of use got hired all together and I was the last one to go it’s no joke man.",youtube,AZGgdKB8_w0
"Amazon will beet you up, but also easy work.",youtube,AZGgdKB8_w0
Stop calling the job slavery when you're being paid. Amazon isn't the first or only hard job with long hours. Grow UP,youtube,AZGgdKB8_w0
I come from a hardcore labor background in my long work career.  Nothing ever broke me until I worked for a couple of DSP’s delivering Amazon packages. Slave labor practices! The only way to shut this company down is to stop working for them,youtube,AZGgdKB8_w0
"After i get my drivers license im quiting f amazon warehouse i work at the akc1 building avoid that area/the city like  the plague its too segregated too much favoritism too many followers not enough thinkers its people who think there better than you because they got a easier job 
Than you or make 1 or 2 dollars more than you i switched to flex just so i can go back to school i cant mentally stand to work there more than 7 hours a day out of the 10 hours required",youtube,AZGgdKB8_w0
I would never  quit my job...,youtube,AZGgdKB8_w0
"I do it as a side hustle. Lots of opinions, both positive and negative, but they could pay better ($25 for a minimum run).",youtube,AZGgdKB8_w0
"I was just fired from this horrible 🤮place. They treat people like commodities. The working conditions are deplorable, it’s already a warehouse, so it’s muggy. If you live somewhere where it’s 110-116 in the summer, like AZ, it’s worse. They provide electrolyte freezer pops, to help you stay hydrated, but you can’t eat enough of them because they don’t want you to leave your stations, so you sweat 🥵😓 it out. They tell to drink water all thru your shift. 10 1/2 hour shifts in steel toe shoes is inhumane 😫😩🤬👎🏾. They give you two 30 minute breaks, and one they pay you for and they time you so hard about it. They don’t want you taking money 💰 💵 from them, but they can treat you like a caged animal. They write you up for not making your “rate”, which is so freaking unrealistic it’s not even funny. The managers tell you that the “system” wrote you up. You are competing with their “system” that it is impossible to beat. They want you to become a machine and you are human. AND THEY DON’T CARE!! I heard horror stories about people that have major health issues because they pushed their bodies so hard to meet the rate demands. One lady I met went to the hospital 🏥 for internal bleeding because the workload was so demanding, and she said “I brought home $1200.” I thought “ yeah but almost died”. It was not worth it to me to push my body past breaking point to make them money 💰. I started with that attitude and ended with that attitude. They have a huge turnover rate, because they constantly need younger bodies to beat them selves down to meet their demands. It is a horrible place to work. 👎🏾👎🏾👎🏾👎🏾👎🏾",youtube,AZGgdKB8_w0
The modern workforce world in general smh,youtube,AZGgdKB8_w0
"Promote going to school. Really. Cause I have a BA from University of Pittsburgh and my son went HBCU Central State. MY first wage out of college was $7.35 per hour hired to be a secretary. Until I was told by a White Manager that that was discriminating and should have offered me a case management job just based on my degree. My son was harassed constantly as a funds manager and was told he did not fit their CULTURE. YOUNG ONES, DO YOUR OWN THING. START YOUR OWN BUSINESS AND FIND TALENT THAT LOOKS LIKE YOU. PLEASE. HOW ABOUT A BLACK EXPRESS COMPANY! WHATS UP! And, stop giving advice to people as you stand on the sidelines WATCHING!!!!! 🤬🖤",youtube,AZGgdKB8_w0
"Yeah we BURNED FIELDS IF COTTON, SUGAR CANE AND TABACCO. NOT YOUR FN SLAVES! 😮",youtube,AZGgdKB8_w0
Working at Amazon is easy! Does anyone notice any difference in the people who quit?,youtube,AZGgdKB8_w0
Let’s be honest though. Blacks don’t wanna work hard either.,youtube,AZGgdKB8_w0
Absolutely the best Amazon quit rage video ever🔥🔥🔥😎,youtube,AZGgdKB8_w0
Slave work?? Hopefully the white men show yall what slaves really are again,youtube,AZGgdKB8_w0
I just quit right now mid route we are over worked and low paid,youtube,AZGgdKB8_w0
I made alot of money betting on the new hires. We used to bet on how long they would last. I made a couple xtra hundred dollars every week until HR put an end to it. I chould always spot the ones that wouldn't even make it until lunch time.,youtube,AZGgdKB8_w0
African American and white American are the one re-signing? The Spanish are the ones who take the hard work,youtube,AZGgdKB8_w0
"Skilled trades stay booming.I get paid for my skill set. I luv my job,in my office feet kicked up watching this video.",youtube,AZGgdKB8_w0
I passed training and got 100 percent on the tests and driving school stuff.. was scheduled 1 week later with a trainer I had 177 stops he drove at first he didn't follow any of the training video car left on with open doors  no hazard lights on parking in incoming traffic blocking roads.. I questioned him and said he could operate like this.. so I took over did 60 stops he never said I did anything wrong I thought I was doing good only to be fired the next day not even 1 day of training and hr fired me for driving infractions. And  said I complained about the Heat levels.. I told the HR girl I didn't drive the whole route and they gave me a different vehicle that I didn't train in and the vehicle was busted up broken and falling apart.. I couldn't do anything except laugh.. and she wanted me to go in and pick up my last check I just hung up and said this is a joke.. I filed a complaint with civil rights Amazon don't think it's going to help but felt good to throw the dsp under the bus.,youtube,AZGgdKB8_w0
I thought they treated there workers good 15$ hr seems lil.low for NY idk an how do u  find a package in there whoever loading the truck need to try delivering that truck looked like a doller general,youtube,AZGgdKB8_w0
"Amazon is a cool gig for short term, maybe while in school or getting a skill or trade, or license, but NOT as a long term gig. You better learn a trade or get a skill in this world cuz Amazon is a shit company to work long term, they will fire your ass for any dumb thing no matter how long you been with them",youtube,AZGgdKB8_w0
"Im a driver, know my route well, its one of the hardest routes, being business/mall/residential included.... average packages daily is 200+ while other drivers have 150. Am i fast? Fvck ya! Am i efficient? Fvck ya! Do i get all packages delivered? Fvck ya! They keep me on the same route because everyone hates it while i deliver that sh1t fast and get off earlier 😂",youtube,AZGgdKB8_w0
I Literally Dont Know HOW TF There Doing That BS Job .. They Need Slaves !! Not Employees,youtube,AZGgdKB8_w0
"16.50 an hour??!!! Hell No!!! That's a slap in the face, they should at least start out at 22- 23 an hour. But 16.50 and hour?!!! Gtfah!!!",youtube,AZGgdKB8_w0
"4:18 some of these people like this one are straight up lying, they give you 10-11 hours 
Also I noticed a lot of people these days are just mentally/physically weak.",youtube,AZGgdKB8_w0
This is why Bezos is anti union. He knows the working conditions are terrible and illegal.,youtube,AZGgdKB8_w0
"Amazon should sue people for posting fake videos like this

Notice that EVERY PERSON in this video was a driver

Drivers DO NOT WORK FOR AMAZON

Actual Amazon employees make $25-$35 an hour and get full blue cross insurance, 5 weeks paid vacation, amazing holiday pay, a $5000 bonus at 5 years, guaranteed raises, a COLA every year on top of their raises. Drivers get none of that and Drivers are NOT AMAZON EMPLOYEES 

Actual Amazon employees rarely quit.",youtube,AZGgdKB8_w0
School can’t help everybody my dude and Amazon sucks I drove in peak season it was crazy I definitely quit to,youtube,AZGgdKB8_w0
Yo trabajaba en ruffing y me pagaban 100$ por dia aveces asta 14 horas ....eso es ser exclavos,youtube,AZGgdKB8_w0
"That is scary because we are slaves, and this go be worse , the IA and robotics coming now",youtube,AZGgdKB8_w0
"People get shit payments while the boss shoots hisr wive into the sky for millions, while preaching we have to save the enviroment.  See the problems...",youtube,AZGgdKB8_w0
"I work nite shift (1am - 5am or 6am flex up).. Make $23.25 an hr and I'm also a disabled veteran... I mainly work with small packages... But here is the Seattle area, 23.25 isn't too bad, but would like to see $25 min.... O and the $2 extra dollars that makes it $23.25, does help a bit.. But they reserve the right to knock it back to Dollars to the $21.25 , but has not happened yet... I'm in a seasonal position right now, and honestly, if I was offered a part-time permanent position, I would take it... I haven't worked in about 12 years until I started working here due to disabilities and Amazon was the only one to offer me a protected veteran status job... Only been a few weeks but we'll see what happens and see if I can keep up when the holiday season really kicks in.. 🤞🤞",youtube,AZGgdKB8_w0
The revolving door is not revolving anymore and the load on the people left is abysmal.,youtube,AZGgdKB8_w0
It's a fake video fact checked it.,youtube,AZGgdKB8_w0
Non livable wages for this type of work. It's not worth it anymore.,youtube,AZGgdKB8_w0
"""The reality of the situation 'living in America'",youtube,AZGgdKB8_w0
Why is it the blacks mostly complaining about having to work?,youtube,AZGgdKB8_w0
"I did it for three weeks working inside the warehouse at Amazon in Humble, Tx. 2018 making $9.50 an hour It was a bitch, feet was hurting walking on that hard concrete floor sorting small packages was murder for five hours. Good thing that is part time that I had to go to my full-time job after I get off of work with little to no sleep in between. And to top it all off, I stayed on the southwest side of Houston with a 30-minute drive ahead of me. I quit because my alternator went out on me at the job and that was the last straw. I'm glad Amazon didn't hire me back, and in between 2021-2023, I tried to re apply again as a driver because the pay was good.By  hearing these testimonials stories, I don't want to go back into warehouse nor be a driver,  I'm 44 years old and still work at a print shop. Less stress and less work. I would recommend anyone to work at Amazon full-time and part-time. It's worst then working at Grocers Supply.",youtube,AZGgdKB8_w0
Why are chocolate people afraid of dogs  😂😂,youtube,AZGgdKB8_w0
EXPECIALLY is not a word,youtube,MQjVIJkvNPY
In which state you r talking about,youtube,MQjVIJkvNPY
"Ik this is an older video but I just wanted to say, I have that same game on pillow lmao",youtube,MQjVIJkvNPY
I started with 19.50 hr . Night shift,youtube,MQjVIJkvNPY
$16 is good pay? In what world?,youtube,MQjVIJkvNPY
Is that 10% off your online purchases on Amazon?,youtube,MQjVIJkvNPY
We love Amazon videos I don’t know why 🤷‍♂️,youtube,MQjVIJkvNPY
This is exactly why no one likes Gen Z.... Just do your job...,youtube,MQjVIJkvNPY
Easy work is a W,youtube,MQjVIJkvNPY
Yeah i had that happen with my job they called me in drove 25 mins thinking imma start my shift only to get suspended and drive right back home again,youtube,MQjVIJkvNPY
All i know is this sounds WAAAAY better than abusive ass Walmart... 😭😭,youtube,MQjVIJkvNPY
Walmart is bad to it's employees Amazon even worse just in different way,youtube,MQjVIJkvNPY
thanks for sharing,youtube,MQjVIJkvNPY
How do I get out of the truck without getting fired little girls like you get the easy jobs but a grown man I workout too in the gym they put me in the truck everyday to wall build or break down the walls I’m trying to figure out why I do way more hard work then everyone else and I’m getting payed the same,youtube,MQjVIJkvNPY
You cant even unload. Relax,youtube,MQjVIJkvNPY
Tbh i see it as making bread as legally possible if the job is easy and schedule is easy no need to fuss over anything especially if the pay is reasonable some job the pay be trash literally,youtube,MQjVIJkvNPY
Why is a chic like this working for only $16 an hour.,youtube,MQjVIJkvNPY
"As a 6 year employee, the only pros are the benefits and incentives. That's it. The pay is ok. Nothing to brag about. And only gets worse when you top out with your wage. And than shortly after, you find out that new hires are STARTING at close to what you're topped out at because of them raising their minimum starting wage.",youtube,MQjVIJkvNPY
Ive been working for 5 months at amazon as a packer and a picker. The pay is fairly good but not good enough. The job is okay but im ready to quit.,youtube,MQjVIJkvNPY
Are you working at amazon?Do they pay for your collage?How's study going?,youtube,MQjVIJkvNPY
Information is so cool...,youtube,MQjVIJkvNPY
you still work there,youtube,MQjVIJkvNPY
"It’s very physical, and many cannot handel that and there is a lot of turnover. The benefits are worth it though.",youtube,MQjVIJkvNPY
do they hav positions wer poeple unload trucks by hand?,youtube,MQjVIJkvNPY
helo my queen,youtube,MQjVIJkvNPY
"The 10% discount is NOT indefinite, its only up to a max of $1000 per year

Building temperature is controlled from Seattle...i know, its fkn insane",youtube,MQjVIJkvNPY
I’m starting in September at 20.75 a hour,youtube,MQjVIJkvNPY
What is a do not shift mean? Thank you!,youtube,MQjVIJkvNPY
Does seasonal often turn into permanent positions,youtube,MQjVIJkvNPY
This job sounds easy.,youtube,MQjVIJkvNPY
are you still at amazon? 1 year later? i still am,youtube,MQjVIJkvNPY
4:21 what?? you don't get college benefits if you work 40 hours full time at amazon??? how does that work im confused what is blue badge??,youtube,MQjVIJkvNPY
U still work there,youtube,MQjVIJkvNPY
Since it’s seasonal is it possible for it to get a regular job?,youtube,MQjVIJkvNPY
Are you allowed to listen to music through headphones working in the fulfillment center,youtube,MQjVIJkvNPY
"U prolly never worked in the military 🤣 that is where you find unorganized, believe it or not lol",youtube,MQjVIJkvNPY
I actually just applied 5 minutes ago here in Las Vegas so checking out this video and hoping it's accurate as I'm in Las Vegas my things as I start and I think two or three weeks so wish me luck,youtube,MQjVIJkvNPY
Can i pick my hours and days if i want a part time? Already got a full time need two jobs right so i can stack my chips and buy the Crypto dip.,youtube,MQjVIJkvNPY
I work at Amazon in Canada my shift pattern is DF which is Monday to Thursday.,youtube,MQjVIJkvNPY
"I live in Canada. It's different here working at Amazon. They still have the same VTO, PTO & Vets. I work 30 hours a week 6 hour days from Sun - Thurs. So basically you pick packages, stow them in bags or you are unloading them on the conveyor belt for people to sort them out.

I'm in my 40's. So far I have to say out of all the jobs I had, This is my favorite job.",youtube,MQjVIJkvNPY
"thank you for your video.  (it's eSPECIALly not EXspecially btw darling).  
How long did it take for the soreness to go away after your first few weeks (or days?)",youtube,MQjVIJkvNPY
Yeah Amazon is worst during peak season,youtube,MQjVIJkvNPY
16 hr is slavery  .  Join the electrical union or pipefitters 40 + hr.,youtube,MQjVIJkvNPY
I like this  ideo,youtube,MQjVIJkvNPY
"Me, I started 4/11/2021. I have been there for 1 year & 6 months, going on a year and seven. I'm working on becoming a PA. I know that at first, it is hard, but overtime, it won't be as hard (even though somedays will be hard). I can recall working the first 95 days working Front half nights from Sunday 6:00 PM to Thursday 4:45 AM (there were 3 overtime days where I didn't want to get out until 5:45 AM). During my night shifts, I feel tempted to either sleep in the parking a lot of a store or even check into a hotel and sleep the night (My fulfillment center JFK8 is near at least 2 hotels). At times, I wanted to sleep at my station. After switching to days, my body said thank you. Now I can sleep at night and work during the day.",youtube,MQjVIJkvNPY
What happened if we break the contract sis,youtube,MQjVIJkvNPY
"I've been with amazon since 2017, in hindsight it was the best career choice I could have possibly made.  Pro tip, if you want to move to a tier 3 or higher position, take advantage of Career choice.",youtube,MQjVIJkvNPY
I work 3 days a week at the local hub as an Amazon employee and 2 days a week as a DA for a DSP.. it's not too bad at all,youtube,MQjVIJkvNPY
I did stow and there would be days where they sent me down to the docks,youtube,MQjVIJkvNPY
"I don’t think it’s worth it. At least in my opinion. I worked the night shift and it was super depressing. I was usually by myself and barely spoke to anyone because well…. You couldn’t cuz you would get in trouble. I would try keep myself motivated by listening to prod cast or music but headphones are not allowed! (You will get written up if caught)
Imagine doing the same motion for 10 hours with no music and no company🫠 oh and you will be criticized if your not meeting the rate. Fuck that! lmao. Your better off doing something else then work there. If you have no other options at the moment, try and go in as a driver. There’s pros and cons to everything  but at least your outside and not in a depressing fucking warehouse. And drivers get paid more so that’s pretty cool:)
I left after 5 months and decided to join the Army. I leave for boot camp in 4 weeks!🙌🏽",youtube,MQjVIJkvNPY
"I'm not sure if you'll see this, but do they have alarms or do you have to keep track with your breaks?",youtube,MQjVIJkvNPY
"👧 , I worked Inbound and it's tough. However, I met some amazing people while working there. I 💘 your video. ❤️.",youtube,MQjVIJkvNPY
Awesome,youtube,MQjVIJkvNPY
I work Thursday Friday and Saturday from 6pm to 630am,youtube,MQjVIJkvNPY
I was laid off work a month ago and I wouldn't mind working at Amazon but the pay is too low for me.,youtube,MQjVIJkvNPY
Does benefits-401k start immediately?,youtube,MQjVIJkvNPY
What is the starting pay and what benefits does Amazon offer,youtube,MQjVIJkvNPY
Glad I saw this video. Their about to open a fulfillment center 20 minutes away from me. I'm used to lifting heavy stuff. Plus I'm a supervisor for a grocery store so I'm used to walking around and standing on my feet for long periods. I think I might go their,youtube,MQjVIJkvNPY
How much companies you worked for. At the time of that video,youtube,MQjVIJkvNPY
The amazon where I use to work they were dumping dead bodies in the creek by the building still doing to this day,youtube,MQjVIJkvNPY
"I would take that job over this seasonal job which i have for anyday. I'm in Croatia and i work at national park and pay here is 2.64 euros per hour and worst part of it is that you work 6 days (you morning shifts are 7:30am to 15:00pm (i get up at 5:40 am because i have to catch a bus/van and afternoon shifts are 12:00pm to 18:30 with a fact that the bus driver will pick you up at 19:30 pm and you get home at 20:00pm) for 8 hours and have 1 day free but even that is bearable compared to my coworkers (in my sector) who are most annoying, mean and just downright bad people who drown you in negative  energy. We are severly understaffed (5 people are on a sickleave and 3 people were deployed to fire department), people are lazy and only lazy people benifit. I did got some extra pay and there is a rumor for little bit of extra pay in these next 2 months (this and next one are my final and i'm never returning here). I'm so mentally exausted, i can't wait till my contract experies ( i only picked up this job to repair my pc, buy some video games and get a new phone).",youtube,MQjVIJkvNPY
can you pick your schedule as a seasonal worker,youtube,MQjVIJkvNPY
When did they change the hours to good???? I was working 14 hour days 1 30 minute break. How do you negotiate the 10 hour day? When was this video made?,youtube,MQjVIJkvNPY
Hi what kind of drug test is it a saliva test ?,youtube,MQjVIJkvNPY
"It Sucks that Amazon restricts its employees from listening to music cuz it makes time go by hella faster  especially since I work a 4 Days & 10 hr shift 🎧 Since I Cosplay as Miles Morales, listening to music is a must lol🎧",youtube,MQjVIJkvNPY
September I’ll be in new facility in Texas as fulfillment working the “Donut Shift” Current job we work 6 days a week 10 hours and we have no air conditioning or heaters in our warehouse. I been at current place for 5+ years and my pay never gets better . So I’m not afraid of hard work I do it in probably worse conditions. This was a positive video thank you for sharing.. Standing and lifting.. sweating and freezing etc. is my life atm. I know they’re turn over rate is horrible because they didn’t ever ask for my work history that I was so proud to share with staying with current company. Not sure what to expect but other friends and previous co workers been there awhile and think it is a good job 🤷🏼‍♂️,youtube,MQjVIJkvNPY
McDonald’s is a hot box lol,youtube,MQjVIJkvNPY
I work in the uk i do around 15 to 20 miles of walking  a shift when cart running if I do waterspider 20 to 30 miles,youtube,MQjVIJkvNPY
"Comment By Km
5 months ago
My son went from working hard on a hay farm to being a package driver for Amazon for one dollar more an hour. He loved it at first but that love quickly wore off. As he kept making his delivery time goals each week, they kept pushing him more and more without any bonuses. It was never good enough. He was working 12 hour shifts. He was exhausted,  going up flights up stairs carrying packages daily. 
The better he was, they more they worked him until he completely gave out. Once he tripped on a step and he was terrified to tell management so he wouldn't get yelled at n get a mark against him or get fired. I cleaned his elbow and super glued his elbow skin together and put butterfly stitches on it send sent him back to work. 
A year later, after 2 years of no raises, tighter goals to meet, no recognition for safety, and reaching his goals, he gave up n quit.",youtube,MQjVIJkvNPY
"cool, do u still work for amazon?",youtube,MQjVIJkvNPY
when i was at the fulfilment center i was doing rebin in the packer area i wanted to pack boxes like you did but i was put on rebin and it was terrible,youtube,MQjVIJkvNPY
Is it possible to work part time at the warehouse? For example working 2 days or 3 days,youtube,MQjVIJkvNPY
Did you lose weight working there?,youtube,MQjVIJkvNPY
"Your experience is similar to when I first started working at Amazon. However I worked as a Amazon Whole foods shopper associate. At the beginning of the pandemic people were buying lots of items like water, flour, pet food etc. 


It does get tiring but the weekly pay and choosing my hours was worth it. I start in July at the warehouse for the packer position. 🙈 definitely nervous",youtube,MQjVIJkvNPY
thanks for this video youre helping a lot of people especially young people who get anxious about jobs,youtube,MQjVIJkvNPY
"Hello Kaelle. Ammmazzing name by the way 🤓Awesome video 🤓 Thanks for sharing your information about Amazon along with your work experience at Amazon🤟🏽I applied for Amazon for the Amazon Fulfillment Warehouse Job as My first job last week  ✔️My interview is Wednesday & my start date is next Thursday so I’m pretty excited  especially after watching your video 🤟🏽😎🤑 The job roles to me sounds pretty straightforward so I’m not too worried cuz at the end of day as long as the tasks are easy , the environment is non-toxic & the money is somewhat decent, I’ll be good as gold lol🤑📦🤟🏽",youtube,MQjVIJkvNPY
Do you need to be vaccinated to work there?,youtube,MQjVIJkvNPY
FAST PACE MEANS NO TIME OFF!!!,youtube,MQjVIJkvNPY
Are you still work in Amazon?,youtube,MQjVIJkvNPY
"bruh can we say that about 90% of the workers and staff have bad BO like holy shit, I feel you on the unorganized part this is the first time I've had paychecks fucked up, I'm a seasonal worker trying to get a blue badge but ofc transfers come and take the position, scraping the tape is soooo bad lmaoo .i'm 21 and it makes me realize I don't want to find myself back at here by 30 cause that's not a good place",youtube,MQjVIJkvNPY
Do the drug test for thc,youtube,MQjVIJkvNPY
beautiful..,youtube,MQjVIJkvNPY
"The site I work,  they don’t have pre established computer boards for staffing. They place your name on the boards while you are in line,  which is very inconvenient. You also have  deal with other coworkers who are edgy as well it’s kinda like Pavlov’s dogs, not too a good way to start off the day!",youtube,MQjVIJkvNPY
Do you have to go for an interview?,youtube,MQjVIJkvNPY
Cool,youtube,MQjVIJkvNPY
I thought the Tuition was for full and part time workers and full time workers????,youtube,MQjVIJkvNPY
"I was there for a month as seasonal. But so much vto, we were asking,”Why they hire us, if there’s no work?”. But more like only a few weeks, because of all the vto.",youtube,MQjVIJkvNPY
Can you add more hours to your regular shift? I got accepted for part time and i wanted to do more hours. Do you know if it possibke to change to full time? Or maybe just add more hours to those shift?,youtube,MQjVIJkvNPY
Day and night difference is shoes!,youtube,MQjVIJkvNPY
"yeah i got moved to pack, hardly did that because they make me do unnecessary work.",youtube,MQjVIJkvNPY
What are the best shoes ??,youtube,MQjVIJkvNPY
"Bruh I got the best schedule, Monday-Thursday 6:30-4:30 Friday Saturday Sunday off, ya boy straight chilling",youtube,MQjVIJkvNPY
"At SAN3 i see a lot of young people with running shoes, not always quality. Having worked at the massive car rental center at the airport, our subcontractor wasnt as supportive as Amazon is ie., Zappos gear. Running shoes grip the mats, not having proper inserts even on athletic shoes is taxing on the ligaments and muscles throughout the leg over 8-10 hrs of standing and walking.",youtube,MQjVIJkvNPY
Are you still working at Amazon?,youtube,MQjVIJkvNPY
30min breaks? Mbn😭😭 and second 15’s? Wtf my warehouse only get one 15 breaks but also there is a one hour and 30 min break after the first shift is finished :) also the only thing that sucks is that there’s no one to talk too 😀 and I’m only 18 and talking to older ppl is kinda like weird so finding someone my age is difficult,youtube,MQjVIJkvNPY
"Not too sure what to do lol, yesterday was my first day and they have me training to be a pit driver.. I am not comfortable driving it due to the fact that my eye vision is pretty terrible.",youtube,MQjVIJkvNPY
"Knowing Amazon isn't very organized, it makes me nervous since in my previous jobs, I was always the leader to keep the places organized. 🤣 God, I feel like I'll push my luck and show them to organized if my facility is that bad.",youtube,MQjVIJkvNPY
Damn your hot lol cool thanks for the info,youtube,MQjVIJkvNPY
I literally start in February on the overnight shift from 6:30pm - 7:00 am,youtube,MQjVIJkvNPY
Does anyone know if Amazon requires their employers to get vaccinated?,youtube,MQjVIJkvNPY
"18:30  the 'supervisors' hiding in pairs behind their laptops shooting the breeze and gossiping while 60 pound boxes and 100s of pad envelopes are literally falling off the conveyor belts all around them... Then when a truck shows up 15 minutes late & there's nothing on the belts they go around 'asking' (cough, cough) who wants VTO? And if you refuse b/c you actually NEED TO WORK they give you the stink eye and you can bet there will be repercussions later...",youtube,3ytZ8_6ieoI
i was doing 10hr shifts then they switched to flex. i like flex but 5hrs still feel like 8hrs. i do pick up extra hours but when i do my lower back  hurts,youtube,3ytZ8_6ieoI
If your not unloading 15 trucks a day then I’m sorry your not build for it… I meant people are unloading 5 trucks and they think they are keeping up with the ones unloading 15.. 3 times and much so if you don’t want to work then don’t come…,youtube,3ytZ8_6ieoI
"Glad to hear they were fine w/you not wanting to be promoted. That's been a problem at every low-stress, mindless job I've taken just to make a little extra $$ that I didn't desperately need (I'm also an eBayer plus I travel A LOT, for months at a time, so seasonal jobs work for me.) Other jobs start trying to promote me after a few weeks b/c I actually work and above all ACTUALLY SHOW UP CONSISTENTLY, then they get mad when I do not want to be a line leader or a shift manager, etc. An extra $1.25 an hr for having to put up w/that extra crap & pressure? No thanks, this is never going to be my 'career.' After a few months they get a butt-hurt attitude and start insinuating I'm not a 'dedicated employee' b/c I have NO INTEREST in being promoted. Always a sure sign it's time to quit and go to Thailand again, lol. I'm starting an Amazon seasonal next week (Memorial Day), planning on keeping my head down, working my butt off thru the Christmas season, enjoying my free $130 Timberland boots, and being on the beach in Bali by late January. If it works out I may repeat this every Fall...",youtube,3ytZ8_6ieoI
"Hi Kurt, 

Thanks for sharing your story. It's 100% spot on. I'm nearing 2 years soon and if anybody is reading this, I'm going to warn you: 

Don't work for this company long term. 

I don't want to go on a rant but pretty much a lot of things you've read and seen are true. The toxic managers, people getting fired for wahtever reason, etc. 

The only thing I never experienced was peeing in a water bottle. I never seen that by anybody but I work in one of the smaller Amazon warehouses.",youtube,3ytZ8_6ieoI
You explained everything so perfect ! Thanks lol good thing you left. Im planning my escape also !!!! Very soon 😅😊,youtube,3ytZ8_6ieoI
I know this is a three year-old video but three years ago I worked for Amazon and California in Eastville. I loved it. I love the fast pace. I did the package handling outbound . I’m now in Texas. There’s a Amazon fulfillment center in Carrollton Texas. I’m near there. It is so hard to get in to start work. They have no openings in Texas at all. When I go through the search can somebody help me find work in Texas at an Amazon. I would really appreciate it.,youtube,3ytZ8_6ieoI
"I have been at 5 buildings doing pick, afe, PIT, stow, rebin, prep, and outbound truck stack. The metrics or demands can vary from building to building.",youtube,3ytZ8_6ieoI
The worst thing you can say is that your back is messed up with a job like that. Doesn't matter how long you've worked there? That's when you realize you're just a number!,youtube,3ytZ8_6ieoI
"love the vent about lame worker pretending to supervise 😅 'that person' is everywhere! think If there's a atrong core of employees with pride they get put rt in there place. Amazon being so big with such high turnover in employment, these a**h** just exist.....Thanks for making this, it was helpful 👍🏽",youtube,3ytZ8_6ieoI
What a great video! Thanks for the info,youtube,3ytZ8_6ieoI
Thanks for the info,youtube,3ytZ8_6ieoI
"106,000 views

This video got more views than every other video he has posted, combined",youtube,3ytZ8_6ieoI
"Amazon it’s not the job to do forever, what’s even the point of becoming a boss there most of them are completely miserable no joy .. I would rather flip fries than to be miserable",youtube,3ytZ8_6ieoI
If you are cross trained in different areas it’s hard to get VTO. They’ll just send some people home and move others. In my experience the older people work harder and stay longer than the younger people. My back went out for 3 days. Went to er and he said many Amazon employees come in. I couldn’t prove it was because of work because I didn’t go to them right when my back was hurting. I was off work when it went out over night. Woke up and couldn’t stand upright at all,youtube,3ytZ8_6ieoI
Funny how you even had Cons in your Pros,youtube,3ytZ8_6ieoI
You're weak,youtube,3ytZ8_6ieoI
I've been there almost 3 1/2 years and have gone from $17 to $22 which is really the main reason I'm still there. I switched from nights to Flex and only do 20 hours at most during the day. I don't know about other sites but at mine supervisors will try to find ways around your accommodations which is always fun to deal with. If I'm able to get my disability up to 100% I'll be out of there.,youtube,3ytZ8_6ieoI
What do they have older people with physical disabilities do? Walmart type of workers to be exact? Slugs,youtube,3ytZ8_6ieoI
"No one has answered my question on Reddit, maybe I’ll ask it here… I have a start date of 12.26.24 this seasonal, which  is right after Christmas, I’m worried they might let go of people or cancel my shift before I start, is there a chance they might cancel my shift?",youtube,3ytZ8_6ieoI
"I was an AM for a around 3yrs an worked in an FC and when you talked about the back story I cringed inside I'm sorry that happed to you. I cared about my people a lot, but I know for a fact there were times where I got caught up bc it was peak or whatever bs and probably said some ish like that too... felt like I needed to hear that story. Hope you're doing well now man!",youtube,3ytZ8_6ieoI
For the hours worked for pay it's not a pro so no,youtube,3ytZ8_6ieoI
"I start tomorrow, I’m going to request a forklift position",youtube,3ytZ8_6ieoI
Worst job ever 😅😅😅😅,youtube,3ytZ8_6ieoI
Your channel is AWSOME and inspirational ****  THANK YOU! 😊,youtube,3ytZ8_6ieoI
"Would you recommend down playing your physical capabilities when starting the job? My first day is next week, I’m definitely a hard worker but it sounds like that’s a bad thing. Thanks!",youtube,3ytZ8_6ieoI
"I work at Amazon, and I recommend don’t work at Amazon. place is a joke.",youtube,3ytZ8_6ieoI
"I did Sort and pick for 16 months, it wasnt until I quit how much I actually liked the job. You stay busy and theres usually always something to do and you can go in and not speak a single word to people lmao (my favorite part) But yea it really started to do a number on my feet as I was always moving at a fast pace. Going back on the 13th =D.",youtube,3ytZ8_6ieoI
BROTHER HOW CAN I CHANG my SCHEDULE time shift from night to day,youtube,3ytZ8_6ieoI
This is very helpful.. I’ve been on the fence but no thanks!! 😂,youtube,3ytZ8_6ieoI
"Thank you for this video.  My grandson works at a FC. He approaches the job like  a professional athlete as it relates to how he cares for his body. Sleep, exercise, body toning , etc.  He loves he night shift and wants to move up. I quess it is all in your attitude, career dreams and the compensation. He is in his twenties, no children and not married. He puts his money into investments until he decides to move on. All jobs are not for all people all the time. Chose your battles and the length of time.",youtube,3ytZ8_6ieoI
Lmao chicken nugget on a stick,youtube,3ytZ8_6ieoI
"20:30

Bro this is one of the biggest pet peeves of any job.

People that send you an email for you to send an email. 

""hey max i saw you talking to so and so last week, can you send her another email following up on xxx""

its like bitch, why are you spending time telling me what to say we're in the same position, you got her email too",youtube,3ytZ8_6ieoI
So he wants to fire poor old people😯,youtube,3ytZ8_6ieoI
"Amazon just instituted a $2 an hour raise for everyone. And you still get your step plan raises too. 

Kurt probably has the most fair Amazon video of anyone on YouTube but anyone thinking of working at Amazon don't be discouraged. Give it a shot. It's a great job. With the 8 holiday bonuses, VET and MET this is a $75,000 a year job. And it's not that hard",youtube,3ytZ8_6ieoI
Union. That is all.,youtube,3ytZ8_6ieoI
Chicken nugget on a stick 😂,youtube,3ytZ8_6ieoI
Winter’s vacation time,youtube,3ytZ8_6ieoI
That’s lowest paid framing u get to 2 years union 45 +,youtube,3ytZ8_6ieoI
Seriously go to suburbs and find were they are expanding always are and just walk up ask around dressed to work right away tell them you are available right now any hours any pay and you will be on your way to learning a trade that pays well I can get a job tomorrow for 35$ for being professional painter,youtube,3ytZ8_6ieoI
I’m about to cry and throw up and I don’t have to work thank god I don’t know about any of you are willing to do this you can handle construction work and there’s a large variety of jobs like painting is like taking a nap compared to this and you will start at 20 hr minimum just go around to construction sites and find the supper and tenant or foreman and ask them if anybody needs workers.and it has high turnover rates because of drugs and felony world so always somebody fucking off and lots of under tables no drug test jobs and you are dependable and not a junky 2 years you will be making 40$ in charge of shit or something,youtube,3ytZ8_6ieoI
Were you working for Amazon or an agency?,youtube,3ytZ8_6ieoI
WARNING incoming workers!!! bring your license with your social security card or birth certificate on your prehiring day because you need it to complete the second half of your i9 but they don’t tell you anything about that on the “prehiring checklist” 🙄,youtube,3ytZ8_6ieoI
"This video was helpful thank you! i’m 19, a full time college student, and I just applied for a full time position at my local amazon fulfillment center sun-wed 7-5:30. I hope it’s not too much when school comes around in the fall, I kinda wanna ask if I could go to part time if I need to. Also wow I hope i’m gonna be able to lift the heavy boxes 😭 I have my pre-hiring appointment on monday.",youtube,3ytZ8_6ieoI
This sounds similar to Walmart D.c. left after 10 years...now onto day 1 at Amazon in 2 weeks.,youtube,3ytZ8_6ieoI
definitely correct about some of the people working there. We have a lady who has been there from back when they just hired everyone as permanent. She cant do any position because any position she does will get backed up instantly. They literally have her walk around picking trash and papers up off the floor. Anytime they put her in an actual position they will put someone else there also to actually do the job. She is literally getting paid to show up.,youtube,3ytZ8_6ieoI
"now they do usually hire people only on a temporary basis and then keep the good ones. I just got my blue badge, which means i got converted to permanent. definitely agree with most of this video.",youtube,3ytZ8_6ieoI
Sounds a lot like UPS.,youtube,3ytZ8_6ieoI
"Truck driver here, been doing it for 16 years. Im sick of it and considering going to Amazon. Im currently trying to figure out which position to apply for. I dont like dealing with people, I work better alone and i would love a 4 day work week",youtube,3ytZ8_6ieoI
"You sound like a whiney baby that never heald a real job before. Plus, you dont even know about the business. Forklift for pick!?! 
Do you even know what youre talking about?",youtube,3ytZ8_6ieoI
"I worked there several times, had to leave for various life reasons. A delivery station, a fresh location, and currently a legacy FC/cart pick. I always liked it though. As long as someone wasn’t intentionally antagonistic people generally get along.

The time-off, 4:10s, and the general same-ness of the work everyday are huge pluses for me. It goes fast so the weekends feel even longer than they already are. 

Went back as seasonal but I’m trying to get blue-badged as I’m at a point where I can stick it out for the long term. I get why people don’t like it, but it works for me :) but of course YMMV

The only caveat for me is it has to be lighter work, I’m not a hulk-framed dude, but I excel in light work especially with walking.",youtube,3ytZ8_6ieoI
Where is part 2,youtube,3ytZ8_6ieoI
I worked at two Amazon locations. One of them you could stand around and be lazy. The other location worked everyone to death. Even the elderly and petite women were expected to work just as hard.,youtube,3ytZ8_6ieoI
15:26  I hated that in other warehouses. Working harder hurts you. Crazy,youtube,3ytZ8_6ieoI
"No, HR is not there to help at all, I am on my Friday of my second week and I joined Amazon because my last job did not have benefits and I’ve been smoking cigarettes for 30 years. My teeth are not faring well and I am being discriminated on heavily called a crackhead and retard I tried reporting it to HR. They did nothing and it made the problem worse. Now I’m catching the immature children They have for leadership going around telling people I am retard and they will lie about it if I try to report them.",youtube,3ytZ8_6ieoI
I'm one of those old people.  All my life i've been a threat to gold brickers.,youtube,3ytZ8_6ieoI
"Dude, you need to adjust the camera angle. It feels like you are talking to someone that you are straddled over.",youtube,3ytZ8_6ieoI
"I work 2 days a week at the warehouse now, making almost 40 base pay not bad. Will not slave any more in that place. Dont get the insurance but i do get a 6% 401k match. Not terrible",youtube,3ytZ8_6ieoI
You were spot on lol.,youtube,3ytZ8_6ieoI
"Been working at my location 2 weeks but I’ve worked in warehouses for 20 years Walmart target and Mclane mid Atlantic. 

You spot on about this job. Not a lot of work ethic I’m already frustrated loading trucks by myself daily while some trucks got 3 people loading them.",youtube,3ytZ8_6ieoI
"I've been doing landscaping 7 days a week most weeks.. for over 20 years now.. in southern Alabama. I'm 40 yo. And to hear all these people bitch about how hard the work is, and how their body is so worn out... makes me laugh my ass off. You panzis",youtube,3ytZ8_6ieoI
Finally a truly unbiased review working at Amazon by an actual experienced worker. Thank you for this!,youtube,3ytZ8_6ieoI
"Here’s the problem, it takes too long to hire people properly knowing that they either quit or get fired so they set the game up where they hire Anybody so they will always have somebody to fill the spot. It’s a shitty system, but it works for them. that’s why for the last decade, Amazon never let me down my package comes to my house hell to Highwater . So they hired anybody so they always have a full staff. They never run low because they’re hiring shitheads. I don’t personally work there but boy I seen a minimum of 100 videos and everyone has the same complains people who are home should stick a dollar in their hand or two dollars. I know you’re probably not allowed to take tips, it’s up to the people just stick it in their pocket and shut the door, the kind of work the drivers do and the kind of work the warehouse people do they should be getting 50 bucks an hour 
End of story",youtube,3ytZ8_6ieoI
"At my facility, I was negative on my UPT and they kept me there and put me back into the positive 🤷‍♀️",youtube,3ytZ8_6ieoI
thanks for this I start my 1st day on Sunday,youtube,3ytZ8_6ieoI
You think HR is there for you? 😂,youtube,3ytZ8_6ieoI
The location I was at would go around enforcing the rules mainly when they were offering VTO. Basically trying to intimidate you into leaving early. I am waiting until they offer day shifts and/ or flex time to reapply.,youtube,3ytZ8_6ieoI
I never worked a 40 hour week in 40 years.,youtube,3ytZ8_6ieoI
"Hey.   I'm  one of those people 
Wanna v
Be supervisor 
Do you have a problem  ??
Say it to my face",youtube,3ytZ8_6ieoI
Thank you man. I got hired and I regret!,youtube,3ytZ8_6ieoI
Amazon is trash,youtube,3ytZ8_6ieoI
Is the fulfillment center same as distribution center Amazon?,youtube,3ytZ8_6ieoI
"When you said in the interview process they said, ""You need to be able to lift 50 lbs.."". Then the old timers show up, skinny women, and shlubs wow..",youtube,3ytZ8_6ieoI
Near the end you mention doing a part 2 of working at Amazon- did that video ever happen?,youtube,3ytZ8_6ieoI
"It is interesting you post this video 2 years ago.  I’ve now been working at an FC for 2 years.  They’ve just now in 2024 introduced at my facility this policy where they rotate workers from job to job to minimize the risk of injury.  They said if you’ve been picking for three weeks straight they may assign you to pack or count and they’re trying to get more people trained in amnesty because people keep quitting.  I just recently quit amnesty after doing it almost 2 years.  Anyway, now I’m finding out that they were already rotating workers at other facilities for years and they’re just starting doing this at my facility.  Why weren’t they already doing this?",youtube,3ytZ8_6ieoI
Everything he said!  I too sell for Ebay.!,youtube,3ytZ8_6ieoI
6:34 ugh sounds like heaven to me,youtube,3ytZ8_6ieoI
Thankyou for the Info!!!,youtube,3ytZ8_6ieoI
Glad I’m not working anymore!!!,youtube,3ytZ8_6ieoI
"Like practically most companies in the US, its flat out exploitation on a massive scale. Europeans companies would NEVER be allowed to pull the nonsense that Amazon does in the States.",youtube,3ytZ8_6ieoI
"I never in my life ever before used a tech device  or understand how use one  to scan shelves packages etc. Long story I was put on a safety team to give comands to employees to stay 6 feet. Basically I was labeled, scapegoated, stigmatized and maligned by the warehouse and by my coworkers. If you can't do the work whether it being a technical reason or physical reason then don't be surpised that whomever in the warehouse will allow you to be an outcast.",youtube,3ytZ8_6ieoI
58 125lbs Been working at Amazon almost 4 years as a stower also been a learning Ambassador a problem solver and a water spider. Applied to be a PA.,youtube,3ytZ8_6ieoI
"Been working at Amazon for 4 years, started in pick now I’m in the pack department…. I’m soooo glad u brought up the lazy a$$ kissing coworkers that do nothing all day and don’t seem to get fired .",youtube,3ytZ8_6ieoI
"The medical insurance is great! About the only thing good at Amazon. Benefits on day 1. Anyway, I had a heart attack on the clock in 2018. After adding up everything from the hospital stay to the surgery, was 1.2 million dollars. All 100% completely covered by insurance and Amazon short term leave. I didn't pay a single penny.",youtube,3ytZ8_6ieoI
Chicken Nugget on a Stick 💀💀💀💀💀,youtube,3ytZ8_6ieoI
"They should get paid not by the hour, but by the quantity of work done without causing injury to oneself or fellow co-workers. The incapable people get paid low amount and just quit.",youtube,3ytZ8_6ieoI
I feel like if you don’t plan on moving up then there is no reason to work hard,youtube,3ytZ8_6ieoI
Ive been there since april of 2021 im thinking of quitting now becasue they added MET the last 2 weeks with hardly any notice and im one of there good workers too ive been doing courgate and waterspider for stowe the biggest pro id say that people with a background can get hired but thats not for me but people who cant get ceratin jobs i find amazon a good option for them,youtube,3ytZ8_6ieoI
"The insurance is way too high for me. For me, my wife and son it’s almost $500/ month. Horrible , good benefits but too expensive which is ridiculous. Basically lose a check a month to just benefits. I’m not staying super long as you can go elsewhere and pay way less for benefits. They can afford to offer cheaper benefits but they’re cheap and don’t care. I’m on ship dock currently, don’t like the culture though. Easy to get in though so is nice for some people if they’re looking for long term. Unfortunately not going to work for me as the benefit cost ruins it.",youtube,3ytZ8_6ieoI
I am glad I watched this.. Great iteration of what to expect. I applied as a seasonal worker with hopes to go full-time. I have high work ethic and the word around here is that the bar is set pretty low as well. My plan was to get as close to 60 hours a week as I can until seasonal ends or converts then I will set a pace and probably 6-month-1-year goals within the company.,youtube,3ytZ8_6ieoI
I'm glad they recognized you because I've been there 2 months now and I do outbound pick and my average pick per hour is anywhere from $90 to $114 an hour within the first 20 minutes the highest I've ever gotten was 164 pics in an hour and I picked over 290 tems from the start of my shift going into first break and I wasn't even told a good job by any of my managers yet so I really don't understand why I keep wasting my time hoping to actually make some more money when they clearly don't appreciate it or give a damn,youtube,3ytZ8_6ieoI
"Apparently, all the buildings quit testing for marijuana.",youtube,3ytZ8_6ieoI
I Bet They're Happy You're Not There Anymore 😂,youtube,3ytZ8_6ieoI
Started at Amazon a month ago. Theses  mandatory OT Days are brutal. It has been called the last 3 weeks and we are about to hit Peak season as well. 😅,youtube,3ytZ8_6ieoI
Badass information….Thanks!,youtube,3ytZ8_6ieoI
"Can a single person live on salary in a warehouse?
So that he can pay for the apartment, bills, everything he needs and maybe even save something?
Or is that job only for students, i.e. those people who, for example live with their parents so they don't have to pay for an apartment and bills?",youtube,3ytZ8_6ieoI
I currently work at Amazon and it’s nothing like this tbh all I hear is complaining from this video tbh,youtube,3ytZ8_6ieoI
"I worked for Chewy for 11 months. Actually, it wasn't a bad job except I had a problem with this safety guy, I still remember his name. His name was Nick. For some reason, he had a problem with me. He was always trying to write me up for this or that. Once he wrote me up because he said I rode the movexx (a scooter carrying a cart full of boxes) under a forklift which I didn't. For the next 2 weeks, I had to push the cart around by hand. I told him I had health problems, told my supervisor & even went to HR & they did nothing...so I ended up leaving!",youtube,3ytZ8_6ieoI
My Experience Working at an Amazon FC Fulfillment Center For Over 3 Years - Cons vs Cons,youtube,3ytZ8_6ieoI
Check out the newest video I posted dedicated to amazon. I give tips and information you should know going into there,youtube,euq6par1NDQ
How is $15 an hour “good pay?”,youtube,euq6par1NDQ
"Basically be a slave , nah I’m good",youtube,euq6par1NDQ
lol i see people dressing like its CLUB AMAZON!!!!,youtube,euq6par1NDQ
Why did you stop working as a dietary aide?,youtube,euq6par1NDQ
Very informative😀What about working in the freezer department ❓,youtube,euq6par1NDQ
Since you work seasonal after that did they let you go or did they give you an option to stay,youtube,euq6par1NDQ
i feel like if i can work at Amazon and not complain i can do anything,youtube,euq6par1NDQ
"Great video. Love the positive vibes. Went to my hiring process today!!
This is very helpful...and I've watched a LOT of videos to be prepared for what's to come. Thank you!!!!",youtube,euq6par1NDQ
Too many restrictions.,youtube,euq6par1NDQ
"Excellent Video, very helpful and well explained.",youtube,euq6par1NDQ
"Great job explaining! 
I work at Amazon now 2021. Been there 3 weeks. I work Saturday and Sunday 10 hour days. 30 minute break 30 minute lunch. It's the standing and walking. 
Truth is the job is for who it's for. It's a  2nd job for me and I enjoy it. People need to know thyself. Thank you for your point of view.",youtube,euq6par1NDQ
Thanks ❤,youtube,euq6par1NDQ
Yeah but what if you have the shits?,youtube,euq6par1NDQ
"Tbvh..
Mentally, Amazon night shift isn't the best at all",youtube,euq6par1NDQ
What are some requirements to even apply like do I have to be 18 with a diploma or what,youtube,euq6par1NDQ
You cute,youtube,euq6par1NDQ
Amazon is easy compared to chewy,youtube,euq6par1NDQ
Amazon Employees Need A Union,youtube,euq6par1NDQ
"What I don't like I'll be honest. This place prides itself in it's diversity yet everyone is supposed to be the same. Some people have different skills. I got fired too, not for time off task, but for a class 1 safety violation. I was angry. It seriously is one of my biggest pet peeves when you only could walk in one spot, and yet bikes are riding in the only spot you could. The person who had me fired couldn't even really explain what I actually did wrong. They didn't know how to operate a forklift. I didn't go in their way, they went in mine. Also if you are disabled you may get hired, but you're at a major disadvantage.",youtube,euq6par1NDQ
Even talking about amazon gets you breathless the job is inhumane haha i quit the past friday after 3 months and couldnt feel more relieved..still recovering from the back pain though 🥴,youtube,euq6par1NDQ
Lmao Ite be i start thurday at 6:30 i do 3rd shift ion know if imma picker or sum but imma find out,youtube,euq6par1NDQ
Just I want to know if you think working as a dietary aide is better than working at Amazon? I start a dietary aid job on Monday at a hospital and I’m really excited because the pay is $15 an hour but I also worked at a factory before and I had to quit in the first week because I absolutely hated it and my body was in so much pain 😭,youtube,euq6par1NDQ
"It's basically paid prison. But, you just get paid for it. That's the way I choose to look at it",youtube,euq6par1NDQ
I could never work there if I start thinking I go crazy if I don’t have music or some distractions,youtube,euq6par1NDQ
Does amazon hire felons?...Do you personally know any that works there?,youtube,euq6par1NDQ
What is the risk of injury?,youtube,euq6par1NDQ
Very realistic and informative. What does 15-18$ an hour mean for positions. I'm confused. Excellent video. I'm going to be hired for days. I'm taking a break from my profession d/t the risk of covid is high in my profession. You make me excited to start there cause I was worried about injuring myself 😫,youtube,euq6par1NDQ
What kind of clothes should I wear?????,youtube,euq6par1NDQ
Thank you for keeping it real❤️❤️❤️,youtube,euq6par1NDQ
Night shifts don’t make more $15 only,youtube,euq6par1NDQ
The management sucks,youtube,euq6par1NDQ
"Thank you, I start this week as a picker, are you still there? I picked the 7 to 5:30 shift sunday through wednesday. My schedule for this month and  December has me working 6 days a week off Fridays, is this normal? Thank you!!",youtube,euq6par1NDQ
"Ashlie, what about purses? Can they come in with us?",youtube,euq6par1NDQ
"does amazon monitor each employee/sortation Associate's performance? How do they do it, do you have any idea about how could I know how am I doing at my job ? I am a Sortation Associate and it's my 6th day running.
Like, at which speed any associate is working ( any work - picking parcels from the conveyar belts or ailes before loading the vans, stowing parcels into the bags, pushing parcels at the Induct area)?

Today I simply clocked out when it was my clock out time in the mid of stowing parcels into the bags, hoping that someone from the next shift might clock in soon and resume the task of stowing.

Now I am not sure if I should have informed my supervisor before clocking out that I haven't finished my task, evene though I was told in my induction that I am supposed to clock out within next 5 minutes of my shift ending hour",youtube,euq6par1NDQ
what were your favorite shoes to use?,youtube,euq6par1NDQ
"Hey beautiful, so Amazon has me going through it! But I’m about to restart I need the money but this video of yours expired me to go get a job months ago I just want to say you are beautiful and have a good day",youtube,euq6par1NDQ
Hey I missed my new hire appointment. Do you think I can apply again and get another appointment??,youtube,euq6par1NDQ
Am I able to have a water bottle with me?,youtube,euq6par1NDQ
"Hey nice video, ummm do everyone have a car or do you know anybody who do public transportation, that works Amazon.",youtube,euq6par1NDQ
"what was your job title? 
which department of the warehouse?",youtube,euq6par1NDQ
Why dont you Sell on amazon and not work there.. then you dont have to put up with all that,youtube,euq6par1NDQ
"If you’re scheduled to work 4 hours and you work 1 extra hour, will you get in trouble for that?",youtube,euq6par1NDQ
What do you pay for your health insurance is it good to get it?,youtube,euq6par1NDQ
Damn girl what did you do with your eyes 👀 it was good or bad when you looked out the window your eyes didn’t look good? Lol seriously,youtube,euq6par1NDQ
Do you still work there?,youtube,euq6par1NDQ
Do they have lockers for your phone or personal things ?,youtube,euq6par1NDQ
Is the job easy to learn?,youtube,euq6par1NDQ
Do you have to take an assessment when you fill out an application? Do you have to pass it in order to be hired?,youtube,euq6par1NDQ
Do you get paid weekly?,youtube,euq6par1NDQ
do u need a hs diploma or a GED to work there? i jus turned 18 & i’m still in hs,youtube,euq6par1NDQ
i have a question how many writes up do you have to have to get fired at amazon?,youtube,euq6par1NDQ
"I like your talking, you nice and respectful. I been trying to apply at Amazon everyday but nothing is so difficult, there is no opening in my are for Amazon wharehouse andvis ashaim I done wharehouse all my life and Im fast and hard wprker and cant get in.",youtube,euq6par1NDQ
Do they give you a shirt to wear or can you wear anything?,youtube,euq6par1NDQ
I wanna work at amazon when I turn 18 in November I just don’t wanna work as a cashier I hate those jobs ...but I’m nervous 🥺thanks for everything ❤️,youtube,euq6par1NDQ
"Thank you for this, I was looking for advice from a woman about what you can bring. I heard the lockers are really small?",youtube,euq6par1NDQ
"Im 17 and im turning 18 very soon, will amazon hire me ?",youtube,euq6par1NDQ
"Sortation center...is were 
I work....your job sounds like way too much...😳",youtube,euq6par1NDQ
"Working within the company is full of shit unless you want to manage people. As a worker that just was here as an in between job, they really tried to undermine and belittle me and others. It's all a bunch of kiss assness going on at this dirthole.",youtube,euq6par1NDQ
This was hilarious. I currently work at amazon processing returns & it’s really not bad at all. I was lucky enough to start in March when the covid precautions started since then they DONT really Care about our rate as long as you aren’t going EXTREMELY slow.... & they let us bring our phones in the building which equals headphones for me because my hair covers my ears. It’s literally wonderful... only complaint is the long hours... cuz even with breaks & tot (time off task) I’m never back in exactly 15 mins or 30 I take my time & nobody has come up to me about it 💀,youtube,euq6par1NDQ
Hi dear i m pregnant i m going to work in amazon .i want to know if it is easy for me or no ..can i tell them that i m pregnant in the first day ?,youtube,euq6par1NDQ
"Worked there for 2 days . Fuck that, never going back",youtube,euq6par1NDQ
"As a former employee, all I can say is, they will treat you as nothing but a number. That is the slogan we all as workers came to realize. Everyone who has nothing else going for in their life and just wants to wrap their lives around amazon will use every tactic they can to climb up closer and closer to the next position. Including sabatoging their corworkers. Everytime they gain a new position, their persona changes. The closer to Bezo's ass, the better they feel is a piece of heaven. The worst establishment I have ever experienced.  If you choose to take on a job at Amazon, but you know it will not be long term, make sure you keep knowledge of who you are, don't let anyone try to belittle your character, and don't tell your agenda to too many people. Stay very private. Show up and do your job and go the fuck home. Selah.",youtube,euq6par1NDQ
"one question , does the time off task accumulates ? or how does it work",youtube,euq6par1NDQ
I just applied to amazon today hope I get the job do they put you at different stations? Or keep you at the same one while working there?,youtube,euq6par1NDQ
"Ashlie, Thank you for the video it is very helpful! I’ve watched many negative videos & yours was great! Thanks for the tips, advice & going into details (:",youtube,euq6par1NDQ
"Great video, thank you! What shoes worked best for you? Going tomorrow for my id and drug test, I signed up for seasonal. hope you do more videos!!",youtube,euq6par1NDQ
"Hello:)
How long did it take for your first paycheck?",youtube,euq6par1NDQ
YOUR FACE AT 3:09 HAD ME SO DEAD BUT I DEFINITELY LOVE THIS VIDEO IT PUT ME AT EASE,youtube,euq6par1NDQ
do all amazon warehouses give you the option to pick your hours or do they give you they hours they feel like giving you and also do you have to work 7 days a week,youtube,euq6par1NDQ
What kind of drug test did they do? Pee? Hair? Swab?,youtube,euq6par1NDQ
get hired for delivery warehouse team member dont know what to expect ?,youtube,euq6par1NDQ
"They had part time in the job description, but everyone is saying the shifts are 10 hours so...?",youtube,euq6par1NDQ
Lots of walking? Omg I'm in! I worked at an office where I sat for 8 hours. I went depressed. I'm hyperactive and I need to move. Office jobs are death for me 🤮😭,youtube,euq6par1NDQ
If I work there I'm not keeping my shoes on all day long walking for 10 hours. I'm letting these feet breath,youtube,euq6par1NDQ
"Hey Ashlie, can you use the bathroom any time or do you have to wait for a break?  Thanks!!",youtube,euq6par1NDQ
At my amazon building we can have our phones out and use them in the building.,youtube,euq6par1NDQ
This video was very helpful. Starting tomorrow,youtube,euq6par1NDQ
This woman is beautiful,youtube,euq6par1NDQ
This video was very detailed and I go in a few days to be a sorter. Eased my mind so we’ll see how it goes! Pretty straightforward.,youtube,euq6par1NDQ
I just started working as a picker on Tuesday and my FEET BE HURTING 🥴,youtube,euq6par1NDQ
So much great info in here! Very helpful to anyone nervous about this process. Would love to have you guest post on our channel soon!,youtube,euq6par1NDQ
Tbh I like picking when you’re moving around time goes by fast compared to standing in one place the whole time I use to be a picker,youtube,euq6par1NDQ
damn you work at the classic amazon,youtube,euq6par1NDQ
"Pickers at my facility have very different job than pickers at yours. We stand in one place with 6 totes next to us. Robots bring us a shelve of items and you have to find the item, scan it and place it in the bin a computer tells you to put it. It’s less walking but we have to meet a 350 items per hr quota which is hard on your knees.",youtube,euq6par1NDQ
"Hey, thank you for the details! I’m offered both the seasonal sortation position in the sorting center and the seasonal sortation position in the delivery station.. out of the two, which one would you choose? Any particular reason?",youtube,euq6par1NDQ
Do you feel like a lot of females work there or males? Dod you wear makeup? Have you made friends working there? Love your vids!!! Just subscribed because you’re so damn funny && descriptive!,youtube,euq6par1NDQ
What shoes should I wear that would be comfortable?,youtube,euq6par1NDQ
Yu had me rollin n i jus got da job how long wuz yu dea,youtube,euq6par1NDQ
Yurrr I’m contemplating applying is it worth it? I’ll be 18 on the 30th and like I got social anxiety 😭 shid it’s way more money than I make now but like ion wanna get stuck in that bih and regret it ya feel me my cous work there and when I be asking him how is it he don’t really explain it that well so ion even know what to expect frfr cause if I apply I gotta stop smoking for a lil 😭 thx for the vid thoo it seem like it’s the type job you just gotta push through for the money,youtube,euq6par1NDQ
"Hey I’m going to start as a seasonal sorter, will amazon lay you off when the seasonal time is over? Or do they give you an option to work full time? Thank you",youtube,euq6par1NDQ
Why no Apple Watch?,youtube,euq6par1NDQ
Is this Amazon PR or are you genuine?,youtube,euq6par1NDQ
How do you call out in Amazon,youtube,euq6par1NDQ
I love her attitude,youtube,euq6par1NDQ
This video help me go get my job thanks young Queen,youtube,euq6par1NDQ
Appreciate this very good informative 🙌🏾🔥,youtube,euq6par1NDQ
Do they pay your health insurance premiums if you work part time?,youtube,euq6par1NDQ
Do they have somewhere to put your belongings or ?,youtube,euq6par1NDQ
"Thx this helps, I start in 2 weeks. 👍",youtube,euq6par1NDQ
"Let's make it simple. Amazon on Glassdoor is 3.2, Google is 4.4. End of any debate. 3.2 means very very very very bad!",youtube,4FUu1uCxEWI
"my friend who recently started working at amazon is quite literally relocating to a different state to escape his current boss. he done did the offer in his home town with all his homies here and everything, but decided it wasn't worth putting up with that boss.",youtube,4FUu1uCxEWI
I worked for USPS out of high school as maintenance and it was nice and easy then went back to school for aero engineering and got lucky getting a pathways internship for NASA GSFC (Goddard Space Flight Center) and after graduation became a full time employee aka civil servant even though there's a government shutdown I'll never leave I'll die here idc,youtube,4FUu1uCxEWI
working at amazon is not much different to becoming a servitor.,youtube,4FUu1uCxEWI
Amazon is hell in mexico pays the same as Google but is so much exploitation.,youtube,4FUu1uCxEWI
There's nothing like working in a brick/morta business like construction. All other business are getting highly automated.,youtube,4FUu1uCxEWI
Give me the sound give the beat of tarzan,youtube,4FUu1uCxEWI
love these videos,youtube,4FUu1uCxEWI
My company only does oncall for mid-level and higher. NO way new grads go on-call lmao.,youtube,4FUu1uCxEWI
Was at AWS for 3 years and it was so awful. Once I had enough experience I jumped ship to Google lol,youtube,4FUu1uCxEWI
"Amazon is good for business in problem solving, Google is for product research work, Microsoft is good for national and international delivery.",youtube,4FUu1uCxEWI
People think engineers at Amazon are subhuman clearly,youtube,4FUu1uCxEWI
"Amazon sounds like hell. My friend worked at AWS and they wanted him to work 7 days a week, 12 hour days. He has a wife and kids, ended up just quitting and is much happier now.",youtube,4FUu1uCxEWI
"Google not paying employees what they're worth for the google brand name attached to their CV feels counter intuitive. Like yes you will attract people who will be willing to work for less but those same people you attract will likely use google as a brand to get more money from other companies like amazon, willing to pay more. Therefore it benefits everyone if you pay people what they're worth. Perhaps google does take care of their employees however.",youtube,4FUu1uCxEWI
"1:00 that's a normal time IMO. You can study runbooks all you want, but the fastest way to learn is to be behind the steering wheel if that makes sense. My oncall rampup at AWS was similar, although we were always told if we didn't know what to do we could escalate.",youtube,4FUu1uCxEWI
The thumbnail itself is the answer😅,youtube,4FUu1uCxEWI
"I work for Amazon; it's okay. I mean I'm still with the company 7 years later soooo🙈

OMG everything you're saying I just wanna comment on lol; Tribal knowledge, big issue in my team too and we've had tons of meetings about it. Still the same. 
Speed over Quality; same thing, so true, you can't imagine the nonsense that's happening because of not focusing on the quality first.
Automation!!! I die a little bit everyday knowing a bot can do 60% of my job but isn't.",youtube,4FUu1uCxEWI
both are woke companies after all.,youtube,4FUu1uCxEWI
Surprised that google cloud is so bad compared to AWS when the quality of work is higher. guess they just work on the wrong things.,youtube,4FUu1uCxEWI
"You been there for 1 months bro. You don’t know enough to judge that “on-call” is bad. 

First off, it’s team-dependent. Some teams rarely have anything for on-call perhaps because it’s mostly research-focused or some other reason.

On-call just means you’re working on tickets during work hours and not “sprint work”. And after hours, yo have a pager and you get paged when an alarm goes off because one of your team’s app is F”ing up.  If you understand how everything works; you can fix that issue or better yet, identify the bug and patch it so it doesn’t alarm again for example.

Having software engineers as on-call is an incentive for teams to code their apps properly without bugs so it rarely fails and so it doesn’t page them in the middle of the night",youtube,4FUu1uCxEWI
"I'm science manger at Amazon,  we have been forced to fire people to meet >6%. These number was not the percentage of putting people to focus, it's the number to let people go, e.g., I need to fire at least one people out of 10 people at my team every two quarters or even one quarter if there is new instruction from ""leaders"". There is very little which I can do. We also need to rank the team members performance every month to decide who will be put to focus. When something bad happen, the senior leadership willl definitely find one lower level manage or engineer to take the blame. The culture is just so toxic. Thinking about twice before you joined the company.  I also plan to record one video related with this when I quit.",youtube,4FUu1uCxEWI
what’s on call,youtube,4FUu1uCxEWI
i ain’t got sh*t to do outside so let me work whenever wherever,youtube,4FUu1uCxEWI
Google stock is shit though. Amazon stock and growth forecast outshines Google big time. Work culture is shitty but great for people early on in their career. You learn a lot more than a google engineer.,youtube,4FUu1uCxEWI
Amazon shit!!!!!,youtube,4FUu1uCxEWI
"I work at Amazon, but not in the US. The culture here is really good barring all the issues that are occurring because of the state of the industry. The oncall in my country is only during the work day, so you're not expected to dial in to a call at 2am like a lot of other teams overseas. I agree that a lot of manual work exists, but I found success in automating a lot of it and it was one of the things that led to a promotion within about a year for me. The issue is that the only 2 big tech companies we have here are Google and Amazon, and Google will have maybe 2-3 open mid level engineering positions over the entire year, to work on managing legacy software rather than shipping new stuff.",youtube,4FUu1uCxEWI
I worked at Amazon for less than a year. They staffed my entire team with new hires led by a manager who was spread too thin and a TL who was a company veteran but yelled in meetings on multiple occasions and in my opinion didn't really give us proper technical direction.,youtube,4FUu1uCxEWI
“Was Google cool? Yes. Was Amazon cool? Weeelll….” LOL 😂,youtube,4FUu1uCxEWI
I like amazon and learned a lot during my internship there but would probably be fairly stressful as a fte there,youtube,4FUu1uCxEWI
Indonesia has toxic companies too,youtube,4FUu1uCxEWI
"i've got horror stories about amazon lol, what an awful time
made a good stack though",youtube,4FUu1uCxEWI
"Sound like google earned their reputation rightfully.
I would rather work for them at half the salary rather than working in the sweatshops of amazon",youtube,4FUu1uCxEWI
"What does it mean to work ""on call""?",youtube,4FUu1uCxEWI
"i don't care what the pay is, I'm not working ""on-call""",youtube,4FUu1uCxEWI
"This is going to sound super niche, and I don't know how big of an audience you have for this is, but would you ever consider doing content on scientific programming?

I'm a PhD student working in the intersections of materials science, chemical engineering, electrochemistry, and molecular physics. More and more of the work I'm doing is requiring building and running code to simulate physical and chemical systems, and while it doesn't pay as well as these Fortune 500 tech jobs, it does contribute directly to developing better solutions for problems in structural materials, energy, and environmental rehabilitation. Oh, also, we still use Fortran.",youtube,4FUu1uCxEWI
That explains why we see a lot of people with less than 1 yr exp in Amazon,youtube,4FUu1uCxEWI
Bro why you look Indian and sound like foreign person 😅,youtube,4FUu1uCxEWI
First comment !!,youtube,4FUu1uCxEWI
Amazon Prime distribution centers have the ability to work you through your break time and record even two minutes.That is a terrible place for anybody to work.The Amazon warehouses don’t require to tell you anything about not working hard enough.But they will fire 🔥 you.??The only thing that can save you from is to develop quickly to adjust or be fired.Horrible mangers with horrible leadership.😅😢😮😊.?,youtube,wk1w_U1Xmcw
"The number workers will decrease
 The number of drivers will decrease. They will not have enough to load their trucks. Delivery workers who own their trucks will be stuck with debt for the truck. Amazon does not want to pay overtime. They asking them finish the job by a certain time but not enough time to deliver packages.",youtube,wk1w_U1Xmcw
"Everyone needs to remember this about Amazon drivers.. they don't actually work for Amazon.  They were for different separate DSP's who are contractors for Amazon.  Drivers paychecks do not come from Amazon, they come from the Delivery Services Provider who they actually drive for.  Yeah, they have vans with Amazon logos and uniforms with Amazon all over them.. but they work for the DSP.  FedEx does the same thing.  One reason is so you can't unionize drivers like UPS did.  Another reason is to keep wages low.",youtube,wk1w_U1Xmcw
Working in moldy environments. Amazon cleaning the work environment. Working in poor indoor quality. Working in heat stroke temperatures.,youtube,wk1w_U1Xmcw
That's why companies don't realize that layoffs increase the work load on the people that's left. AI is good for in factory but you still going to need drivers. And it is not always going to get done in the time given.,youtube,wk1w_U1Xmcw
And no they don’t love it simp they hate it we seen the vids,youtube,wk1w_U1Xmcw
"Freight partners truck drivers need to do this unsafe trucks , Ai camera are garbage underpaid heavy work loads . I think whoever works for Amazon period should quit!",youtube,wk1w_U1Xmcw
"I used to be a PPQA specialist for outbound years ago and still have PTSD from these stupid concentration camps (warehouses), there’s the measurement for Tier 1s’ rates called DPMO (Defects per million opportunities) and when it gets so high for any associate it would make the manager write the person up or PIP. My duty was to prevent DPMO from getting so high helping thousands and thousands of associates with their scans much better than the learning Ambassadors did anyway. Associates always came and go I mean no investment in retention whatsoever. The amount of analytics and graphing software I was given access to and saw the managers using in the outbound operations made me do a voluntary termination. It’s almost like associates’s jobs are designed to fail not be leaders like they claim. They can hike up and control every human robot in the warehouse and there’s nothing the associates can do about it. Tier 1s really are just pawns it’s so sad and I had to quit.",youtube,wk1w_U1Xmcw
I got let go because I didn’t finish my route within time mind you i barely started 2 weeks ago and I sprained my ankle on my 3 day how do they want me to go fast with a sprained ankle,youtube,wk1w_U1Xmcw
The problem is people are too lazy anymore. The amount of people who shop online is ridiculous. They support these trash corporations like amazon .I'm proud to say I do not shop Amazon,youtube,wk1w_U1Xmcw
Oh sorry 😐,youtube,wk1w_U1Xmcw
"Amazon is a losers paradise. This is going on in all industries, not just Amazon. To make a low 6 figure income as a project manager, you are working 80 hours a week. I want my boss to pay me on an hourly basis so I do not have to pay Federal Income tax on my overtime. That is a new law that we should all take advantage of.",youtube,wk1w_U1Xmcw
"Unionize and ask for better benefits, if not, all employees globally need to walk off job until Amazon wants to negotiate better working conditions and wages. Otherwise Amazon will continue to abuse labor force. Unions were started for a reason.",youtube,wk1w_U1Xmcw
I would be real nervous right now if I was a truck driver or worked for Amazon or any LABOR job right now...🤮👎,youtube,wk1w_U1Xmcw
Amazon drivers having accidents and making big money suing them 😂,youtube,wk1w_U1Xmcw
Robots are a bad thing because robots dont put money back into the economy. Think about it.,youtube,wk1w_U1Xmcw
"Amazon is extremely anti union. They hire union busters to go to the warehouses to speak to employees and drivers about why they believe the union (Teamsters) are bad. Amazon doesn’t want their employees to have a voice,an advocate to fight for better pay and working conditions. I personally had a heated verbal confrontation with a union buster at my Hub last Christmas. It was pretty intense.",youtube,wk1w_U1Xmcw
Amazon doesn’t layoff drivers. Amazon does not have their own delivery service. We are logistics companies that deliver for them. We are called DSP’s. They are independently owned and operated. The owner of each DSP has a contract with Amazon. I am a driver with a DSP in south east Massachusetts.,youtube,wk1w_U1Xmcw
"I worked for a big  popular grocery store as a night stocker.  They don't care about paying your bills or about you. They only care about the store's needs, and will cut you hours. They will talk down to you like you are worthless and send you home early. After I quit, I spoke to one of the leads, he told me he can't keep workers! I now know why.",youtube,wk1w_U1Xmcw
I will stop shopping with Amazon and close my account,youtube,wk1w_U1Xmcw
Worked 1 whole day. They make it clear on the 1st day that it was a slave job. They want hard core slaves.,youtube,wk1w_U1Xmcw
Amazon need go out business,youtube,wk1w_U1Xmcw
Master slave,youtube,wk1w_U1Xmcw
I hope everyone doesn't get there packages.,youtube,wk1w_U1Xmcw
"The disrespect runs deep because they take any warm body off the street and will put them in positions of authority where they absolutely do not even remotely belong. So now you have somebody that has most likely never had a job in their life, living in their mother's basement and they're thrown into an authoritative position, what could go wrong. It's absolutely disgusting, trust me I know. It's nothing but favoritism, the way Amazon works is it's either who you know or who you blow PERIOD.",youtube,wk1w_U1Xmcw
Even in returns they want direct roles doing indirect or quit and expect 60 to 75 per hour rate UNREALISTIC,youtube,wk1w_U1Xmcw
Amazon needs a heavy dose of Teamsters Unionazation.,youtube,wk1w_U1Xmcw
"I believe this is the best humanity can do , so we're all fucked...",youtube,wk1w_U1Xmcw
These young minded kids will never understand life. They crying about a hard labor job with hard conditions to work in. This is the future of our nation lol. USA IS DOOMED. too many adults are babies. Don’t like the job then quit and find another. Simple as that. If you hate the way Amazon is treating customers. Build your own empire and take them out. Amazon will not go anywhere. Boycott them or not their stock speaks volumes.,youtube,wk1w_U1Xmcw
"I never made it to day one because no matter how much the interviewer hyped up the job and pay, something just didn't seem right.",youtube,wk1w_U1Xmcw
Due to lazyines,youtube,wk1w_U1Xmcw
"HAHAHAHAHA omg i just watched a liberal chick complaining everyones getting fired, now a bunch of liberals complaining about QUITTING!!!!!  WTF DO YOU PEOPLE WANT????  NAP TIME AND HUGS AT WORK????????  fuuikk",youtube,wk1w_U1Xmcw
Let the robot  buy from Amazon  stop buying,youtube,wk1w_U1Xmcw
Less people with jobs= less money to buy stuff= less sales,youtube,wk1w_U1Xmcw
Youneed a union,youtube,wk1w_U1Xmcw
yes you are the problem,youtube,wk1w_U1Xmcw
*Jeff BoZo dose not care*,youtube,wk1w_U1Xmcw
Yup. I worked at Amazon. I lasted 3 months. It served its outpose and I jetted as soon as I had an opportunity back in my chosen field.,youtube,wk1w_U1Xmcw
Two Lights,youtube,wk1w_U1Xmcw
100 deliveries in 8 hours....thats 1 for every 5 minutes.....one single delay snow balls that equation.,youtube,wk1w_U1Xmcw
Should have called this stupid video…I will get to that in a moment… did you know that the red legged saltwater salamander 🦎 that’s only found in Madagascar lives in freshwater lakes and rivers in the South permafrost mountains range in high altitude environments it’s a large variety of salamander 🦎 12-26 inches long weighs 5-8 lbs your welcome!🤓,youtube,wk1w_U1Xmcw
Good information!,youtube,wk1w_U1Xmcw
You stop the videos to much,youtube,wk1w_U1Xmcw
This world F ing Sucks now.,youtube,wk1w_U1Xmcw
Customers should stop going to this stores stop completely stop shopping boycott them 👋👋👋,youtube,wk1w_U1Xmcw
Its funny how people think being a Amazon delivery driver is a cakewalk. Most new hires quit within the first 2 weeks.,youtube,wk1w_U1Xmcw
Benefits must be great why people flock to work there.,youtube,wk1w_U1Xmcw
All the Amazon crybabies should try order selecting in Htx for Dr Pepper 62-75 hrs a week mandatory,youtube,wk1w_U1Xmcw
the problem is the lazy employees too not just amazon,youtube,wk1w_U1Xmcw
I only made it to 2 days working fo Amazon delivery 😂😅,youtube,wk1w_U1Xmcw
I do not and will not shop ever ever ever at Amazon because of their business practices and the way they treat employees.,youtube,wk1w_U1Xmcw
I always told myself even when I was unemployed that Amazon driver would be my literally LAST resort,youtube,wk1w_U1Xmcw
"yeah, the amazon that i work at is a nightmare. sometimes i literally feel like i am in a nightmare when i am there. I refuse to give them any of my money. I would rather take my ass to the store. or order it somewhere else.",youtube,wk1w_U1Xmcw
"ACTUALLY,  AMAZON DOESN'T EMPLOY DELIVERY DRIVERS. 
 Deliveries are woth Amszon marked vsns, yes. But those vans are owned by third party contractors called ""Delivery Service Partners"" or DSPs. Ergo, delivery drivers are employees of tne DSP, not Amazon (Despite Amazons name on the cans and worker shirts. 
 Amszon limits how msny vans and drivers DSPs can have.
 Why?
 Becsuse kerping each DSP fairly small will msjebit virtually impossible to Unionize them. If for example tne Teamsters msnaged to unionize obe DSP, it wouldn't be enough to csuse any real chsnge. Then that DSPs contract would be terminated!",youtube,wk1w_U1Xmcw
I don't understand why everything in Amazon is broken 😫,youtube,wk1w_U1Xmcw
You only need people until mechanization is possible.  A century and a quarter ago 40% of the American population was directly involved in food production.  For themselves and for the rest of the nation as well as for export.  Today it is less than 0.01%.  The only way to work for this joint is to find that rare boss and work for her.  I found one of the best more than two years ago and have never been happier.,youtube,wk1w_U1Xmcw
I think they will lose a lot of customers too. Not only the the ones that they laid off but regular customers too because people are realizing we are where we are because of the elite,youtube,wk1w_U1Xmcw
"I was there for 8 years and I had 4 surgeries because of work injuries. I was hoping too be there at least 10 year to retire but they fired me when I told them I wanted workman compensation because I got hurt myself carrying heavy merchandise. 
First week there I went home crying. But I made it 8 years.",youtube,wk1w_U1Xmcw
I work for Amazon for the last two and a half years I have sustained multiple injuries they send me to amcare only to tell me that I'm fine and nothing's wrong with me now I have elbow injuries find it hard to do my job and they tell me it's a soft tissue injury but if I file an L&I claim that I have a Target on my back can't afford to lose my job but here we are this company is the worst support your local mom-and-pop shop in shop elsewhere hit Amazon word counts in their bottom line in their pocketbook cheers to shop elsewhere stop Amazon,youtube,wk1w_U1Xmcw
I work here at a fullfillment center and I'm 52....it's literally the hardest job I've ever worked physically....and I've done roofing construction here in Florida...the benefits are so good and I feel bad for thinking of leaving but it hurts so bad on feet n back,youtube,wk1w_U1Xmcw
"Yeah, ""a job is a job,"" but I have had back issues and all the Amazon jobs I see want me to be able to lift 49 pounds. We can't all work anywhere, especially those with limitations like this. Why should I work there? Why WOULD I work there. It's fine to think ""a job's a job"" but that is very narrow minded. You had me until that point. Narrow minded much?",youtube,wk1w_U1Xmcw
"Dsp (drivers) don't actually work for Amazon...and for the drivers it's not actually made for breaks!!!! I was
A driver quit on my second day",youtube,wk1w_U1Xmcw
Dont shop amazon slave labor told liberal friends they still do told them u support billionares uhh.,youtube,wk1w_U1Xmcw
"Amazon is a dangerous place to work, all the talk of safety on day 1 goes out the window the second you start to work.   The trainers even yell at you for trying to do the required safety checks.",youtube,wk1w_U1Xmcw
Production harassment is real at Amazon if you work at entry level .,youtube,wk1w_U1Xmcw
"I am 76 years old I just got fired from HMHN JFK I started there MARCH 30
2020 /between MARCH 2020 and MARCH 2024 I worked 7 days a week 80 hrs in 1 week  I can count how many days I had off / I AM A TELEPHONE OPERATOR/ I take pride in what I do I ONLY TOOK USE OR LOOSE TIME OFF THE PAST 5 years. I got fired because my area was filthy I chose not to complain I chose to clean my area myself I scrubbed the floor in my area as the result I was fired",youtube,wk1w_U1Xmcw
I stopped shopping there ANYWAY when I bought two bags of chips and it was stuck in transit and NEVER arrived! I called and they did NOTHING so they took my money and NEVER refunded me! C'mon Bezos don't you have enough money man! YOUR company sucks! NEVER use Amazon AGAIN people! THAT is how you WIN!,youtube,wk1w_U1Xmcw
They should have less packages for smaller vans period and if politicians weren't shareholders they would be getting regulated properly,youtube,wk1w_U1Xmcw
Walmart and now amazon 😢,youtube,wk1w_U1Xmcw
"Hundreds of people should apply, go through the training to get the money and quit before ever getting in a van. Crush the system",youtube,wk1w_U1Xmcw
"Really?! I didn't know! You can go through a burn out! Also, AI is taking our Jobs, because there's no medical, dental, or Retirement too!",youtube,wk1w_U1Xmcw
"When i was working for UPS over the holidays, there were so many times I ran into the Amazon drivers, it was raining.  The Amazon packages were getting sopping wet.  At UPS, they encourage us to consolidate their packages in a plastic bag, which did take me an extra hour or so for the whole route.  Plus, we were required to ring the doorbell and yell, ""UPS!"". So many times I had to pick up the Amazon package and add it to the UPS packages in the plastic bag.  Having been employed by Amazon previously for 6 months, I was well  aware their every move was being timed, and they could not do the extra things that would prioritize their customers' satisfaction.",youtube,wk1w_U1Xmcw
People start buying local in your communities .sopport local businesses .stop buying in Amazon buy local simple,youtube,wk1w_U1Xmcw
🤣🤣🤣🤣🤣👍,youtube,wk1w_U1Xmcw
Everyone whining thinking they need to be paid more,youtube,wk1w_U1Xmcw
"You would need to finish one package every 5.217 minutes during a demanding 20-hour shift, excluding time spend in traffic, taking breaks, or using the restroom. That would be the 230 packages route. 🤣🤣🤣🤣",youtube,wk1w_U1Xmcw
"Amazon should always have at least two workers for each delivery van, they're too massive of a company to be cheap n try and get by with the least amount of workers, it is absolutely unrealistic!",youtube,wk1w_U1Xmcw
I have never pay for Amazon prime ever they put small businesses out of business. I’m not for Amazon although I will not lie once in a blue moon I’ll ask one of my friends to get me something on Amazon but I refuse to pay for it.,youtube,wk1w_U1Xmcw
"10:10 If someone asks me what's the better job option out of Amazon and Wal-Mart, my response will be: What type of predator do you feel you have the better chance of survival with?""

And if you're in a severely economically damaged area, places like Amazon, Wal-Mart, Target, and maybe a few Panera Bread openings might be your only options for jobs",youtube,wk1w_U1Xmcw
"4:50 I've seen these videos for years, personally worked at several Amazon warehouses for years, and I've been interacting with other people who work at Amazon for years, and all of the experiences described in the videos are true, nothing exaggerated 

That's why I'm actively involved in my community to push for worker rights; And for all the people who say ""That's just the way it is"" I definitely want to know what they're reaction will be when they see a dead friend or relative who died while trying to prepare a package for delivery",youtube,wk1w_U1Xmcw
"2:15 Although I could be wrong, I don't believe anyone who says they like working at Amazon or any other horrible job that damages your body and mental health",youtube,wk1w_U1Xmcw
These people are probably making videos of how hard it is to find a job now.  The grass isn’t always greener on the other side.  Good luck.,youtube,wk1w_U1Xmcw
Shut up and play the video,youtube,wk1w_U1Xmcw
They temporarily disabled my Amazon flex app went to the dsp and trying to see if they can hook me up again,youtube,wk1w_U1Xmcw
"Amazon isn't hard work. That black guy is lazy but like I said amazon hires people it shouldn't be hiring. The hours are terrible. Either you get too much or too less. 
Lots of people think amazon is supposed to be light work. I guess Amazon hires too many lazy unfit workers who are drug addicts and just looking for a quick job.",youtube,wk1w_U1Xmcw
Too many drug addicts and homeless choose Amazon. The job is a warehouse but Amazon hires without a physical test.  They treat you like garbage the only good thing is the hourly raise,youtube,wk1w_U1Xmcw
In sortation centers the flex downs only give 18 hrs. Plus with safety shoes enforcement and hard hats it's a deterrent. Amazon is full of single mommas and the elderly,youtube,wk1w_U1Xmcw
Amazon psp1 Beaumont ca sucks management suck,youtube,wk1w_U1Xmcw
UPS does this too folks no ac in their trucks no ac in their builds,youtube,wk1w_U1Xmcw
How is it working in the warehouse at Amazon?,youtube,wk1w_U1Xmcw
"I do not support Amazon for several reasons and one of them is because of how they treat their employees. Whenever I see them delivering for my neighbors I want to offer them to use my bathroom and have a drink but I don't want to bother them. The way the US treats employees in general is sinful & a joke to people from Canada, Australia, UK. I am glad they pulled out of QC, French Canadians would not put up with this bullying. We like and need unions to protect from greed & abuse.",youtube,wk1w_U1Xmcw
Amazon is not a bad job it’s the shitty people who ruin it,youtube,wk1w_U1Xmcw
If you live in a city or town where the people have bad character do not worl for them they will hire anyone litterilay any one you are forced to work with these same miserable nosey racist and narcissistic people,youtube,wk1w_U1Xmcw
I just quit like 2 weeks ago.. and started in April.. it was extremely physically and mentally exhausting..  I prayed for a miracle and Jesus blessed me with a new job!!!😮,youtube,wk1w_U1Xmcw
I said awhile ago Amazon will be the first to have robots in their warehouses. The pace they want you to move is unrealistic.,youtube,wk1w_U1Xmcw
"I really wish amazon would sue people like this who post hit piece lies like this just to get views. He talked to an ""amazon worker"" who locked their keys in the truck. Drivers DO NOT work for Amazon. And had to call a locksmith ?????? lol. The fking dispatch manager has multiple copies of the keys. But pay a locksmith $200 to come unlock the van. complete BS",youtube,wk1w_U1Xmcw
"1st guy ---  delivered packages
2nd guy -- delivered packages
3rd guy - delivered packages

THEY DID NOT WORK FOR AMAZON",youtube,wk1w_U1Xmcw
Upload YouTube videos then it will change your life,youtube,wk1w_U1Xmcw
"My warehouse was terrible I just let there after 6 years and I believe they have given me PTSD over the non-stop the world is gonna end if we don’t get these packages out mentality. Especially what they did to us during Covid I worked double overtime while the rest of the world sat home. My last day was last week and the amount of weight that is shifted off my shoulder, leaving this terrible company behind cannot be expressed enough. Go to school. Find a trade do anything honestly, I would say deaf dying is better than working in your entire life in Amazon because you’re gonna want to wish that you were dead.",youtube,wk1w_U1Xmcw
Was just Flexing this morning. Parking lot FULL of Flex employees. They were replaced...,youtube,wk1w_U1Xmcw
Subscribe 💯,youtube,-Uwcl9UsO9g
"Which warehouse?
FC?
Sorting?
Logistics?",youtube,-Uwcl9UsO9g
Amazon is only a great part time job not a full time job. It's too draining. But for part time is a great job,youtube,-Uwcl9UsO9g
Shitty video!,youtube,-Uwcl9UsO9g
"Welding is cool bro, you might wanna get into the semi trailer tractor repair, very fun trade",youtube,-Uwcl9UsO9g
I've been with Amazon for 6 years. If you were a welder and can't hack it at Amazon? You aren't gonna make it as a welder.,youtube,-Uwcl9UsO9g
This is universal i swear you telling the truth about everything its so bad at my building you cant talk to no one unless your apart of there group thats job position race age and gender too its so segrated the  work load adds to it im literally doing buds training just to keep up with the work loads im in the middle of getting a trade f that warehouse,youtube,-Uwcl9UsO9g
I believe I heard you say you was a welder that doesn’t make any sense for you to be doing stocking or shipping,youtube,-Uwcl9UsO9g
I love you say you was a welder and you doing that type of work,youtube,-Uwcl9UsO9g
"Currently working there. A lot of the managers have these power trips and Egos. Maybe because in my area people literally have nothing going for them, but all of a sudden they work at Amazon and start acting crazy. Then they be breathing down every girl neck and not working. Example: I was out of totes and boxes and the spider walked passed me multiple times just to talk to girls and gave them non stop totes and boxes. Also half of the time girls get away with not doing any work just bc a manager wants to talk to them. Like I picked up a shift do 4 hours and the entire 4 hours bro was just talking to this girl behind me and she stopped stowing that entire time and no punishment.",youtube,-Uwcl9UsO9g
I’m in the process of looking for another job Amazon sorting center like adult daycare/high school and moving up is basically non existent unless you kiss a lot of ass and I’m not out here kissing no ass for 19 bucks an hour and have to fight for hours like it’s the hunger game out here. Also there’s a lot of drama and weirdo people they keep on hiring and people who can’t even lift a box like come on.i work 2 to 3 people jobs everyday in that warehouse I’m done.also what the hell a flex worker what happened to people working a 9 to 5 job this place clearly isn’t for me,youtube,-Uwcl9UsO9g
I quit because they wouldn't let just work kept interrupting my workflow told to go touch grass constantly wouldn't let me work overtime when I wanted kept telling me to wait for work not enough hours not possible to hussle for my bag,youtube,-Uwcl9UsO9g
Amazon sucks,youtube,-Uwcl9UsO9g
Amazon Slaves complaining...LOL. You guys are young social security is what 70 yrs away.,youtube,-Uwcl9UsO9g
That does happen at Amazon. Some managers will tell you that you came back late. I told one that I used the bathroom. I just go and return immediately now.,youtube,-Uwcl9UsO9g
Meanwhile BeZos thinks he's captain Picard and going to mars.,youtube,-Uwcl9UsO9g
"Go back to school, start your own business or accept the fact that worked there because its all you were  qualified to do. Make better decisions. Men make moves. Boys complain. Decide which one you want to be. No one is coming to save you Bro and women don't respect broke dudes.",youtube,-Uwcl9UsO9g
Good video man . I worked the exact same job you talked about around 3years ago . I made it a week but I got sick of begging to go take Piss do I rolled on out of there . U 100% honest . Don’t work there .,youtube,-Uwcl9UsO9g
Left after 1 hour after working there 🤣🤣🤣🤣,youtube,-Uwcl9UsO9g
"Been there for a little over 4 years and yeah, it sucks. Luckily I got a flex schedule almost a year ago and it's made things a lot better. If you have an acom, some of these supervisors will try to find ways to invalidate them and make you do stuff you're not supposed to. But it is repetitive and boring, but the pay is good, at least in my area.",youtube,-Uwcl9UsO9g
Have had toxic managers try to write me up for nonsense and other managers didnt agree with it if you were on your phone for 5 seconds to change music u were written up for it even tho u can listen to tunes,youtube,-Uwcl9UsO9g
Personality traits are mainly what determine if someone feels comfortable working in a warehouse constantly doing repetitive tasks in a tightly monitored environment. Many people are not suited for it.,youtube,-Uwcl9UsO9g
Bruh these little dead-end jobs are not forever jobs! They are meant to be high turnover bs jobs and keep the machine working with a new bodies every so often.  Revolving door per say.,youtube,-Uwcl9UsO9g
"I just retired, worked boilermakers and Ironworkers for over 40 years, have my 2 pensions and SS. Living comfortably, that Amazon work would be too fast paced for me.",youtube,-Uwcl9UsO9g
"I quit today, on my 5th day. Standing more or less in one spot bent over totes for 10 hours was hell on my back and neck. The safety shoes are so uncomfortable, I just wore some black non-slip sneakers and nobody noticed. At my station in pick, you can't take a bathroom break unless the machines are being worked on or somebody covers you. The rate (after 5 weeks once you get used to it) is something nearly impossible like over 300. I didn't really get higher than 280 going at a pretty quick pace. The main parking lot is so small that I had to park way out in the bigger parking lot so walking in and out is a like 5 minute process. And I would work on the 4th or 5th floor so that means either stairs or wait for the elevator which seems to take forever.
 
The only good things are the pay and the ability to wear comfortable clothing including shorts and t-shirts, and hats. And the instant hire process. Seasonal employees don't even get benefits til after 90 days. The stupid robot machines would keep messing up for me, either getting stuck or not moving the totes. The last straw for me after already starting the day off on a bad note was the totes getting stuck and not moving. I walked out. I feel so guilty about it and really need the job and the money but I don't think I am going back tomorrow.
* I actually worked at Amazon from 2019 to 2021 and didn't like packing but did end up almost liking the dock. We got to load and unload trucks; it was active work and the time seemed to go by fast.",youtube,-Uwcl9UsO9g
So this was at a fulfillment center? I applied to one but seen a delivery station opening and took that instead since I heard its less micromanaging. Ive worked warehouses so im used to the physical aspect.,youtube,-Uwcl9UsO9g
"Was there for a while and I’m glad they fired me lol, money was cool , but the expectations, it’s toxic and your going to pay with your body hurting",youtube,-Uwcl9UsO9g
Doctors note lol,youtube,-Uwcl9UsO9g
"I came from being an Amazon driver for 3 years in the Midwest so I experienced every climate. 
The FC was complete and utter BS. My ""rate"" was below average, my back was killing me, and you're doing the same 2 movements ALL DAY LONG FOR 10 HOURS. It's a job that doesn't require much thinking but at the same time you can't even ""think"" at all for 3 seconds otherwise you'll slow down!!! It's terrible and I'm looking for other jobs",youtube,-Uwcl9UsO9g
DUMB ASS!  Do you watch the News🧐,youtube,-Uwcl9UsO9g
I've been at Amazon for almost 4 years this October the 20th will be my 4 years. And yes the first year or two will kick your ass if you last that long. I worked in cross stock and in   inbound that is where you load a truck and unload a truck. And for the whole bathroom situation The first couple of months I told them. after that I just went to the bathroom I come back to where I was working. yes there is a lot of bull crap that goes on at Amazon.,youtube,-Uwcl9UsO9g
Amazon is slavery bro l. I did delivery for a day and I quit. You have to load your own truck up with product on that cool as loading dock. It was back breaking work. I was so fucking tired after day one it felt like I worked a whole week. I got home and I knew I wasn’t going back,youtube,-Uwcl9UsO9g
Amazon was a sweat shop,youtube,-Uwcl9UsO9g
"I was a contractor working inside an Amazon Sort Facility.  I kept to myself, did my job and couldn’t wait until the assignment was over.  Everything you read and hear about how they treat their employees is 1000% accurate, not to mention the absolute dim wits they have as so called supervisors.  Because of my 6 mos, I buy nothing/nada from Amazon.",youtube,-Uwcl9UsO9g
I worked at Amazon during the COVID years never again,youtube,-Uwcl9UsO9g
"Many don't have the courage to stop being mistreated by employer, you did!",youtube,-Uwcl9UsO9g
Amazon can't afford to pay employees well👍,youtube,-Uwcl9UsO9g
I don’t work in Amazon but I’ve worked at coupang Amazons sister company in South Korea.  I’ve worked in logistics for 6 years.  You are constantly moving.  It’s not back breaking work.  It will tire you.  Now I work for online grocery company here in Korea where I manage a team of people and I also help out.  18.50 after taxes is less than 30k.  About same as here in Korea but living costs is half and we have universal health care and pension.  It’s not really a livable wage in US but it is here.,youtube,-Uwcl9UsO9g
"In order to thrive in a fast pace environment  like Amazon you must have warehouse experience. You must have UPS or have worked for FedEx in the past loading or unloading trucks. Amazon is for warehouse experience only because as a FC-Associate you will start in sortation, moved to unload, then to other roles within the warehouse and then finish with staging.",youtube,-Uwcl9UsO9g
"Been stowing for 3 months. Two deficiency notices for slow stowing.  Hey, its not my fault the PODS are slow to arrive at my work station.  Some days the PODS are too FULL, so its hard to stow anything in them.    I have no control over how things move on the Robotics floor!!",youtube,-Uwcl9UsO9g
"Worked at one of their warehouses for a little over a year. Saw many other people leave for better paying less stressful jobs. I didn’t mind the fast pace, it was the low pay. Nothing wrong with being pushed as long you are being compensated much better than the local minimum wage. My pay was just $16.50/hr. The job I did required me to sort items for packing. I was expected to sort 650 an hour, or 5850 over 9 hours during a 10 shift. So obviously many tens of thousands of dollars passing through my hands daily. If I had received a piece rate of 5.64 cents per package my pay would have been doubled. So obviously you’re getting underpaid for the volume and pace of the work.",youtube,-Uwcl9UsO9g
My roommate works at Amazon tried to get me job saying “it’s easy” in my head I’m like bro who u lying to? I’ve never heard 1 person say Amazon warehouse is a good job not 1 person,youtube,-Uwcl9UsO9g
"Stagnating in a call center over here. It's not back-breaking production, but it is mind-melting production. Too many rejected job applications to count. I need to leave, but can't. 😵‍💫",youtube,-Uwcl9UsO9g
He talks for 15 minutes and says nothing. He's full of crap and really doesn't know what a manufacturing company is or does. If he's a welder why not get a welding job that pays great. Sure he has has many many jobs and doesn't keep one. Amazon is not hard if your an average worker. There is a week of training and do not have to get production rate until the 3rd week. Also so many people do not get production and do not get disapline. Work at fed ex and UPS and see how that is,youtube,-Uwcl9UsO9g
"Well, I mean I’ve gotten rejected from every other job so far and I’ve just done my drug test screening. But I’m a bit nervous and watching peoples experiences. So far ppl have gave warnings to not work here so. A bit stuck here",youtube,-Uwcl9UsO9g
After taxes will end up making 10$ an hour working 12 hours shift amazon sucks,youtube,-Uwcl9UsO9g
Amazon sucks but bunny bread is worse. Stacking bread crates really quickly for 10 hours made me want to brush my teeth with a pistol,youtube,-Uwcl9UsO9g
I worked at Walmart warehousing for 2 yrs. We unloaded up to 50 footer containers...up to 5 a night come holiday season. It was brutal. In the end I walked out. I did not give my 2 wks. I straight out quit. I told myself i did not want to die there. Your video brought back memories.  Btw im a medical worker now.,youtube,-Uwcl9UsO9g
I work at Amazon Warehouse now Easy Money !!,youtube,-Uwcl9UsO9g
"I worked at Tesco Ltd very similar, trolley assistant , you are just a number. They expect you to deliver at there standards.. Miscommunication is always at fault & misconduct.. you get treated poorly 

Tesco Ltd is more stressful than people think 🤔 so set E-commerce merch store & still do social media marketing & singing  & DJ ing, but thank you for telling us, you’re experience, Amazon care more about speed over safety which is appalling",youtube,-Uwcl9UsO9g
I start amazon warehouse in a week part time. Any suggestions?,youtube,-Uwcl9UsO9g
"same quit fast amazon, terrible. older people even said to me ""another day in hell"".",youtube,-Uwcl9UsO9g
"They never stopped the conveyor belt, packages would just start falling onto the floor, or your feet.",youtube,-Uwcl9UsO9g
You have to have a certain mindset to work at Amazon. TOUGH!!!!!,youtube,-Uwcl9UsO9g
Boy did you nail it. That's Amazon all right. This is my 3rd Amazon and will be my last. It sucks!!¡,youtube,-Uwcl9UsO9g
Old people need to get out of here not helping like usual all the do is point fingers 🫵 and act dead that’s how you know those generations were ass cheeks,youtube,-Uwcl9UsO9g
Why do employers avoid gen z ???,youtube,-Uwcl9UsO9g
I worked in a warehouse for 90 days. Hell no same shit everyday. My back and body is not worth that job i get paid 24 an hour doing way less in a job i love showing up to work,youtube,-Uwcl9UsO9g
Yes your a robot at Amazon and its a known revolving door. They will squeeze ever amount of productivity out of you for the peasant wage you are getting. Going up hire in the tiers doesn't help you ether.,youtube,-Uwcl9UsO9g
"I'm working at an Amazon grocery warehouse, riding a center pallet jack.
I can handle the work and the pace, but it's the people... Half the people look like they are so unhappy and just scowl at you. I honestly don't get wtf is wrong with some of these people like I don't even know you.",youtube,-Uwcl9UsO9g
"Wow the young generation is cooked. So quick to give up 

The pick to buffer was so so so very overwhelming my first days...a month later I was fucking laughing at how easy it was. I work every position and they are almost all easy AF. Yes I work overnight in a delivery station. Very very very easy and I'm almost retirement age. I laugh watching these 20 year olds cry about how it's too hard for them",youtube,-Uwcl9UsO9g
I’ve worked in warehouses for about 5 years. I’ve worked as assembly and material handler and a powder coat painter all shift ranges From 8hrs to 12 hrs a day. I just can’t stand the depressing looping nature of the job wake up and do the same exact thing everyday it gets boring and repetitive. I recently switched to night shift stocking and holy shi it’s so much more free and better for right now and it pays $24 an hour keep your sanity over that bs. They don’t care nothing about you only if you hit the number target for the week or day. And pls don’t cross train because you won’t get paid for it and you will work in numerous areas for the same pay. While some favorite that they have gets to work in the easiest area. And the management is always aholes all of them they want you to kiss ass and hit numbers f that. Stay blessed find what best for you 💯,youtube,-Uwcl9UsO9g
tbh they do the people in afe dirty .. the people in stow or pick are to themselfs nd basically can go to the bathroom whenever they want .. in afe its like everyone is cattle working arm to arm .. hell nah i transferred to stow real quick,youtube,-Uwcl9UsO9g
Damn Man! They 🤬 yall over real bad! 🤬 My father & ancestors worked both in the cotton fields & automobile factories shady sh!t to say the least! A lot of the ancestors gotten tooken out by those same cotton fields & automobile factories & the 1s that still here are suffering! 🤬👊🏿 Like dad & my eldest brother! 🤬👊🏿 So it's best u come from up from them Bro cause the way they tried to literally destroy my family it isn't worth it Bro 🙏🏿🤲🏿🤝🏿💯 & I'm also happy 4 u Bro u just saved not only your life but your whole family legacy from at least that type of suffering 🙏🏿🤲🏿🤝🏿❤️,youtube,-Uwcl9UsO9g
Prison sounds better than being a slave at Amazon. F Amazon.,youtube,-Uwcl9UsO9g
"""If you drink energy drinks, double up"" lolll too funny. Warehouse jobs are a hit and quit if you're not in management.",youtube,-Uwcl9UsO9g
"I worked at an Amazon warehouse for over 5 years. It helped me get credit cards and build up my credit score, get my own apartment, buy a car, pay off tens of thousands of dollars of credit card debt. Then I felt like I was a failure bc I had a degree and my family looked down at me for being a warehouse worker. One day I just quit my job at Amazon bc I would start literally crying at the thought of going to work. I only had $5000 saved up. I took out a loan of $27,000 to attend a coding bootcamp (it was called Codesmith = cost of tuition =about $20k and $7k for living expenses). 

They told us if we did exactly as they told us and followed all their instructions, it would take us 3 to 6 months to get a job. 

I did NOT follow their instructions and it ended up taking me 2.5 years to get a job. I went into an embarrassing amount of credit card debt. I finally got a job in the tech sector paying $10 an hour but I leveraged that job to get a better job after 6 months as a software engineer and then got promoted to senior software engineer within 3 months of joining the company (I worked my a$$ off - working 12 hours a day which honestly I was used to from my time at Amazon warehouses and working unpaid overtime all to impress my boss and it worked and I got the promotion).  



However 3 years since I quit my job from an Amazon warehouse I am working as a senior software engineer at a respectable company. 

However bc of the debt I accrued after quitting my warehouse job amazon as a fulfillment associate, I am honestly in a worse financial position even though I make 6 figures now since almost most of my salary goes back to paying my insanely high debts and loans. 

So idk how to feel - my days are a thousand times more stressful but maybe my self respect is higher but now I realize my time working at Amazon as a fulfillment associate was not as bad I thought it was. There can be worse ways to live your life. So yeah - maybe in a year my mind will change but that’s life - you gotta learn to pivot when things aren’t jiving with your heart and soul even if your mind says and thinks the opposite.",youtube,-Uwcl9UsO9g
"All warehouse jobs sucks, I know. Keep your peace and sanity.",youtube,-Uwcl9UsO9g
"That warehouse job was hell plain and simple. I did a month of 10-hour night shifts at Amazon, standing the entire time with barely any breaks. They didn’t even have shoes in my size, so I was forced to wear the wrong ones, and when I got home, my socks were bloody. The work is nonstop, the pressure’s insane, and you’re treated like a machine. Managers talk down to you, and I even got written up for spending 5–7 minutes in the toilet - no joke, I was actually using it. No one’s there by choice; they’re just stuck with no better options. I went and got my CDL right after I quit, and I haven’t looked back since.",youtube,-Uwcl9UsO9g
The job is not that bad… people it does get overwhelming but it’s work for able bodied people male and female. I’m doing it Now 😅❤😂,youtube,-Uwcl9UsO9g
"i quit my auto parts warehouse job yesterday - posted this to Facebook

So i have been preparing to quit my Job and move on to other things for a long time. Just never made the jump. I been doing the work of at least 2-3 people for a couple years now after corporate bought our local business, cut half the staff in half and made the remaining people there responsible for 2-3 times the work. This seems to be the corporate mentality these days.  My feet have been hurting for over a year now, I was always trying different shoes. Asking to work less, or maybe they should hire 1 more person to help. I had to pick up hundreds of hundreds of car and boat batteries every week,  every day sometimes over 100 batteries in a day.  The last week or 2 my right foot was turning purple and blue and I had to go to urgent care.  Nothing was broken but I had a swollen vein and couldn't work anymore.  I was off for 5 days and they wanted me to come back but I still couldn't put pressure on my foot even though it is healing with treatment and rest. I've been preparing to leave this job for a long time, I have money saved, im good, I've been there 6 years.  I am 100 percent ready to start my new  journey. Just gonna rest and get 100 percent again  before I do. Im letting yall in on this personal stuff in my life becuase this is a decision I was not strong enough to just make on my own, switching jobs like this, but sometimes God makes the decision for you. And puts you in a position with no other choice. I truly believe God has put me through this to get me to move on and make a change in my life I've been too scared to make myself. And thats what im doing. My boss of 6 years, not the corporate manager, is also out with sepsis. Almost died. He is 65 and was being overworked like me, always telling me he was gonna quit and move to the mountains. I didn't find this out till I gave my resignation. And he might be done for good there too. Him and I were very close and he showed me what it's like to work hard and take care of ya family and ill never forget that. So by the Grace of God my last day and his last day were the same. Keep him in your prayers yall and if at least one of yall prays for him this morning that would be 💯 
Again im only sharing this post to share the Grace of God. Love ya guys 🫶🫂🙏
1 Corinthians 15 1-4",youtube,-Uwcl9UsO9g
"i found out that the more retarded you act around the site manager and people that supposed to get you on task, the more you can get away with. its better to act like a dumbass than be a robot with no personality Ill vouch for the retard strat works good 👍",youtube,-Uwcl9UsO9g
"I think it just comes right down to, if you don't mind being a robot then you are good. Our fulfillment center is chill asf. Rates? No problem, they seemed impossible at first, but once your body is on automatic mode you can literally chill and you are at or above rate. Bathroom breaks? Yea it depends on what position you are working that period, but usually a manager or neighbor will cover you. On other positions, we can go without saying a word, and not get a word spoken to us for it. Unless you take a 30-45 minute break of course. Also, it really comes down to the type of person you are, I see A LOT of lazy people in there that I know will be gone by the time seasonal is up, or sooner. Then they'll be right back. But if you just do what you are suppose to, which is work, then everything will be good. Very repetitive, which sometimes gets to me as well. But sometimes I like seeing how high I can get my rate and that makes the time go by faster. It really isn't that bad, it's just not for everybody.",youtube,-Uwcl9UsO9g
"I worked at an Amazon dispatch center when i was younger and it was chill, but it sounds like hell now.",youtube,-Uwcl9UsO9g
CHANGE YOUR SMOKE DETECTOR,youtube,-Uwcl9UsO9g
"you should just work security jobs, way better for your vibe/personality",youtube,-Uwcl9UsO9g
I like your hoodie,youtube,-Uwcl9UsO9g
I’ve worked at Amazon for almost 6 years. It is what it is right now. The job market is HORRIBLE. Do what u have to do to survive young people. I’m older and many older people last longer at Amazon than younger people. It’s super boring and repetitive but easy and has long hours and good benefits. If u do your job they pretty much leave u alone,youtube,-Uwcl9UsO9g
🙏👍,youtube,-Uwcl9UsO9g
"Amazon warehouse is brutal...... I was a texas 5A/collegiate athlete.... 've had a lotttttt of jobs..... I even slung 100 lb bags of concrete for 8 hours a day, .. did that for a few months...... 

I only lasted 7 months at Amazon warehouse lmao.... Longer than 98% of applicants 💪🔥🤦🏽‍♂️

My first day home... After working 7pm to 3am.... (Or something like that)

I was so fn tired.... I put a hotpocket in the oben and fell asleep on the kitchen floor.... Almost burned my place down .



Just so y'all know what yall gettting into...70% of hires dont make it a month in the warehouse lmao


It is NOT for anybody over the age of 35


So glad I don't have to work a job anymore..... And ASK when I have to go to the bathroom!! FKKKKNNNN HELLLL",youtube,-Uwcl9UsO9g
"After hearing all these warehouse horror stories, being a police officer doesn't seem so bad now. I have a part-time warehouse job. Would I ever go full-time? HELL NO!!!",youtube,-Uwcl9UsO9g
They wrongfully terminated me,youtube,-Uwcl9UsO9g
"Dang CJ, you went from fake rapper to working at Amazon? After that, Whoopty, you really fell off huh?😂",youtube,-Uwcl9UsO9g
I only been here for a month and I already feel like quitting it just depends on on the shift hours you work. I worked from 6pm-4:30am.,youtube,-Uwcl9UsO9g
I quit working for Amazon warehouse after 3 months. Everyone there thinks they’re your boss and they don’t hesitate to threaten you with termination or other types of consequences. I had one lead guy who would immediately call on me when he wanted anything done. He chewed me out for putting a delivery on the floor before it was entered into the system. Then I get injured from a guy pushing a box spring off a stack of them and it landed on my foot and he refused to apologize. The warehouse manager made a rude comment that was rather personal. The other higher ups couldn’t have cared less. Then when it was almost the holiday season we were told that we’d be there until the wee hours of the morning. I’m like *NOPE*,youtube,-Uwcl9UsO9g
"Join the Community: 🅿 https://orlandominer.com/Patreon
https://orlandominer.com/Financing I’m a lender specializing in investment financing. Whether you’re purchasing, refinancing, or cashing out on investment properties, I've got you covered. You will deal with me directly.",youtube,UbrSQM5z-V8
"People should instead just quit their Jobs and work for themselves 

That's all depending on their worth and skills if they have anything to offer anyone",youtube,UbrSQM5z-V8
Annoying,youtube,UbrSQM5z-V8
"I’ve been with Amazon for over a year.. I hate delivering all these packages with unrealistic metrics, but I have to stay until something better comes.",youtube,UbrSQM5z-V8
I’m glad people like you exist. We need more individuals that are aware and financially literate. I started saving for a home at 16 and I’m 30 now just finished paying it off. Good luck to everyone how had a blast during your youth.,youtube,UbrSQM5z-V8
This was the validation I need to stay where df im at cause ion have time for all that,youtube,UbrSQM5z-V8
please stop with this fake laugh,youtube,UbrSQM5z-V8
😂,youtube,UbrSQM5z-V8
"Terrible work ethics in this generation! I’m now old enough to say that putting in the work pays off…this generation is looking for instant gratification and reward. 10 hour shift , 4 days where can I get that? What you do with your money is not the responsibility of your company that pays you. Get educated!!!",youtube,UbrSQM5z-V8
Just remember before you quit mix all the packing labels up😂😂😂,youtube,UbrSQM5z-V8
Now you're irreplaceable just don't do it,youtube,UbrSQM5z-V8
And you people think the economy sucks and there are no jobs. Why does Amazon have too much work and no help? Because they need people to fill out their applications and work for them so many hands can make light work and less overtime. Trump made this job growth happen and gets no credit for it,youtube,UbrSQM5z-V8
"They’ve been telling convicted felons that for years😂😂😂😂😂😂😂😂. Hey, non-convicted felons… welcome to the fucking party. 🤷🏿🫡",youtube,UbrSQM5z-V8
Big o your on to something huge,youtube,UbrSQM5z-V8
"Better shake a leg harder if all you can do is deliver packages foe a living. You need to learn that song, ""Tied to da whippen post"", and play it continuously on your radio while you make your deliveries.",youtube,UbrSQM5z-V8
Modern day peasantry and feudalism,youtube,UbrSQM5z-V8
Orlando ain’t lying. I stopped the fast food and ended up saving an additional $900 damn dollars in 3 months in conjunction to losing 28 pounds 😭🤏🏾🤏🏾🤏🏾😂💞,youtube,UbrSQM5z-V8
We are dealing with a lazy generation that is addicted to their cellphones…hence why people are quitting,youtube,UbrSQM5z-V8
One thing i hate about working at Amazon is leadership and Labor Share! They always picked on the same people getting sent to different departments which frustrated employees. Good thing i found another job. I just couldn't take it anymore as it was making me feel miserable working at a warehouse.,youtube,UbrSQM5z-V8
HELL NO ITS B.S,youtube,UbrSQM5z-V8
"12/28/2025 but you still have to have a job to budget. Don’t quit your job unless you have another. So what it 200 package. Work it ,take advantage . You never know who you might meet. Working Amazon don’t make you rich. But you will have money in your pocket and can put on your resume. Because no job wanna hear bad about another company he not telling you that.Also companies have to make money also.",youtube,UbrSQM5z-V8
I’m so glad that I’m now retired. I’m living my best life 🎉,youtube,UbrSQM5z-V8
400/8 is 50 packages an hour in an 8 hour workday. Being honest? Nobody can do that unless it is maybe 10 to 15 packages to each address...,youtube,UbrSQM5z-V8
That sounds like any big company today.,youtube,UbrSQM5z-V8
"You are ALWAYS an economic slave unless you are born into the .0001% that never has to work.  HOWEVER, having to work is central to the human spirit.  God help us if we achieve ""AGI"" with economic abundance and all jobs disappear.  Idle humans are the most dangerous creatures of all.",youtube,UbrSQM5z-V8
I was applying for a job at Local Restaurant recently and they asked me.... You seem smart why don't you get a job at Amazon??? I replied Because Im Smart,youtube,UbrSQM5z-V8
9:32 😂😂😂😂😂😂😂,youtube,UbrSQM5z-V8
Amazon: Mission accomplished,youtube,UbrSQM5z-V8
How AMAZON STOLE CHRISTMAS!!🎄 😢,youtube,UbrSQM5z-V8
"Amazon aka the ""Unfulfilment Center""",youtube,UbrSQM5z-V8
"Come work for Tesla I love my job. I used to work at amazon and I worked at 3 locations in Vegas. Mandatory shifts, terrible air quality, and the fuckin rate urked my soul. People were assholes and HR didn't give a damn about our problems. Hr is literally useless. The only thing I liked about amazon was you being able to leave if you have points to cover. They held us hostage at LAS2  one time and we couldnt even take a break because some got jumped outside. Wtf does that have to do with me. They got mad when people took their break after. They expected us to get back to work😂 yea right. The bathrooms are horrendous and the PAs stalked us while we we're in there. You have to beg them to keep your job if you have -upt.  Sometimes they dont accept your leave of absence. Its crazy you're literally a slave in those warehouses. Its not worth it especially in vegas. It gets hot asf in vegas and they give you a dirty ass fan. I felt so bad for those people working in the trailers. I hated amazon so much and I worked at 3 locations in one year and never went back.",youtube,UbrSQM5z-V8
This always cracks me up because my bosses name is Jeremy. 😂😂,youtube,UbrSQM5z-V8
"Orlando, I have to give respect when its due.  For you to be able to never order from Amazon or use UPS is impressive.  With how terrible of companies they are and how you talk about loyalty, I know you dont even use those companies because you would be not loyal to your viewers then. That would be the biggest slap across your viewers face if you were using those companies yet talking about how bad they are.  Made props for you to refuse to use them!   First off, you said 6 7 days a week but the video you showed she is working 4 days a week, 10 hour days.  What person wouldnt want a 3 day weekend every week? I mean what I love about our market and country is she has the right to quit and do her own thing. Will she make 20$ an hour with benefits who knows. I quit corp america working 40 hrs a and now work my own thing and I work from 8 am to 8 pm it feels like everyday on call with my phone. Its a trade off but that is what makes our workforce market great.  You can do whatever you want.  My friends who work for amazon could make more money elsewhere but they choose to drive for Amazon because they only work 4 days a week. If they don't work the 40 hours, they still get paid the 40, because its out of their control for their routes. if they work over time they get paid great.  They choose to have that freedom so they can enjoy 3 days a weekend with their young kids and they Love it.  No company is loyal, just like no youtube channel is loyal, no empoyee is loyal, loyalty that you talk about doesn't exist anywhere. How many employees take pay cuts to keep the company afloat? Usually never the bottom employees because they can't afford it.  Plus they are the first ones to jump ship for a little extra money. No loyalty anywhere sir.",youtube,UbrSQM5z-V8
"I work at Amazon (warehouse), people don’t understand what they get themselves into here. All I’m going to say is, you better preach Orlando! 😂",youtube,UbrSQM5z-V8
And you lucky if you even get all 4 of your days weekly 🤦🏿‍♂️,youtube,UbrSQM5z-V8
When I worked for them I had to slow down because they be wanting me to go help other ppl...lol I use to move 120 packages a day it's all about how you line them up... And don't go by the GPS it takes for you to know your city and I would pre order lunch not standing in line wasting time lunch,youtube,UbrSQM5z-V8
"Parents will ask 16-18 year old kids to help with bills
Versus teaching them to save even a minimum of $10 per pay week..
So get learn to save and have something on the side..


U don't need to get pregnant if u gon need help from the kids the moment they get any cash..
Don't have kids and learn to save
So if u eventually do u can teach them...

If u say u love kids act like it
Have them once u learn principles u can teach",youtube,UbrSQM5z-V8
4 days a week $1100. All you do is deliver packages. There’s a million people who will take that. Stop your whining,youtube,UbrSQM5z-V8
I mean how can you tell ppl to save who are a husband only one working off a fixed income? And with a company that barely don’t wanna give raises out,youtube,UbrSQM5z-V8
lol can you tell my job to give me my 4 dollar raise I been needing for like 7 months to save up? The extra money I could see from my raise would be more money for things I can save up . But when a company playing then idk what to do.,youtube,UbrSQM5z-V8
to be honest none of those deliveries seem bad. i think these ppl are just complainers.,youtube,UbrSQM5z-V8
"Orlando stays sayin' ""I told you so""",youtube,UbrSQM5z-V8
Jeff Bezos is hoping no one listens to you 😂😂😂,youtube,UbrSQM5z-V8
"As I have said more than i need to, delivery driving is not easy! We all have cell phones. I operate an ice delivery service and people think I'm suppose to invest money in gas ride around randomly on the assumption that I will sell enough ice cream to get a return on our investment. And be able to pay myself via payroll loan.😮",youtube,UbrSQM5z-V8
Easy times makes for soft people.   These same whiners also do doordash and order everything off the internet. No discipline with finances because they don't use hard currency(cash). They may be 20-something but still act like a teenager. Here's a life-lesson: Life is hard. Grow-up and deal with it.,youtube,UbrSQM5z-V8
10:43 😅,youtube,UbrSQM5z-V8
We gotta Have WORK WITH DIGNITY 😢,youtube,UbrSQM5z-V8
We gotta figure out A BETTER WAY!They Are Killing US!,youtube,UbrSQM5z-V8
Did anyone see the movie STORKS?! Talk about Corporate Structure 😂,youtube,UbrSQM5z-V8
BIG  O WE //  WORKED  SMART AND FAST///VOTED TRUMP///BIDEN VOTERS NEED HELP TO OLD TO SLOW,youtube,UbrSQM5z-V8
No one’s job is safe anymore. No such thing as recession proof anymore,youtube,UbrSQM5z-V8
The people who run Amazon hate their employees no matter how hard they work.,youtube,UbrSQM5z-V8
The job market is crazy tough. There is nothing there,youtube,UbrSQM5z-V8
😂😂😂😂,youtube,UbrSQM5z-V8
I keep tellin me join the military learn a skill and get out or stay and retire at 20 years you cant beat that,youtube,UbrSQM5z-V8
Bro looks like the peanuts 🥜  from the  Proud Family 😂😂😂😂😂😂😂🤠,youtube,UbrSQM5z-V8
Amazon can't even guarantee 2 day delivery anymore. Last time i ordered something got delayed to a week. And requested my refund.,youtube,UbrSQM5z-V8
"machines already taking over, human amazon workers AND drivers will be obsolete 2026",youtube,UbrSQM5z-V8
"I enjoy the content, but that laughter—good lord, I just can't manage that.",youtube,UbrSQM5z-V8
Bro every person on your video quit...where are the firings?🤣,youtube,UbrSQM5z-V8
"....the yelling throughout the video...to be fair this is his channel and the algorithm sent my fingers here, so yeah, I'll be respectful and...buzz off",youtube,UbrSQM5z-V8
"Dear Amazon workers, Thank you for your service. Please stop recording these clips & posting them. HR will use it against you if you’re fired. Work, & if you’re fired collect your unemployment. Stay silent & work & learn another skill. Apply to other companies.",youtube,UbrSQM5z-V8
You annoy me.,youtube,UbrSQM5z-V8
"We get 30 minute breaks which aren’t long enough considering how long it takes to get to a break room. But yeah, I wouldn’t recommend anyone work at Amazon.",youtube,UbrSQM5z-V8
"Any African American comparing their current low wage labor conditions to “slavery” (especially in the United States, given it’s history of actual slavery) should probably get a history book and educate themselves on the true horrors of the debasing institution that flourished in the world and in America for centuries, at one point this nation viewed the enslaved - human beings as chattel, property to be sold on an open air auction block to the highest bidder.
Any comparison of your modern life to slavery is anachronistic, specious and insulting to the legacy of those who lived it, survived it … so that hundreds of years later you could use your fancy cell phone to complain over the internet about how your boss refused to give you a PTO day for your birthday?
Is that where we are as a society … ?",youtube,UbrSQM5z-V8
Im a freshman in Orlando University,youtube,UbrSQM5z-V8
hah! they Thought!,youtube,UbrSQM5z-V8
I still cant get a job at amazon lol,youtube,UbrSQM5z-V8
I always thank my Amazon driver.  Make Bezos pay for some appreciation towards the workers that bust their butts. My husband's boss quit giving Christmas bonuses at the same time said they didn't make him enough $ then bought a $2.5 million house!,youtube,UbrSQM5z-V8
I worked at a daycare the teacher left on her lunch break & never came back! People need to feel appreciated & supported or they'll leave.,youtube,UbrSQM5z-V8
"Yeah, getting paid to do a job that you applied for and agreed to....the very definition of slavery...",youtube,UbrSQM5z-V8
Its' Baaaa-aaaccck. 🤡🎈,youtube,UbrSQM5z-V8
Stop using the word slavery.  Slaves were not paid and did not choose where to work. Warehouse workers were not part of the layoff. And every site doesn’t run the same. For instance we work 3-4hrs 30 min break and repeat.  And we def hired seasonal employees because service is #1.,youtube,UbrSQM5z-V8
You mean to tell me that the company you work for expects you to actually work? Cmon man that’s ridiculous,youtube,UbrSQM5z-V8
This is funny. At UPS we couldn't see the back door or shelves during peek season.  Management  would even bring you more stops.,youtube,UbrSQM5z-V8
8 hrs ! it’s 10 hr shifts 4 days on 3 days off,youtube,UbrSQM5z-V8
Why is he shouting this is annoying,youtube,UbrSQM5z-V8
Amazon = 101% made in China 🇨🇳,youtube,UbrSQM5z-V8
All Americans should protest by not going to work.,youtube,UbrSQM5z-V8
"This is a result of promoting college over hard skills. The result of not steering the young towards skills and knowledge that actually earn strong incomes and are always needed. The Black employees should be very, VERY careful to plan more carefully. We are not being hired by more than a few companies aside from Walmart.",youtube,UbrSQM5z-V8
"Christmas gifts were from thrift and consignment store $20,$14 ,3.99",youtube,UbrSQM5z-V8
the laugh tho   he can say the same thing without that goofy laugh,youtube,UbrSQM5z-V8
"100% for a fact. I worked at three different delivery companies and they're the same. I'm working g now at the third one for extra money and will quit at any time. If you have a driver license, they will hire you because of the turnover rate.",youtube,UbrSQM5z-V8
Oh Really,youtube,UbrSQM5z-V8
I love your content ❤,youtube,UbrSQM5z-V8
My pops------even an animal needs decent food/clean water and a place to rest,youtube,UbrSQM5z-V8
"The over the hill sarcasm really doesn't help you much in a time where people are literally starting to starve. What's your end game here, to say I told you so. I've been telling my friends to get ready for this shit for 25 years, yet I never gloat or rub it int their faces. You protected yourself. I did too, so what. Were not better than anyone else. So p[lease just tome it down a little or as things deteriorate and they will you will loose subscribers and that laugh has got to go. Its not funny, or amusing. Its nothing but irritating.",youtube,UbrSQM5z-V8
Hey there. My answer for Orlando University lol. I dont believe but know you as a seasonal worker will work more 🤣🤣. They aren't loyal yall. Do what's best for you and your family.,youtube,UbrSQM5z-V8
U r entitled to do what u r please to do u will be replaced anyway,youtube,UbrSQM5z-V8
"That's exactly what I was doin...last peak my high was 239, I did 200 or more stops 5x and I was getting 1150 a week during peak",youtube,UbrSQM5z-V8
Complicated,youtube,UbrSQM5z-V8
"“You just have to budget” “you need emergency savings” 
Bro… please stop. This is so out of touch with reality. Most people’s checks go to rent",youtube,UbrSQM5z-V8
"I mean at this point change the name of the show to Orlando ""I told you so"" Miner show ""Hahahaha""😂",youtube,UbrSQM5z-V8
I guess it’s rough for Amazon drivers. Plus it depends on the type of facility. I swear the money and benefits and the ability to earn hours is great. I think people have just gotten weak. Stack up and find a new job.,youtube,UbrSQM5z-V8
"Ppl see $20 an hour and don’t realize that the higher the pay the more work you have to do to justify that amount of money. With all the bad press Amazon has about treating their drivers, why would you take the job?",youtube,UbrSQM5z-V8
People are lazy these days …every thing is too hard..but if they going to lay off..leave now!,youtube,UbrSQM5z-V8
That sign on your door though 🤣😂😭,youtube,UbrSQM5z-V8
9:18 that’s not even bad. I’ve seen worse. Front to back floor to ceiling. Stuffed.,youtube,UbrSQM5z-V8
I love Orlando's socialist arc.,youtube,UbrSQM5z-V8
Only thing ups has a union so we have brothers and sisters who will defend us,youtube,9eswT8jOubk
"I'm sure they work VERY hard. My niece worked for them up in PA many years ago picking stock for orders. It was an extremely hectic envirionment, in a warehouse that did not have air conditioning. The last year she worked there, it was 90+ degrees for weeks that summer. OSHA let them get away with having an ambulance outside for heat exhaustion. I guess you probably already know she quit after a few weeks. 😒",youtube,9eswT8jOubk
What a cry baby. Poor cupcake doesn’t want to get wet.,youtube,9eswT8jOubk
"She made $1100 a week? And only work 4 days a week. 

Well….it ain’t always about the money I guess",youtube,9eswT8jOubk
"I dropped Amazon a while for many reasons, but mostly because they treat their employees horribly. I pay a little  more and wait a little longer for things, but who cares.",youtube,9eswT8jOubk
it’s slave work who in thier right mind would do that bs job,youtube,9eswT8jOubk
Let Bezos find out that people are sick and tired of his crap!,youtube,9eswT8jOubk
I felt like my company could do what they wanted to you cause they knew you would never quit.  Almost no one ever did,youtube,9eswT8jOubk
Worked for a large delivery company for 30 years and basically hated it and was pissed off all the time,youtube,9eswT8jOubk
I had a semi driver tell me one time he told a boss or dispatcher and told him once.  DONT TELL ME HOW TO DO MY ROUTE SITTING BEHIND THAT DESK,youtube,9eswT8jOubk
Corporate America. Do more with less,youtube,9eswT8jOubk
Amazon has to calm down the pressure on their people but these young men need to realize to make a good wage anywhere you’re gonna work hard.  Unionize for sure,youtube,9eswT8jOubk
She will make wayyy more money doing hair,youtube,9eswT8jOubk
"He's Complaining about making $24.50? Using Mental Health as an Excuse. 

Try working in the Fields for Minimum Wage Under Worse Working Conditions. 

Those People are Keeping Food in Our Tables without a Complaint. 

This Generation is Week and Soft, Can't Handle Real Work.",youtube,9eswT8jOubk
remember there a video over there from them here they encourage employees to report any attempt to unionize.,youtube,9eswT8jOubk
These workers complaining about there work  load. The process of applying for this job. Is outrageous. I was speaking to a person on the phone she sad her daughter was going to work for Amazon  I told her dont waste there time go buy there stock and have them work for you,youtube,9eswT8jOubk
& paying for bezos' delivery fleet... what does that take out of a wage... but bezos cant afford it.,youtube,9eswT8jOubk
You don't have to work. Go on welfare,youtube,9eswT8jOubk
I worked for Amazon years ago and the manager was upset when I quit for another job. She told me I wouldn't make it.. I'm still at that other job today😂,youtube,9eswT8jOubk
"Such a weird business model that assumes a higher turnover rate in overhead, as that is the most expensive part of any business.",youtube,9eswT8jOubk
Delivery driver is a job that requires a dedication to the job. In the end it will pay off!,youtube,9eswT8jOubk
"Soon, Amazon will only have Non-English speaking workers for lower wages but higher profits for their entitled board members! Lower hours, lower salary, but more work! America is becoming an immigrant sweatshop country!",youtube,9eswT8jOubk
"Millineals and Gen Z, the useless generations of America.",youtube,9eswT8jOubk
The first guy is way too soft. Imagine working in a steel mill. Oh no! It’s raining! Booo whooo,youtube,9eswT8jOubk
"Birmingham Alabama,  Amazon only pays drivers $19 per hour",youtube,9eswT8jOubk
You all agreed to the wages shook their hand and was happy you got a job,youtube,9eswT8jOubk
24.50 is great !! Get that Overtime baby ! When your on the the bottom of the workforce totem pole you best just stay as healthy as possible and work as much as you can at whatever job it is,youtube,9eswT8jOubk
"In all these years I have only bought one item from Amazon in October, 2025.",youtube,9eswT8jOubk
I took a job at Amazon warehouse.  I quit after 1 week. Would rather work in a restaurant.,youtube,9eswT8jOubk
"Dude you know what a driver deals and entails, carrying those packages, making ten to twelve stops.If you're lucky, maybe they're making more.If you're delivering over two hundred packages, you won't be getting home to ten o'clock at night and you start at nine o'clock in the morning.That's not a life sustainable for anybody that is just crazy.That is an overload.They need to keep the people there to do the job and make everything.Even no, they're making people suffer.And then they're hurting their bodies and they won't be able to work.I think this is wrong Reed.This is wrong",youtube,9eswT8jOubk
They treat you like crap!,youtube,9eswT8jOubk
I would bet you that the stats bare out that they are in fact not quitting. One guy on the internet that makes a video doesn’t represent Amazon as a whole.,youtube,9eswT8jOubk
"No bro 24.50 is not good, minimum wage should be actually $ 30 dollars an hour.",youtube,9eswT8jOubk
BRING BACK UNIONS NOW!!!,youtube,9eswT8jOubk
"Life choices, pick and choose wisely. Struggling? Then brainstorm and put it on paper because our minds go 100 mph in thought process and it's easy to forget things, plus if it looks good on paper then you draw a gameplan at achieving that idea. Perhaps go to trade school (much better option then college), start a hotdog cart (not a truck but a cart that you can easily pack up and pull by a bike if needed. Don't want to do hotdogs then coffee and set up near a sports stadium or business park. Brainstorm.",youtube,9eswT8jOubk
❤😂hi brother hard to find a good job,youtube,9eswT8jOubk
DONT QUIT BECAUSE YOU WONT EASILY QUALIFY FOR UNEMPLOYMENT BENEFITS ❤😮,youtube,9eswT8jOubk
"Mental health???? Weak Pathetic generation "" muh, muh, muh, muh my mind brains feelings hurt""",youtube,9eswT8jOubk
Let me tell you who is the back bone of America Mexicans no debate,youtube,9eswT8jOubk
"Wait Amazon starts delivery drivers at $24.50? Seriously?? I been stuck in a dead end career doing floors for 25 years and I only make $25🤦🏻‍♂️, delivering packages would be WAY easier for me🤯",youtube,9eswT8jOubk
Ups layoff too much USPS is horrible,youtube,9eswT8jOubk
"24 dollars in today's money can't buy much ,it just emphasizes the importance of an education , either getting one from a technical school while earning a certification or college degree . General labor won't get you anywhere nowadays.",youtube,9eswT8jOubk
You can make 20 at in and out.,youtube,9eswT8jOubk
Ridiculous,youtube,9eswT8jOubk
"They may not require a long list of skills to do this job, but if they’re paying that much, there’s a reason. Let that sink in for a moment. I’ve been doing this for years, and with Amazon you never really win everything becomes your fault, and they don’t care about anything except the packages being delivered as fast as possible.

It doesn’t matter if you’re hungry or need to use the restroom, they don’t care. And the amount of nonsense we deal with from customers is unbelievable. They know you’re coming, yet they leave their dogs loose and expect you to deliver to the back door. If you don’t follow those risky instructions, you get reported.

They pay what they pay for a reason: nobody wants to do this job long-term. That’s why you mostly see very young drivers and even they quit almost as fast as they sign up.",youtube,9eswT8jOubk
"Employed with Amazon almost 10 yrs, I understand the frustration. But it's hard out here. Keep your job til you find something else",youtube,9eswT8jOubk
You do it then…,youtube,9eswT8jOubk
"That isnt enough money ,when u take in consideration u get in and out of the truck, fight through all that traffic,and taking a risk of getting hurt from these porch pirates, taking a chance getting jump in the vehicle from these thieving people,and u got all of them dam packages to deal with ,they said they work u like a dog in the plant ,u work smarter not harder",youtube,9eswT8jOubk
Fuck a job 😂,youtube,9eswT8jOubk
Jay -  24$ an hour BEFORE TAXES broda i think thats about 20 an hour if not 19$   .  so between that and 10 plus hours -  yea man not worth it for me.  Would you do it?,youtube,9eswT8jOubk
One stop will be an apartment with 8 locations,youtube,9eswT8jOubk
I hope that wimp called his wife before he quit😂😂😂😂,youtube,9eswT8jOubk
Yup sounds about right Amazon Walmart Costco FedEx etc etc companies like these won’t be around in 10 or 15 years,youtube,9eswT8jOubk
"Man you didn't have nothing on that truck.  You wouldn't have seen the walls on my truck and im 52.  Legs bout to fall off feet nonexistent and homeless not to mention starving.
Dank wish i could see $1100.  Try $350 in week same times same loads",youtube,9eswT8jOubk
People are quitting for the wrong reasons first find purpose in life a women a man children family then those packages don’t matter but people think they can just go to work without goals and reams are defeated before they even start more importantly accept Jesus as your personal savior he will work it out not you.,youtube,9eswT8jOubk
"Yep im qutting this week after started 2 wks ago. Money not worth it. No benefits, pay terrible this is fedex",youtube,9eswT8jOubk
More then what I make and I have way bigger responsibilities 😂 these young workers gotta man up,youtube,9eswT8jOubk
Amazon is garbage,youtube,9eswT8jOubk
24 an hour with a promise of 40 hours a week and that a lie out of the 4 days you work most people go home 2 day out the week out the 40 hours you suppose to do you only get like 24 or maybe little more if they pay you the hours that you show up for wen they send you home cause they dont have enough routes for everyone its the same everywhere i been in 3 different ones,youtube,9eswT8jOubk
24.50 in California is scrap pay cant live off of that wage.,youtube,9eswT8jOubk
Why quit when you have nothing lined up?,youtube,9eswT8jOubk
"I get quitting,  however your decision right there is the mark of a selfish individual.  You have 14 more deliveries to make. Finish those stops and quit when you get back to the warehouse. How would feel if you're waiting for a particular package and its supposed to be there today. Its 6 stops away and all of sudden you get an alert that your package was undeliverable. You find out or you see someone like you on here talking about you just quit. You will be pissed. Come on now.... I get being burned out, see something better for yourself and you're tired of settling  and you wanna quit. However do it the right way for your credibility, standards whatever...you wanna call it. Just handle it better. Now if you're being abused and bullied on the job by people who have authority.  Oh yeah.."" F you and this job"".",youtube,9eswT8jOubk
"He Doesnt look like a man , he looks like hes never had a job..all day inside femenine guy",youtube,9eswT8jOubk
Then don't come to Florida my boy because you'll be working Max 15 to $16 an hour having a 24.00 an hour job is extremely rare,youtube,9eswT8jOubk
Great gift for your wife's birthday...,youtube,9eswT8jOubk
Amazon and Jeff bozo will never be held accountable,youtube,9eswT8jOubk
These are DSP drivers 😂. They are contractors. Not warehouse employees. They tried to unionize and failed. Imagine being a delivery driver and shocked you have to deliver packages. 😂,youtube,9eswT8jOubk
I’ve done this job and I’m currently at FedEx. I remember having to deliver in extreme cold temps before they eventually let us come back to the station. It was -20 at least. Amazon is insane because it’s an actual store that provides delivery as opposed to FedEx when it’s a middle man shipper. Amazon promises same day delivery as well so the stop count increases.,youtube,9eswT8jOubk
I work for FedEx home delivery in 2013. what they're complaining about is nothing new.,youtube,9eswT8jOubk
"This is happening all over. Even at my factory, they want us to run two machines, one operator. Like asking you to do two things at the same time. Just basically slowly going to force us then claim they care about worker safety.",youtube,9eswT8jOubk
Also the turnover rate for an Amazon delivery driver is 150%,youtube,9eswT8jOubk
Amazon has a high turnover rate.,youtube,9eswT8jOubk
I worked at Amazon for 4 years until my dsp closed. From what I heard the higher ups wanted us to be working at 90% capacity so that when the holidays.come and there operating at 100% we wouldn't notice the 10% increase because we were already mostly use to it.,youtube,9eswT8jOubk
Go to college get a degree😂😂😂,youtube,9eswT8jOubk
I've never heard anything good about working for amazon,youtube,9eswT8jOubk
"i work at Amazon before its crazy, trust me and the guy that said 4:50 is correct",youtube,9eswT8jOubk
"Thats what yall asses signed up for. Its amazon you suppose to deliver a lot of packages. Post office carry packages and mail. Yall did have a chance to take the job or not to take the job during orientation.... shit is not going to be sweet the first few months, you have to get use to it...",youtube,9eswT8jOubk
Man I did FedEx for 6 years averaging 95-120 stops a day 250-350 packages for less💪🏼💪🏼 dawg it out and think positive 😈🤷🏻‍♂️,youtube,9eswT8jOubk
Funny in another video there's saying 12000 workers got laid off,youtube,9eswT8jOubk
Mfers were making 25$ hr in the 90s,youtube,9eswT8jOubk
"Amazon also hires low IQ, low worth ethic employees. You’re doing an easy job for $25 an hour and just because it’s raining- you’re in your feelings? 😂 

At Amazon, you have to work with ghetto people all day with no accountability, no ambition, and want easy money. 

Listen to what they’re complaining about 😂 very little inconveniences! 

Meanwhile people out there won’t get hired by Amazon because they’re overqualified or have much more professional demeanors. 

Amazon does need to hire better! That’s the real problem.",youtube,9eswT8jOubk
"20.25 for 10 hours 4 days 1,100 ?? Somebody math off",youtube,9eswT8jOubk
24.50??? He must live in Cali !!! Amazon drivers don’t get paid like that,youtube,9eswT8jOubk
Money is losing its value. Devaluation means working harder for less.,youtube,9eswT8jOubk
"Bro, 24.50 an hour isn't liveable in LA, i make more money as a Class A holder now cause i used to do fedex delivery and Amazon delivery because i actually changed my life these people don't have the urgency to change",youtube,9eswT8jOubk
"I worked for ADSP company for a year and a 1/2. It was good, I had nothing wrong with the company. Nothing bad to say is just when you get done with your own route, you have to go out and help somebody out.",youtube,9eswT8jOubk
Why would u NOT think during the holidays that AMAZON wouldn't ramp up deliveries at this time of the year. I work construction and am a union laborer i bring rain gear with me everyday in my truck,youtube,9eswT8jOubk
Stop complaining about companies if you have never owned a company lol. Don’t like the job then get another. Be happy with what you have. All these Amazon drivers have no skills in other areas. If you did you would not be working that. Grow up and learn.,youtube,9eswT8jOubk
Who the fuck siad this was a career job?🤣💀…this is a good job to stack doe and then some not to provide for a whole family 🤣💀💀💀💀💀💀,youtube,9eswT8jOubk
200 stops not worth 24$ hr stress and mental health,youtube,9eswT8jOubk
I,youtube,9eswT8jOubk
Wow....Can you imagine if the USPS was still delivering Amazon packages. 😮,youtube,9eswT8jOubk
after military I worked oil work for 14 hours in dirty dangerous work buy happy to be employed. stop crying,youtube,9eswT8jOubk
tthat Is not a bad wage for delivery  drivers. fields,youtube,9eswT8jOubk
"This ain't new news bro. I've worked for FedEx back 2013 and it's the same
I see, I've even sued them for chemicals getting into my eye.",youtube,9eswT8jOubk
DSP are contractors…not Amazon employees,youtube,9eswT8jOubk
Sucks to be poor,youtube,9eswT8jOubk
You try doing the job and you see how abused you are,youtube,9eswT8jOubk
And when your done your packages they tell you to help another driver that’s not done yet,youtube,9eswT8jOubk
They told my son  he couldn’t have a break and to piss in a bottle. Seems illegal,youtube,9eswT8jOubk
"Megan is amazing,  literally got me into amazon influencer- onsite commissions!! I haven't done a whole lot of videos, but I have made some money from Amazon onsite placement! Thanks girl!! Subscribe to this channel!!",youtube,rlNNBv5GYjE
What if I keep getting denied when applying?,youtube,rlNNBv5GYjE
"I scrolled through the comments looking for the perfect pitch, I didn’t see it linked. Am I over looking it?",youtube,rlNNBv5GYjE
Hiiii! I need someone to write an review on one amazon post because I cant do it can anyone please write it instead of me????,youtube,rlNNBv5GYjE
Can I connect Amazon to my personal professional digital content creator profile?,youtube,rlNNBv5GYjE
"So do you have to buy products, then review the products and post. To later get paid by Amazon for the video?",youtube,rlNNBv5GYjE
How much does Amazon pays tho for this stuff ?,youtube,rlNNBv5GYjE
I cant seem to find where to write the review...off to a good start arent I. lol Ive found the product I purchased (but under my daughters account) I have signed up for the AP and been accepted but where is the review button. OMG literally Im laughing because I dont know how Ill do this.,youtube,rlNNBv5GYjE
What part of the reviews pays you tho?,youtube,rlNNBv5GYjE
Out of the many many many videos I've watched this was definitely the most easy to understand and helpful!!! Let's pray I can finally see some income from my storefront!!,youtube,rlNNBv5GYjE
It says I have to be an associate first. Can we connect?,youtube,rlNNBv5GYjE
"I have the idea of doing this, but how exactly should I proceed?",youtube,rlNNBv5GYjE
Such a helpful breakdown—this side hustle sounds perfect for busy moms! 💼✨,youtube,rlNNBv5GYjE
"not posting to the product pages, posting them to the storefront. How will the video get attached to a particular product of seller. I want to make review videos for commission. im unclear",youtube,rlNNBv5GYjE
Do you start inside Amazon or TikTok?!,youtube,rlNNBv5GYjE
Love how straightforward and concise this video was!,youtube,rlNNBv5GYjE
I have a storefront on Amazon but I don’t do TikTok or any other social media.,youtube,rlNNBv5GYjE
I need help becoming an influencer.,youtube,rlNNBv5GYjE
"I’m getting denied for the Amazon influencer program, any tips?",youtube,rlNNBv5GYjE
Ive watched so many video at this point about this subject and I honestly have to say this was the easiest and most helpful video. Thank you!!,youtube,rlNNBv5GYjE
"I was doing reviews back in the day, made about $300/month. Easy money, but amazon killed all the reviews “in exchange for free proudct” I’m thinking about doing it again.",youtube,rlNNBv5GYjE
"This is so helpful! How do I know onsite is unlocked? I have an Amazon Storefront, do I have to post at least 3 videos in order for that message to show up?",youtube,rlNNBv5GYjE
"Amazon reviews, PGC, TikTok shop?? I have no idea what you just said.... (As far as PGC and the TikTok shop, I don't know what those are)",youtube,rlNNBv5GYjE
"Bla bla bla, buy my stuff 😂😂",youtube,rlNNBv5GYjE
cool vidio,youtube,rlNNBv5GYjE
Thanks for your time and I liked this project ❤,youtube,rlNNBv5GYjE
HELP ME PLEASE,youtube,rlNNBv5GYjE
"I'm a New Subbie! Im trying to make extra money, and I  need this side hustle. I have a YouTube channel and a TikTok.  Where and how do I begin?",youtube,rlNNBv5GYjE
I haven’t posted much on my TikTok lately. Should I start posting before I try and become an influencer? And what should I be posting?,youtube,rlNNBv5GYjE
Flashbacks to older trends spark nostalgia-driven shares,youtube,rlNNBv5GYjE
do you have to show your face in the videos?,youtube,rlNNBv5GYjE
"Hi there, do you recommend starting a new Amazon account or use my personal account?",youtube,rlNNBv5GYjE
So you cannot be an Amazon associate and get paid for Amazon reviews? I just became an associate and am trying to get some traction to move up to influencer so I can get a storefront.,youtube,rlNNBv5GYjE
I need help with brand deals and samples from Amazon please.,youtube,rlNNBv5GYjE
Thank you for your time .,youtube,rlNNBv5GYjE
First thanks for all the useful information and taking the time to make it and post it. I know this video is older but I hope you see my question. I’m in the Amazon vine program. My understanding is that I can’t make content using the products that I receive from this program. My question is can I be an Amazon influencer as well a reviewer for Vine at the same time? I love reviewing products and I believe I’m as honest as I can about the products I review. I want others to have a good shopping experience because of the sound advice that I gave them.,youtube,rlNNBv5GYjE
"Hi, can you update your link to the TikTok account? It's not coming up and there are most definitely fakes when I searched.",youtube,rlNNBv5GYjE
I tried to follow your Instagram but it said link is broken. Do you have a different account?,youtube,rlNNBv5GYjE
So I have a TikTok account that I started awhile back for trying to use for print on demand but never used for that. It is still branded for that plan before and every time I try to start another account it tells me I can't. What should I do about that if I want to try using TikTok to get into this with Amazon?,youtube,rlNNBv5GYjE
It says you have to be invited,youtube,rlNNBv5GYjE
I’m confused on what happened to my status. I applied to AInfluencer on may 25 and I got accepted in like 5 seconds. Then I got into a car accident and was busy with that until 3 weeks ago. They had sent me promotions they were running in June and July. I never responded or set up my storefront due to my MVA. I went in to crate my storefront and I think they disabled my account! I was getting messages saying you have been denied access to this operation etc etc. so I tried to apply again to the influencer and now it says I don’t meet the requirements…. I never received a formal email from them confirming they were closing my account so I’m confused,youtube,rlNNBv5GYjE
"It’s crazy how eye-opening Girl Boss Hustle: Earn 10k From Home is. After reading it, you realize how much you’ve been missing, but the best part is it’s never too late to make a change!",youtube,rlNNBv5GYjE
"So I am an influencer with a store front and everything else you’ve mentioned above. I am ready to make my first video, I am just having trouble on how to make it. 

For example, I want to make one about some spoons for my infant. Should he be in the video? What exactly should I film?",youtube,rlNNBv5GYjE
Love this thanks so much. Tried following your socials they are no longer active ? Can you send over your new links ! Thanks ☺,youtube,rlNNBv5GYjE
I am so interested!! do you have examples of your amazon shoppable videos that you can share?,youtube,rlNNBv5GYjE
How many videos reviews do you upload daily or per week? I’ve been seen a lot of video and nobody share the quantity if any…thank you for your video,youtube,rlNNBv5GYjE
I just want to know do you have to use tik tok as an Amazon influencer  or can you also use Instagram or facebook,youtube,rlNNBv5GYjE
"So if you use a niche “burner” account that you only used to get approved for the program, can you switch it to your actual one after you get in?",youtube,rlNNBv5GYjE
Thank you for a great video!,youtube,rlNNBv5GYjE
Do you recommend or not recommend text on videos???,youtube,rlNNBv5GYjE
I’ve been trying to get approved for Amazon influencer on TT for nearly a month. Can’t seem to crack the secret code,youtube,rlNNBv5GYjE
Love this! Off to learn more...,youtube,rlNNBv5GYjE
So how do you make money from Amazon reviews though??,youtube,rlNNBv5GYjE
Great video ❤. I’m so excited to start this process!!,youtube,rlNNBv5GYjE
Do you recommend landscape videos or portrait videos on Amazon?,youtube,rlNNBv5GYjE
i can not find your tiktok did it get banned? or IG thanks subscribe,youtube,rlNNBv5GYjE
Can we do this without being the ones who make the videos ?,youtube,rlNNBv5GYjE
"Lived the video!  I have subscribed.  When you apply to be an influencer, does the social media you link need to have Amazon reviews already?",youtube,rlNNBv5GYjE
"Hi, is it possible to receive products ans just do reviews for Amazon? Or do I absolutely need a social media accounts?",youtube,rlNNBv5GYjE
Hi.  My 3 videos have been denied two times.  I’m so afraid of sending new ones the third time.  I’m not sure what I’m doing wrong,youtube,rlNNBv5GYjE
"This is so helpful! About how long does it take to get approved to be an Amazon Influencer? Pretty new to this, so any help/advice is appreciated. Thanks!",youtube,rlNNBv5GYjE
"Thank you for this advice! I have tried two times to upload my three Amazon review videos and I’ve been denied. I am at a loss of what to do, what to say, should there be any background music? Do they just want you to review it or do you have to use some selling pitches? What exactly are they looking for for those first three videos?",youtube,rlNNBv5GYjE
"Please stop touching your hair, picking your nose and acting like you’re really jittery…",youtube,rlNNBv5GYjE
Hi! Wanna try our light? I’ll pay for everything — just need a quick review with a pic or video.,youtube,rlNNBv5GYjE
"Hey Meg, I'm having a hard time coming up with a niche account, what tips do you have on this?",youtube,rlNNBv5GYjE
Meg hi!!!! I got denied I have almost 5000 friends on my Facebook. What did I do wrong? Help😊,youtube,rlNNBv5GYjE
Would it help I’m a member of Amazon vine they send me free stuff everyday. Or would it be a conflict of interest?,youtube,rlNNBv5GYjE
"So when we first sign up to amazon associates, what do we do as far as content?",youtube,rlNNBv5GYjE
Do I just go to the product and leave a review like that? How do you apply?,youtube,rlNNBv5GYjE
When it comes to making the 3 video do you have to have proof you purchased tge product on Amazon from your own account? Or can I use Amazon products from my husband's account?,youtube,rlNNBv5GYjE
How many TikTok accounts can you have? And are they like the Facebook profiles or completely separate?,youtube,rlNNBv5GYjE
I was just about to sign up to be an Amazon reviewer until I saw what the last part of it said. It said that I don't need to get my consent for the purchase of products!!! Another words that can spend my money without my permission. I immediately stopped the sign up process once I saw that.,youtube,rlNNBv5GYjE
"I tried, was declined, but offered , says try Amazon associate…. I have follower, I also am gold Amazon vine reviewer, recommend anything? Blessings",youtube,rlNNBv5GYjE
"I thought of just reviewing those products in video, but…",youtube,rlNNBv5GYjE
"I’m a gold vine reviewer, what do you recommend??",youtube,rlNNBv5GYjE
"Im confused after i applied for amazon associates. After i set up my account, do i need to make 3 review videos and post them to my tiktok? Or how do i make the 3 videos for them to review",youtube,rlNNBv5GYjE
So you have to post videos to tik tok to be able to do this? I thought there was a reviewer program where you didn’t have to use social media and you just posted reviews to Amazon and Amazon would pay you,youtube,rlNNBv5GYjE
"I have a product that needs review, anyone intrested?",youtube,rlNNBv5GYjE
You have really pretty eyes,youtube,rlNNBv5GYjE
I can’t get on onsite commissions :(,youtube,rlNNBv5GYjE
Do you have any tips for nring approved with an IG account?,youtube,rlNNBv5GYjE
"Meg, the three videos that are uploaded to try to get into the Onsite program -- Can they be monetized after being accepted? I wouldn't want to waste one of the better opportunities if it will not be monetizable. Thanks, love this info so much! You're the only one I've found not gatekeeping behind a paywall!",youtube,rlNNBv5GYjE
🎉 👏🏻 awesome information,youtube,rlNNBv5GYjE
"Love the info , but im confused on where to submit my videos and how do we know if weve been accepted ? I cant find this information anywhere 😢",youtube,rlNNBv5GYjE
"I’m a Amazon influencer, I’ve been able to post videos and it has views, but how do I know if I got approved for the onsight? My video says I  earn commission, so I’m confused. I asked customer service and they said they don’t have it up right now to see if you have the blue lock or not",youtube,rlNNBv5GYjE
Is anyone willing to cooperate with me? I have a store on Amazon and I can give you products for free as long as you leave me a five-star review,youtube,rlNNBv5GYjE
"Very helpful info, thank you!",youtube,rlNNBv5GYjE
I’m so happy I found you today… you have no idea,youtube,rlNNBv5GYjE
I'm just getting back into it! all but 1 of my videos were taken down. would that mean anything? my storefront still says I'm earning commission.,youtube,rlNNBv5GYjE
She helped me get approved through tik tok! I recommend her course and support group! Thank you Meg!,youtube,rlNNBv5GYjE
What’s the link to sign up for,youtube,rlNNBv5GYjE
"Hi Megan, I watched your video 3 times to listen for where to find the “pitch template” you say it
Is below but is is not there. Can you send to me? Thank you so much!  Lynn",youtube,rlNNBv5GYjE
What silly thing did you do so we can avoid it?,youtube,rlNNBv5GYjE
"This girl is the real deal! Shes helped me get started on tiktok and get good at getting engagement and engaging with others, with her help ive been approved to apply for Amazon influencer. I cant wait to see what else she can teach us!",youtube,rlNNBv5GYjE
This is so helpful!!,youtube,rlNNBv5GYjE
Thanks for the video! Are there any ways to monetize leaving reviews or get test products/samples if I don't have social media accounts?,youtube,rlNNBv5GYjE
So excited about your YouTube channel! Just subscribed!! 🎉,youtube,rlNNBv5GYjE
Absolutely love the tips and the receipts to show yes you truly are crushing it unlike other people “teaching” about it!,youtube,rlNNBv5GYjE
"Got into TikTok Shop with only 1,000 followers thanks her mentorship ❤ 
Working on getting into amazon now!

After spending thousands on courses….. I finally found her! 🙏
And it’s affordable! And that’s an understatement!",youtube,rlNNBv5GYjE
This girl knows her Ish. She has gotten me into the TikTok shop and almost into the Amazon on site commissions program!! She is that girl! And she doesn’t gate keep. I can’t wait to see what else we learn!!,youtube,rlNNBv5GYjE
"Feels kinda odd they didn't want to send a link to the product. I would've assumed that they would so you didn't buy the wrong product. While watching the video, I thought that the scam was gonna be that he buys the wrong product and they want money back or something. That and the photo of all the products at the beginning looks to be from Temu? You can get a similar screen if they are offering anything for cheaper, free, or coupons and they show a screen of products you have favorited or that fit your browsing history that you can choose. Still illegal, but at least you got what you were promised for once🤷‍♀🤷‍♀",youtube,3YjEdaU1xTc
How do I get a reviewer payment site,youtube,3YjEdaU1xTc
I actually reviewed a few things on Amazon and I got to keep the item for free they gave me a gift card for the value of the item I never got ripped off the most expensive thing was a 1500 degree stainless steel pro quality steak cooker,youtube,3YjEdaU1xTc
Not too bad for a free LED light strip.,youtube,3YjEdaU1xTc
"So it wasn’t really a scam,… 🤗",youtube,3YjEdaU1xTc
Great!,youtube,3YjEdaU1xTc
I also have an agent and giving me a lot of items for free if I rate them 5 star and the products really are 5 star deserving❤❤,youtube,3YjEdaU1xTc
"i bought shit, expensive headphones because it had 5 star reviews on amazon. when it arrived i had a note telling me to rate 5 stars to win 50 grand. the headphones were super bad, chinese quality make.",youtube,3YjEdaU1xTc
"I have to say you didn't make any extra money with your review.  You only got your money back for your review.  So being you purchased a second set of lights and gave another review, you were not paid again.",youtube,3YjEdaU1xTc
"sounds like temu before temu. speaking of temu if ur ever playing those get paid to play games, temu will assault u with long ads where u have to click the x 3 to five different times and if u miss it it takes to their website it slows down ur phone it freezes and blacks out. why do they do that? simple to make it seem like ppl actually wanted to see their crappy site with their crappy items. disgusting.",youtube,3YjEdaU1xTc
It's really amazing. I've been doing this for 4 years. And all my friends and my family. My Chinese seller helped me properly in this. I'm very happy. Thank you.,youtube,3YjEdaU1xTc
"Had exactly the same thing, well an enhanced version with a dash cam I had purchased. 

The initial item was great but then the company wrote to me offering me a free upgrade on the basis I do a 5* review for them. I had to buy this through Amazon & they then refunded me the money. 

True to their word I got a free £60 dash cam which is an amazing piece of kit & a full refund. Ironically I genuinely would have left a 5* review anyway!",youtube,3YjEdaU1xTc
"I received a card with an item I bought, asking me to give 5 stars to that product, and offered $15 on a next purchase",youtube,3YjEdaU1xTc
If u got your money back theres no need to edit the review. If they did what they said they would thats extremely rare nowadays.,youtube,3YjEdaU1xTc
"What I think is that if I had to hire/manage a team of auditors, I would want you on the team!",youtube,3YjEdaU1xTc
"Hello.  Sorry if I'm in the wrong place.  I've just been on Amazon.  I always try to read/skim the reviews before buying.  I clicked on the 1 star reviews.  The only thing that came up were the 5 stars.  I couldn't get the one or lower stars to come up.   I went to the ask a question section and clicked on it.  I tried to ask ""Rufus"" (obviously an AI bot) why this was happening.  I couldn't get a text box to come up.  This has never happened before.  I've always be able to click on and see negative/critical reviews.  Can anybody tell me what might be going on?  More cyber-censorship???",youtube,3YjEdaU1xTc
I love the vibe of this video ??,youtube,3YjEdaU1xTc
How is this channel not bigger??,youtube,3YjEdaU1xTc
I love how real this feels.,youtube,3YjEdaU1xTc
One of the best videos Ive seen today.,youtube,3YjEdaU1xTc
"I was facing these issues, but on Shopee (the local online shopping for developing countries by SEA company). Gladly, I didn't do it.",youtube,3YjEdaU1xTc
"A couple years ago I bought a small dryer from a Chinese company.  It showed up and was defective.  Because it was sold and shipped by the company and not Amazon, I had to deal with them directly.  When I complained, they offered me a rebate of 25% of the cost.  No deal.  Then 50%.  No deal.  Then they offered to replace the unit and sure enough, it showed up and worked fine plus they said to just keep the old dryer and do what I want with it and I took it apart and was able to repair it.  I suppose the lessons are that the markup on these products is likely huge plus never accept their first lowball offer.",youtube,3YjEdaU1xTc
"Mine was different.  After leaving a one-star review of an absolutely horrible product, I started receiving  text messages from the seller (like a lot, and it was weird). First, they offered  me $25 for 5 stars. I said no because I use reviews as part of how I decide to buy a product ( thanks to all of you, honest folks!) 
Then they raised the stakes to I think $40, a couple text later, it was $75!
WOOHOO, I THOUGHT I WON THE SCAMAZON  LOTTERY!... NOT!

 I'm no saint, but I'll be damned if I'm going to help rip off fellow Americans by giving false reviews to help Chinese companies and domestic scammers!",youtube,3YjEdaU1xTc
"so u dont get paid, u get compensated with a free item essentially.",youtube,3YjEdaU1xTc
so you were not scammed but you broke the law. 😂,youtube,3YjEdaU1xTc
"Are there any real buyers? I am a seller on Amazon. My company has produced many new products and needs some experience officers. If any friends are interested, you can leave me a message. I will reply to you after I see your message.",youtube,3YjEdaU1xTc
"Believe it or not its common practice in China to give one free sample product if the vendor thinks the vendee will generate many sales.
I don't think that's the practice in the USA.",youtube,3YjEdaU1xTc
"so now you can't even trust 5 star reviews? everything is a scam now,",youtube,3YjEdaU1xTc
So someone has to give a five star review to get their money back. Completely against Amazon’s terms of service you cannot pay for a five star review,youtube,3YjEdaU1xTc
So you just get your money back?,youtube,3YjEdaU1xTc
"I read pretty much all the comments and reviews before buying anything.  Some reviews I will outright dismiss as being faked or exaggerated. But, overall, it is a good system to help out the consumer.  Yes, there can be abuse like in anything else, but still a pretty good system.",youtube,3YjEdaU1xTc
"bro I have these kind of hillbilly lights gathering dust for more than 5 years now, got 10m for 5$ back then. These are the most generic rgb controllable strips, the controllable part can be replicated with any MCUs you have lying around.",youtube,3YjEdaU1xTc
"Honestly stagwell and 72sunny is very suspicious  do these scammer use this companies name, there needs to be a investigation into those companies and their affiliates",youtube,3YjEdaU1xTc
I usually either leave a good review or no review at all....,youtube,3YjEdaU1xTc
"I answered an ad for Amazon reviews. It seemed wrong, being paid for reviews. I was not fast with it, asking many questions. They were like either you trust or you don't. I had to buy an ebook - cookbook, and give a good review. I bought the book and it was horrible! Well, I gave a review of 3 stars telling the one good point of the cookbook. They sent me the money they said they would; however, because I took long the price of the cookbook was higher. So I was out a few dollars. I asked what my next item was to review. They were angry with me and did not want me to review another item. Anyway, the next day, the ad was shut down and I was communicating with them on a ""job site"", so I lost all communication. It was flagged and closed as a scam. But I was curious and wanted to see what they would say. Oh! I guess I should also mention that I was compensated for my review as well. Thanks. ***Edit*** Yes I like the lights:) ***Edit 2*** Seems the cookbook is no longer on Amazon. Surprised? Guess not.",youtube,3YjEdaU1xTc
"Amazon BEZOS IS FUNDING THE LA RIOTS,


What a
Big time jerk. KEEPS
CHINA IN BUSINESS AND WANTS CHEAPER WAGE EMPLOYEES BUT WANT AMERICANS
TO
BUY HOS JIMK",youtube,3YjEdaU1xTc
its real but expect to have paypal ban your account like they did to mine,youtube,3YjEdaU1xTc
This is now a unboxing channel!!😂😂😂😂😂😂😂😂😂😂😂😂😂,youtube,3YjEdaU1xTc
A personal opinion on a product should always be considered.  Amazon is a business and there is always tactics being thrown behind every sale In this world that we live in. Nice vid by the way thumbs up and you got my sub 👍,youtube,3YjEdaU1xTc
I really enjoyed this video.,youtube,3YjEdaU1xTc
"Fake Spot seems to be pretty crappy, i checked 2 products by the same company and get 2 different overall company ratings.",youtube,3YjEdaU1xTc
"It's been 6 years I'm providing reviews to Chinese sellers 😅. Thousands of reviews every month. We are a proper team and having millions of buyers from different countries. And it's almost safe, there is no problem to get paid reviews at all. From my perspective, almost 90 percent Chinese sellers get reviews to rank their products. So no need to be worried.",youtube,3YjEdaU1xTc
The entire review landscape is destroyed. Scammers ruin everything.,youtube,3YjEdaU1xTc
"I know everyone thinks that just because somebody was compensated that they're lying, but that's not true. A person of integrity can still say their fair opinion either way. They can also get a refund if they don't like the item. 
Also a note, Hong Kong is not China. Fair and square. 😊",youtube,3YjEdaU1xTc
Totally cool vibe.,youtube,3YjEdaU1xTc
"A former friend of mine did this, she left a good review and could keep the items…. Meh and it’s usually utter trash",youtube,3YjEdaU1xTc
"Amazon themselves created the need for fake 5-star reviews by building a marketplace where nothing can sell without reviews, and they made it so much worse when getting free products in exchange for reviews was banned. Before that, many sellers would provide free products and get reviews, and most of them wouldn't expect 5 stars, and you had to disclose in your review that you had received a free or specially discounted product. That meant that once it became against the rules, they would have to offer not just a product refund but an actual payment on top of it, those reviews would be less visible without the disclosure, and they could make a 5-star review part of the agreement.

I used to write reviews in return for free products when it was allowed. I came to it by chance when some of my reviews were so well liked I got into the top-2.000 helpful reviewers on the UK Amazon marketplace, which is when I got my first offer for something free. Since free products were allowed, you would simply get a link and a discount code, and offering money in addition wasn't allowed or common. I don't think anyone ever offered my anything extra, but there was something about discount codes in combination with a Prime membership that ended you up with a lot of credits for buying digital music in those days – I can't remember exactly how it worked – so I sort of got a bit extra by being able to stock up on a lot of free audio.

By the time the incentivised review was banned, I was a top-100 reviewers, and got loads of free stuff every single day. Some of it was even useful. Many other reviewers who got free stuff seemed scared to give their free products less than 5 stars, but I used the entire scale from 1 to 5. The thing is, they looked at reviewer rank, so if someone blacklists you and won't send you anything else, your 1-star review will still be helpful to someone, increasing your rank, and someone else will take their place to send you something that is less crappy, so there was never any need to be squeamish about leaving 3 or 4 stars – or even less.

The Amazon guidelines changed October 2016, almost 9 years ago, but I'm still working my way through the free lightbulbs I got, I use free bathroom, travel and kitchen scales, kitchen timers, other kitchen supplies I got for free, some tools, flashlights, microphones, USB hubs and chargers, extension cables, some camping gear. Some backpacks I got are still in daily use, both by me and by others I have gifted them to, and there's lots of other stuff I've probably forgotten about now. It was only last year I had to buy new headphones for the first time in a decade. I also have a free LED strip lighting up my loft that still works perfectly after a decade.

I still get offers to do reviews almost every single day, but in return for refund and money now, usually around $10 extra on top of the refund. I've managed to filter them all into my spam box. First of all there's not much interesting, and I don't want to break the rules or the law. It is also illegal in the UK to leave undisclosed incentivised reviews.

When you're not able to disclose it anymore because it's against Amazon's rules, they have made all reviews like this illegal, 5 stars, and even more misleading than they used to be. Not the result they wanted...",youtube,3YjEdaU1xTc
Those lights are overpriced though,youtube,3YjEdaU1xTc
"July 1st 2025, Fakespot will be closing down their app and website. That is too bad. I wish I saw this sooner.",youtube,3YjEdaU1xTc
I am a real seller of Amazon. Knock on my door to be ready. I have 1000+ products from all over the country.,youtube,3YjEdaU1xTc
Scamazon are at it again.,youtube,3YjEdaU1xTc
"I’ve done this before. They really did pay me, and I got to keep the items.",youtube,3YjEdaU1xTc
"That's why I will keep looking only at 2, 3 and 4 stars reviews! They are the most usefeul anyway!",youtube,3YjEdaU1xTc
"Im not against paid reviews as a concept, as long as the reviewe were to be truthful, which they will never be on thoses websites.

If they ask for a review to get compensation, they ask for that review to be 5 stars. And thats my problem with it.


If a product is genuinly good, then a company could use paid reviewe as a genuine tactic for advertising and getting their name out there, because people will put positive reviews.

But if paid reviews must always be positive reviews, then a bad quality product would still get a good rating.

It is possible to reward people for reviewing while allowing thoses people to leave a bad review in the process. I know a website who does it.",youtube,3YjEdaU1xTc
Have had similar things happen. It's usually legit but dependent on a positive review. Most sellers will then offer you other items for a similar exchange. Have had similar episodes where a seller offers a refund for a removal of a review. That's tended to be legit as well.,youtube,3YjEdaU1xTc
"This was a great video by Pleasent Green! It really shows the ethical and unethical balance between which strategies companies use to boost their product's popularity. Very informing.

I should also add, that I was compensated for this comment.",youtube,3YjEdaU1xTc
"I bought a food processor once and found a note in the box saying that I would get a set of measuring spoons (free) for a five star review, which I did.  The spoons were AWESOME!  They nested together with magnets to stay neat in my drawer.  However, the food processor turned out to be less than I expected so I returned it. LOL. And no, I did not alter my review.",youtube,3YjEdaU1xTc
You ordered those lights on my birthday :3,youtube,3YjEdaU1xTc
I used to review stuff for money and people would send me free stuffs,youtube,3YjEdaU1xTc
Amazon is a scam they still deduct money from your bank account long after you closed your subscriptions.,youtube,3YjEdaU1xTc
"I did this for a while years ago and ended up being banned from doing reviews on that profile after about a year. 😅 Got a bunch of cool stuff when I was really broke so I'm not mad at it, but having all my other reviews be deleted kinda sucked.",youtube,3YjEdaU1xTc
"I had a similar experience years ago with a pair of headphones. They were so good, I tweeted about them being a great bargain. The company reached out and offered me a free pair of their next model if I reviewed it. Technically they did not tell me how to review it, but they likely assumed a positive review was a foregone conclusion.",youtube,3YjEdaU1xTc
good,youtube,3YjEdaU1xTc
"I purchased and installed very similar if not the same lights in a few rooms in our house and I liked them very much, using them almost every night and enjoyed changing the colors based on my mood sometimes. The only problems were that the diode/chip would fail, sometimes individually, sometimes by the dozen. Sometimes one color of the spectrum would fail in some of the diodes so that when say ""red"" was set for the color of choice in the app, some other color would be seen depending on what color failed in the diode chip. Additionally, when removing strips of the lights, paint was pulled from the walls requiring  many hours of puttying, sanding, and painting to repair all of the damage caused by the removal of all of the lights in three rooms.😰😡",youtube,3YjEdaU1xTc
So basically we get free items but not actually make money,youtube,3YjEdaU1xTc
Also I don't understand why these lights had low ratings on the other website when the lights seem pretty pretty good to me like I said before they do exactly what they say they do and you show them off and they work pretty fine I don't know why people give good things bad ratings I see that a lot of times where I'll get something that's really good but they have bad ratings for some reason happens to me all the time when I'm shopping on Amazon,youtube,3YjEdaU1xTc
your review was perfectly fine I mean the lights are what they say they are in to me they seem pretty good working they seem to me like a five-star product they do everything they say they do to me that's a five star,youtube,3YjEdaU1xTc
"Similar situation happened to me. I bought a keyboard and mouse from ""asus"" initially it worked fine. But then after a couple of months I needed warrenty repair from asus. When I contacted asus they said my serial numbers were Not valid! They asked me to show proof of purchase so I did. Well, they still said that neither product was valid. So I left a review according and also answered / warning everyone who had a ""question"" Well, then Amazon blocked me from ever leaving another review! Lol, now I just use Amazon as a search, then go to the  manufacturer to purchase",youtube,3YjEdaU1xTc
You’re such a clever dude 👍🏽,youtube,3YjEdaU1xTc
"All the products are Chinese manufacturing 

The only difference is who is selling",youtube,3YjEdaU1xTc
Amazon UK and USA free products available need 5 star reviews 😍 @all,youtube,3YjEdaU1xTc
Amazon UK and USA free products available need 5 star reviews 😍,youtube,3YjEdaU1xTc
Free Products for USA 🇺🇸 and UK 🇬🇧 in Amazon 😍,youtube,3YjEdaU1xTc
That was looking sketchy af,youtube,3YjEdaU1xTc
"Hey, what’s up lizard, eyes, a.k.a. unpleasant green. I love your channel. I love what you do. I just wish one thing in almost all your videos. You use the corny, horribly corny cringe, stock music like the one when the lights were going. Please don’t fall into that category as a cringe guy. I know you can’t help that your eyes look horrific, but please come on",youtube,3YjEdaU1xTc
"So, are you promoting this product? Where is the link, then? Now I want these lights too😂",youtube,3YjEdaU1xTc
"But what does it mean when it says ""verified purchase "" ?",youtube,3YjEdaU1xTc
"Yeah. Anytime I’ve got a shitty product, I get a message offering me 2-3x what I paid in credits. It’s weird tho, they will send 2-3 payments to equal the amount. I guess to beat the system. They literally buy good reviews",youtube,3YjEdaU1xTc
"i really enjoyed this video; it’s super informative and makes a lot of great points! but honestly, i feel like the whole idea of getting paid for Amazon reviews can be kinda misleading. it seems like it might encourage people to be less honest about their opinions, just to make some cash. isn’t that a bit sketchy?",youtube,3YjEdaU1xTc
What’s up with that extremely irritating background noise?,youtube,3YjEdaU1xTc
I saw immediate results after using AmzBee. Their reviews were a big help for my product listing. Highly recommended.,youtube,3YjEdaU1xTc
"I’ve been using Amzbee for my marketing needs, and their ability to help with reviews is top-notch. Highly recommended",youtube,3YjEdaU1xTc
AmzBee made a huge difference for my listing. Their reviews are authentic and helped boost my visibility.,youtube,3YjEdaU1xTc
"Hello dear.🥰😊
I am giving amazon products for testing.
You just need to do that:
1..order product from amazon
2..send me order screenshot and paypal
3..give review on amazon 
4..once your review goes live
5..i refund all your money
Kind regards.
So tell me dear are you interested in testing products?Hi🙂i m working as marketing agent in amazon
I am offering free products for

2> US🇺🇸

In exchange of reviews on amazon
If you interested Tell me i ,ll send you pictures and details",youtube,3YjEdaU1xTc
"Don't do this, I did, I'm now banned from reviews and asking questions on Amazon. Paid reviews are against Amazon's T.O.S.",youtube,3YjEdaU1xTc
I am looking for amazon reviewers from USA,youtube,3YjEdaU1xTc
"The buyer is always free to leave an honest review. Amazon's ratings system, for showing sellers items more, considers  product quality, the delivery service, and even how many buyers leave reviews. So I can see why sellers (even if the are from Hong-Kong) would ask direct buyers to leave reviews. He is not paying you to leave a review he is saying thier is a rebate for those who like it enough to leave a five star review as it is the best way to shar this products with others.  It depends on how you look at it.",youtube,3YjEdaU1xTc
I got a FB messenger scam like this,youtube,3YjEdaU1xTc
Amazon should change its name to Amashit because they’ve gone to hell,youtube,3YjEdaU1xTc
ive gotten probably 3k worth of sex toys but they paid for the items beforehand for me. then i left a review and sold the items and gave them away,youtube,3YjEdaU1xTc
"I was actually just given a $40 amazon gift card for reviewing a product I had already bought. I haven't thought of the deception part of it, though the product really was 5 star quality. Its interesting to see.",youtube,3YjEdaU1xTc
4:19 Reminds me of something called puzzlevision,youtube,3YjEdaU1xTc
"Just my opinion, some may disagree, but there are a ton of ""side hustles"" like this, that sure, make you extra money, but also dont feel completely ethical to me...artificially bumping up ratings on products just feels dishonest to me",youtube,3YjEdaU1xTc
This might get your account banned which is better,youtube,3YjEdaU1xTc
"Yeah, these aren’t necessarily scams. Back in the day (like 8 years ago) I would spend a lot of time on websites such as AMZ Review Trader and Snagshout, where you could claim products to review, after which you’d keep them. Back then the companies could just give you a coupon code which would make the item free, so they wouldn’t have to reimburse you. I don’t think they’re allowed to do that anymore.",youtube,3YjEdaU1xTc
This is exactly the video i was looking for days. Following!,youtube,3YjEdaU1xTc
My mom gets free stuff for just leaving reviews,youtube,3YjEdaU1xTc
I actually bought these lights thete so awesome,youtube,3YjEdaU1xTc
"No more headaches with Amazon sellers—Ditchit offers a much smoother, more transparent shopping experience! 😊",youtube,3YjEdaU1xTc
lol kek čeburek,youtube,fXpawICPu9Q
"I am canadian reviewer agent, my all products full refund products i need product tester",youtube,fXpawICPu9Q
Where do you upload the videos?,youtube,7GxVjze8sFQ
I already got exciting products on Amazon for free ❤,youtube,7GxVjze8sFQ
"lol talking about making 100k per month but shows just over $250 per month?  I call bs on this one, I have been an Amazon influencer for 4.5 years I have over 4000 videos but i do make from 8 to 10k a month. He is full of shit, and it is a lot harder than this, if he is selling a course don't buy it, it is bs.",youtube,7GxVjze8sFQ
So now I have to pay you for the information for being a Amazon reviewer if it’s true why don’t you just put the information out there?,youtube,7GxVjze8sFQ
Right😅,youtube,7GxVjze8sFQ
Amazon does not have a paid product review program. I looked at it on Amazon.,youtube,7GxVjze8sFQ
"Anyone who wants to get free products from Amazon, reply me. 
Currently only for USA",youtube,7GxVjze8sFQ
"Nice explanation, keep up the good work.",youtube,7GxVjze8sFQ
My question is how do you do it (RESPOND PLSSS I NEED DA MULAH),youtube,7GxVjze8sFQ
How do I do it,youtube,7GxVjze8sFQ
"Because of videos like this, now when you go to products on Amazon, instead of there being quality videos by competent reviewers, there’s a bunch of shitty videos just taking up space in the Amazon platform. 🤷🏼‍♀️",youtube,7GxVjze8sFQ
Do I need to be on the Amazon Influencer Program?,youtube,7GxVjze8sFQ
How do I do this,youtube,7GxVjze8sFQ
Info,youtube,7GxVjze8sFQ
"Stuff I have lying around the house? Where do I sign up?
"" these jockey underwear fit like a glove- they're the most comfortable underwear I've ever owned. Just ignore the skid marks. Please.""

Where's my 250?",youtube,7GxVjze8sFQ
Bro you make about a dollar a video reviewing amazing products stop lying to people who need work and money to line your pockets that’s fucked up man.,youtube,7GxVjze8sFQ
"You can earn commissions and get products for free, you only need to give good reviews, contact me if you have any ideas.❤❤❤❤",youtube,7GxVjze8sFQ
SCAM,youtube,7GxVjze8sFQ
"Guys, this dude is not making 100K a month with the influencer program.  He may make it through other means where Amazon represents 1% of that, but even the top Amazon influencer on the entire site isn't making 100K a month through onsite.  Amazon influencer is great, but you need to have proper expectations.  You won't make 100K per year, much less per month.",youtube,7GxVjze8sFQ
what happens when you run out of items in home to review?,youtube,7GxVjze8sFQ
"Where do I get started,I don't see this information.",youtube,7GxVjze8sFQ
I thought at first they ment the FBA thing but this is different I'll try it .Yah he dose make videos from this to but he probly ment this is how he started you do have to have more then one way to make money espicaly if it's passive or a business type deal .,youtube,7GxVjze8sFQ
He got paid for this vid as well 😂,youtube,7GxVjze8sFQ
"Earning $10 per paid user is tempting on Myskillups. 
Isn’t it?",youtube,7GxVjze8sFQ
I'm curious about (a big fan of) the MySkillUps platform for boosting confidence & skills in teens/young adults. Have you ever tried it or looked into their program for earning commission?,youtube,7GxVjze8sFQ
"I thought I saw you on Onlyfans, you looked familiar!!",youtube,7GxVjze8sFQ
"I can help you to get free products in return for a review only.
If anyone is interested let me know for detailed ❤",youtube,7GxVjze8sFQ
Hook me up,youtube,7GxVjze8sFQ
Share the sauce 👩🏻‍🍳,youtube,7GxVjze8sFQ
Is this part of amazon associates ? Where do i find info about how to do this ?,youtube,7GxVjze8sFQ
How?,youtube,7GxVjze8sFQ
Can i review books?,youtube,7GxVjze8sFQ
How to do it?,youtube,7GxVjze8sFQ
Where’s the link?,youtube,7GxVjze8sFQ
Where the link,youtube,7GxVjze8sFQ
No link,youtube,7GxVjze8sFQ
There's no video link?,youtube,7GxVjze8sFQ
MAGA has destroyed our Country while the rich plunder the treasury.,youtube,fjVnR5c0xZ4
"I worked at Oak4, Tracy CA for 11 years and was terminated for opening a destacker door. As soon as I left HR i passed another employee with the destacker door open. Thats Amazon. No write up, no syspension, no surveillance of other worker habits, just instantly booted. Not a place to retire from. Its run by STUPID KIDS.",youtube,fjVnR5c0xZ4
Never ever ever move for a job. Jobs comes and goes.  Not your rental agreement,youtube,fjVnR5c0xZ4
The hardest part of Amazon layoffs isn’t just losing income — it’s losing stability overnight. Layoffs don’t just cut jobs; they cut identity. Curious: What was the first sign you noticed before the layoffs hit?,youtube,fjVnR5c0xZ4
"I used to be a PPQA specialist for outbound years ago and still have PTSD from these modern day concentration camps (warehouses), there’s the measurement for Tier 1s’ rates called DPMO (Defects per million opportunities) and when it gets so high for any associate it would make the manager write the person up or PIP. My duty was to prevent DPMO from getting so high helping thousands and thousands of associates with their scans much better than the learning Ambassadors did anyway. Associates always came and go I mean no investment in retention whatsoever. The amount of analytics and graphing software I was given access to and saw the managers using in the outbound operations made me do a voluntary termination. It’s almost like associates’s jobs are designed to fail not be leaders like they claim. They can hike up and control every human robot in the warehouse and there’s nothing the associates can do about it. Tier 1s really are just pawns it’s so sad and I had to quit.",youtube,fjVnR5c0xZ4
I pray these corporates fall treating employees like their slaves people are treated bad especially the white Americans because it happened to me .,youtube,fjVnR5c0xZ4
"Get the socialist government out of it, maybe you have a shot. Amazon is no saintly company, there is a better way to fight them.",youtube,fjVnR5c0xZ4
robots  are replacing  you.,youtube,fjVnR5c0xZ4
Everyone seems hypnotized. You guys can't see that they want to make us obsolete? Why no one is revolting?! The masses should be in the streets!,youtube,fjVnR5c0xZ4
who is going to buy the products they sell if Americans are unemployed?,youtube,fjVnR5c0xZ4
Amazon destroyed the charm of the Fremont area. All those old haunts with great people and food!  Amazon came in and tore it down to put up chrome monuments to the failure that is happening now.,youtube,fjVnR5c0xZ4
all the while TrillionaireBozos mates with a plastic wife on a billion dollar boat. this company is toxic to the core.,youtube,fjVnR5c0xZ4
I know of someone who was cut one day after joining,youtube,fjVnR5c0xZ4
"Tired of the ""automation won't replace humans, but work with them"" nonsense. Entry-level today, mid/late career tomorrow, C-suite the next day. Starting with the great decoupling in the 1970s, human labor has been and will continue trending to zero. Think EXPONENTIALLY, not LINEARLY. Automation and robotics will necessarily replace human workers due to the current economic system. Today, AI is the WORST it will ever be going forward. It DOESN'T MATTER if AI ""creates"" 200 million new jobs...AI will solve and execute these new ""jobs"" much faster than humans will be able to adapt, learn, and fill them. Capital/employee model-it worked great...for quite a while. However, now companies that automate lower their costs, become more competitive. Those that keep higher-cost human labor necessarily fall behind and will go out of business. This creates a system where replacing people with machines is not just likely, but necessary for company survival. There is a way to deal with this humanely, but it would require a full revamp of the social contract and our concept of work. Even capitalists will want this change when unemployment reaches a tipping point and there’s no one left with money to buy the crap they’re selling.

I know, LLMs are leveling off, ""what about the energy?,"" blah, blah, blah. Do not conflate LLMs with AI. LLMs are no more AI than vacuum tubes are computers or AOL dial-up is the internet. So, LLMs are leveling off. History shows technological advance is not just one sigmoid curve. It's a series of sigmoid curves with each successive one reaching new capabilities and new heights. To think that after 200,000 years, this pattern is all the sudden going to stop is absurd. I also understand there will be new jobs for humans created, it will go in this pattern: Automation creates 5 new jobs this year, lays off 30; creates 5 new jobs next year, lays off 500; creates 5 new jobs the following year, lays off 1500 etc. In the macro economic picture, do you not see this as an issue? I also understand there is more opportunity for entrepreneurs. Again, from the macro perspective there is a MINORITY of people that have the entrepreneurial ability/spirit. It takes that, and a strong majority of people don't have it.

Reasoning AI Is the Next Big Leap. The future of AI is not just about generating answers, but about “reasoning” breaking down complex problems step-by-step, more like a human brain. Breakthroughs like DeepSeek’s open-source reasoning models are already being incorporated into platforms like GPT and xAI, marking a shift toward more advanced, thoughtful AI. Think EXPONENTIALLY, not LINEARLY.

There’s a persistent and misleading narrative circulating often perpetuated by short term goal-driven institutions like politicians, universities, and tech company executives, that the future of work is secure. The claim goes: “You just need to learn how to work with AI,” and humans collaborating with AI will outperform either one alone. But recent research, including a landmark study from the University of Virginia, tells a different story. In diagnosing medical conditions, AI alone achieved far greater accuracy than either human doctors or even doctors assisted by AI. The median diagnostic accuracy for the docs using Chat GPT Plus was 76.3%, while the results for the physicians using conventional approaches was 73.7%. Sounds like “a win” at first. However, Chat GPT Plus alone achieved a median diagnostic accuracy of more than 92%. In other words, the comforting idea that humans will always be essential partners to machines is crumbling. In many fields, AI is not just a tool, it is the superior performer. This has staggering implications for the future of work, especially to the often used solution of prior technological displacement that go “You just need to be retrained.” To the group advocating the ""retraining solution,"" I pose to you this: You have a medical doctor, just finished 8 years of higher education, a low-paid 4-year internship/residency, is hundreds of thousands of dollars in debt, and just got outperformed by automation; what would you have this doctor retrained into that will offer a secure job?

The result of this, since the United States' moronic system is based on taxing employees for about 70% of all tax revenue, this will further exacerbate the problem. Tax needs to be based on what's going on now and in the future not what worked 75 years ago. Oh I know it's so evil to think, but we might need to tax the companies who are doing the automation. Even if you do that, it's a win-win. For instance say a company had 1,000 employees in automated away down to 100. 1,000 employees paid federal taxes, including payroll tax, of about 20 million a year. Now the 100 people pay about 2 million a year. However, by automating, the company sees two things: they are no longer paying approximately 60 million in wages and their share of payroll tax, AND since nobody automates to lose money they also have higher profits. What's so wrong about taxing that company for the $60 million dollars they don't have to pay anymore and a fair percentage of their additional profits they now make through the automation. Not all the additional profits, but some of them. If you do that there's a higher tax revenue and more profits for the company. That's a win-win for the government and for businesses. If humanity, as a whole, weren't so stupid, we would just adjust as tech progresses to where EVERYONE benefits somewhat from each stage and just move smoothly into the post-labor economy.

To understand this shift, consider the historical role of the horse and oxen. They were once essential to the economy as sources of power for agriculture, transport, and industry. Technologies like the horse collar and the steel plow dramatically increased their output, making them even more valuable. But then came the steam engine and, later, the internal combustion engine. These machines didn’t just help the horse, but outperformed it entirely. Trains, tractors, and trucks could do the job ten, even a hundred times faster and more powerfully. And from that moment forward, the horse was no longer critical to economic output. It was, in essence, unemployed.

This is what AI and robotics are doing to human labor. They are not simply replacing the repetitive or the physical; they are increasingly outperforming humans in cognition, strategy, design, and communication. And just like the horse, our value in the economic system will diminish, not from lack of talent or effort, but because machines will do the job better. That’s why we need to start thinking not in terms of retraining, but about restructuring society itself for a world where human labor is no longer essential to production. When the very essence of what makes an entity useful to the current economy is superseded (be that strength, endurance, dexterity, analysis, creativity, empathy, intelligence, persuasion as well as many other qualities) that entity becomes irrelevant to economic output.

Potential solution. Decentralized AI Ownership: A Bridge Toward Post-Scarcity. While Universal Basic Income (UBI) may serve as an initial economic stopgap, bridging today’s economy with tomorrow’s abundance consider an even more equitable and long-term solution: Decentralizing the ownership of artificial intelligence itself. 

Rather than concentrating the power of AI in the hands of a few corporations or governments, envision a model where AI entities are open-source and collectively owned. This could take the form of assigning each person a digital ""share"" of an AI system, not unlike a stakeholder’s share in a company. As the AI produces value, whether through intellectual labor, creative output, or autonomous economic participation, those shares would generate dividends distributed directly to individuals. 

This model would ensure that as AI becomes the dominant productive force in society, the wealth it creates is shared universally, not monopolized. It aligns with the principle that the fruits of public knowledge made possible by centuries of human collaboration should benefit everyone, not just a few early adopters or private entities. In practice, this could look like: 

- AI systems running Decentralized Autonomous Organizations (DAOs) that distribute profits algorithmically.
- Smart contracts ensuring transparent, equitable income flows based on collective stake.
- Global “AI cooperatives” where users vote on how AI is used, improved, and deployed.
- Universal basic compute.
 
If AI becomes the primary driver of economic output, then equitable access to its benefits isn’t just fair, it’s necessary to avoid deepening inequality and instability. It provides a scalable, technologically aligned extension to UBI, ensuring people not only have income, but true economic participation in the age of intelligent machines. 

Ultimately, decentralized AI ownership may be the last transition phase before full post-scarcity, when advanced technologies like universal nanofactories or matter compilers render even economic structures obsolete. Until then, however, models like this offer a way to reclaim agency in a world where production no longer requires human hands, and where wealth can, for the first time in history, truly be universal.",youtube,fjVnR5c0xZ4
Chews you up and spits out your masticated remains,youtube,fjVnR5c0xZ4
Jessy hacked into my PSEG. Police won’t give me police reports. Prosecutors won’t investigate,youtube,fjVnR5c0xZ4
This is bad. More bars and restaurants will close as a result of it. Where are we going to wine and dine and entertain ??  Downtown is dying for crying out loud.,youtube,fjVnR5c0xZ4
"The benefit of laying these people off during the holidays is that the 90 day severance coincides with the time period that employees would ordinarily be taking vacation anyway, so it’s a total win for the employer! Also, these employees can’t search for jobs during this time because it’s the holidays and rarely is there hiring at this time of the year, so it’s a double “fuck you” to these employees.",youtube,fjVnR5c0xZ4
"Damn AI is supposed to make our life better but corporations are replacing humans with AI. Its not like Amazon is not making money if i remember they made over 500B in profit last year or the last few year. This is greed and im sure the highest position are getting massive pay increase and millions in bonuses after this. In a decade or two we will have rebellion, civil war, or we may try to overthrow the government if we are getting replace with AI and unemployment gets worse.",youtube,fjVnR5c0xZ4
Amazon workers can eat data centers.,youtube,fjVnR5c0xZ4
Boycott Amazon. They blocked me for some reason and can't change it can't buy there anymore. No Prob!,youtube,fjVnR5c0xZ4
Most companies focus on the profit only. Amazon focuses on customer and profit. Not on employees. Only if you're a top talent is different story,youtube,fjVnR5c0xZ4
It’s time to start hacking machinery to make someone loose money.,youtube,fjVnR5c0xZ4
Amazon went out of its way to treat their employees well. Unions imposed themselves on employees and then lawsuits took over. Don't blame Amazon execs. I hate to watch these developments but Starbucks and Amazon former employees need time to reconsider certain previous actions.,youtube,fjVnR5c0xZ4
"Hey man, I noticed more and more of my orders are getting lost or delayed. I keep having to order a new one and return the one that shows up later than the original promised delivery date",youtube,fjVnR5c0xZ4
Amazon leaving s…hole Seattle,youtube,fjVnR5c0xZ4
"They need to buy more CHIPS so they have more computing power. The money to buy the chips comes from laying of 30,000 people.  This way, company can grow and profit margins do not get affected.",youtube,fjVnR5c0xZ4
Boycott AMAZON,youtube,fjVnR5c0xZ4
Those who want to understand a key reason this is happening should read David Gelles's _The Man Who Broke Capitalism: How Jack Welch Gutted the Heartland and Crushed the Soul of Corporate America―and How to Undo His Legacy._,youtube,fjVnR5c0xZ4
"Come on guys stop being selfish.
How do you think Bezzos manages to send celebrities  ( astronauts  ) into space
That shit costs money.

And people's livelihoods and families are in the way of that stuff.

"" rich get richer 💤the poor get the picture ""
Quote from Midnight oil 🛢",youtube,fjVnR5c0xZ4
It's all about share holders have to be paid dividends first.their wages being used to keep their shares paid,youtube,fjVnR5c0xZ4
Aren't you getting what you wished for. The evil billionaires can't profit off of your labour anymore. You can now prove to the world you don't need them and create your own employment.  Maybe instead of proresting against your bosses you should have thanked them for the millions of families that get to have food on their tables because of them. That 2.5% higher taxes per employee that was introduced in seattle must be looking great just about now. You don't have to pay taxes on AI.,youtube,fjVnR5c0xZ4
"""There's time for everything.. time to get a job and time to get fired from the job..",youtube,fjVnR5c0xZ4
Rough times ahead. Better take whatever job you can get and live with less.,youtube,fjVnR5c0xZ4
This is why I don't buy from big companies like Amazon.,youtube,fjVnR5c0xZ4
"you move flip your life upside down for position, then 6 months later see you later alligator. 
That does not seem fair.",youtube,fjVnR5c0xZ4
Everyone this is important! We need to pass around a collection plate for poor jeff bezos. Sad to see Amazon going broke 🥺,youtube,fjVnR5c0xZ4
"Let’s be specific here

These are not “layoffs”

These are people getting fired

A layoff means it is temporary and you can potentially return to work 

Amazon is firing people",youtube,fjVnR5c0xZ4
"stop working these greedy corp jobs start investing in yourself and be your own boss, this old blue and white collar job structure is failing yet many of you keep applying to it so it has no choice to still exist to torment you further down the road in life!! smh STOP IT",youtube,fjVnR5c0xZ4
Corporate jobs replaced with AI. Imagine paying all that money for school and getting replaced by a robot.,youtube,fjVnR5c0xZ4
A fair strategic move after being threatened by unionization which increases costs and lower production,youtube,fjVnR5c0xZ4
There's a reason why Amazon doesn't allow unions. If they got together and organised a mass walk out they would get their attention. Amazon admits its wants zero workforce in the future so whats to loose.,youtube,fjVnR5c0xZ4
"Yeah, what do you expect?  Amazon is a cruel, heartless corporation.  I wish they had never poisoned Seattle by starting their business here.  They don’t give a damn about their employees.  In fact, they have a policy to cut 10% of their workforce every year!  Layoffs are just business as usual….",youtube,fjVnR5c0xZ4
I would say F the people on the top 😊,youtube,fjVnR5c0xZ4
Umm you go get another job,youtube,fjVnR5c0xZ4
Billionaires have a leaderboard who can fire more and get higher profits.,youtube,fjVnR5c0xZ4
Who cares? Millions lose jobs 😂😂😂 but now you should cry for them because.....?,youtube,fjVnR5c0xZ4
"The Washington State Ferries are hiring great pay and benefits.  Engineering starts out as a wiper on the job training. OS in the cabin is on job training. Whatever they ask of you always say yes when you first start. Never be late to  orientation or they will tell you to leave.  I was always a hour early.  After all ya gotta catch the ferry on time when your working. Always be way early anything can happen. Traffic, accidents, closed roads. There is no excuses for being late. What you do for them will be returned to you. Because they know they can count on you. The boat will leave the dock without you. They keep a tight schedule.",youtube,fjVnR5c0xZ4
Start your own businesses America! Buy local! Get involved in local politics! We can change the way things are going if we try!!,youtube,fjVnR5c0xZ4
"Always pay cash, not credit cards.  Pay cash for a house.  You never know what can happen. Always have lots of cash saved. Keep cupboards stocked all the time.  Only pay cash for a car. Keep car full of gas all the time. Winco is a great place to shop for meat and veggies. Dont buy anything that you cant afford to pay cash for. Budget budget it gives me peace a sound mind i always know how much cash i have to go through the month. Costco is very cheap for meds in their pharmacy i pay cash. I eat out one time a month thats it. Home cooked meals.",youtube,fjVnR5c0xZ4
Go Trump...fire everyone and send $$$ to Israel,youtube,fjVnR5c0xZ4
Same with blue origin...,youtube,fjVnR5c0xZ4
bezo's balls are empty...,youtube,fjVnR5c0xZ4
Maybe think twice before you use self checkout or permit ai to verify your id at the airport. 🤔,youtube,fjVnR5c0xZ4
"Amazon Prime accounts fell short of their goal by 106,000 this year. So they are doing away with account sharing to try and get those folks to create their own Prime accounts. Its nothing but corporate greed to feed the shareholders. We only exist for the profit of corporate greed and we need to stop giving in to them, but I dont know yet how to do it.",youtube,fjVnR5c0xZ4
A company's primary goal is to icrease shareholder wealth .  This is  learned in every business  101 class.  When my time comes I'll  tip my hat and move on.,youtube,fjVnR5c0xZ4
People should stop buying from Amazon,youtube,fjVnR5c0xZ4
"ok, we should boycott amazon and other big companies do large layoff.",youtube,fjVnR5c0xZ4
Twitter started this big number of layoffs and it's not stopping at all since 2022.,youtube,fjVnR5c0xZ4
"This is a regular thing in the IT industry. The bay area IT employees face this situation regularly. Why are people surprised? The medical, insurance & housing (construction) industry is doing great in the US. People should switch over to those professions.",youtube,fjVnR5c0xZ4
"I don’t feel good for a company which periodically makes thousands of layoff. It is not making good cash flow, balanced returns on investments, and its prospects of development is not ideal as it cuts available labor. It is not selling its own subsidiary. Yet we see it as the most profitable business and value it at twenty trillion dollars altogether.",youtube,fjVnR5c0xZ4
now the amazon employees can just interview full time. it's not all bad. they get 90 days of pay plus severance,youtube,fjVnR5c0xZ4
Corp jobs will be move to the Philippines.. to cut cost,youtube,fjVnR5c0xZ4
None of this would be happening if Trump were president,youtube,fjVnR5c0xZ4
Cute,youtube,fjVnR5c0xZ4
"So they did a return to office mandate to see people at the office working then laid them off so they again, aren’t seeing the work is being done. Apparently they need to improve their year end numbers and lay people off, only to hire cheaper employees next year. Do i have that right?",youtube,fjVnR5c0xZ4
"20 something dits lost her  BS make work job, what a tragedy",youtube,fjVnR5c0xZ4
"More Ai, more jobs will be lost, it’s just the beginning!",youtube,fjVnR5c0xZ4
Business as usual,youtube,fjVnR5c0xZ4
"I was watching a financial show. A lady ordered a crust remover for sandwiches on Amazon. She was behind 3 months on her mortgage 🤦🏾‍♂️😒
Prioritize are non existent",youtube,fjVnR5c0xZ4
I understand the loss of jobs suck but if you owned a business wouldn't you try to make cuts where you could or would you continue to pay out money when you clearly saw no need to spend it. If that's the case then never shut off any streaming service because if you do then you may put someone out of a job,youtube,fjVnR5c0xZ4
So they gave a 90 days notice? That's seems crazy in this world. I know that people are saying the job market is tough but getting 90 days to start your search gives these people a big step up.,youtube,fjVnR5c0xZ4
"100% certainty that every employee who was ""laid off"", i.e., fired, was an unproductive, argumentative, entitled DEI hire. Seattle is ground zero for liberal losers. Prove me wrong.",youtube,fjVnR5c0xZ4
"Seattle... figures. Now all those unemployed, woke liberal losers can spend their time sashaying in queer parades, protest 'No King's Day', harass ICE agents and dress in silly inflatable costumes to their hearts content.",youtube,fjVnR5c0xZ4
These pathetic woke employees think companies exist to give them jobs. Mental.,youtube,fjVnR5c0xZ4
"Amazon already gave them their ""answers."" Deadweight, lazy, non-productive employees get fired. It's not complicated.",youtube,fjVnR5c0xZ4
They're laying off corporate types to free up money to buy more chips to build more data centers. They're betting EVERYTHING on AI and it's a gigantic bubble. No one is going to want to pay for or buy AI subscriptions when they're desperate for work. These clowns are telling everyone 'be entrepreneurial' but how many people are inventive?,youtube,fjVnR5c0xZ4
"Womp womp, Amazon customer service employees are  horrible. Amazon employees are arrogant and prideful. Lol, now the Amazon employees are NOW HUMBLE🤣🤷🏽‍♀️",youtube,fjVnR5c0xZ4
We destroyed our towns and cities for cheap junk online and then act surprised when Amazon and their kind toss us out like garbage.,youtube,fjVnR5c0xZ4
The AI invasion moves in.,youtube,fjVnR5c0xZ4
Damn multiple dei hires just got removed from chime chat and replaced with ai.,youtube,fjVnR5c0xZ4
"Let that company jack up Seattle and downtown, and now look ...",youtube,fjVnR5c0xZ4
im sure they will be struggling with their 3-6 months layoff package,youtube,fjVnR5c0xZ4
Stop with the college degrees. Now you are better off with a trade you can keep a life time. Your car will always need a mechanic not a degree.,youtube,fjVnR5c0xZ4
"Well at least we know that they've lost 14,000 customers.",youtube,fjVnR5c0xZ4
They are not worried about you. AI will take all your jobs.,youtube,fjVnR5c0xZ4
thick,youtube,fjVnR5c0xZ4
"no tears whatsoever for these dopes, zero.  Ageism has been unfairly affecting older people in IT for years and years now...now it's their turn to face some reality.  Sorry, not sorry...enjoy your unemployment Gen Z/Millennial turds",youtube,fjVnR5c0xZ4
They. Don't. Care. About. You,youtube,fjVnR5c0xZ4
HIVehicleshelteracismessyuprayerepentance🙏,youtube,fjVnR5c0xZ4
"Just by the sound of her voice, I’m gonna take a wild guess that she worked in HR or some other BS role.",youtube,fjVnR5c0xZ4
I am just watching the news for two reasons only.,youtube,fjVnR5c0xZ4
Someone has to pay for all those returns,youtube,fjVnR5c0xZ4
Are any H1B employees effected? None because ?,youtube,fjVnR5c0xZ4
Universal basic income,youtube,fjVnR5c0xZ4
I don’t get it people complain working for Amazon is the worst & not that they are free they complaining?,youtube,fjVnR5c0xZ4
"Funny, because in Luxembourg, where the country is located to dodge taxes, Amazon employees openly brag - and I mean brag - about how much their salary looks like a months. You have to force your government to make Bezos leave tax heavens, or the only one to blame is yourself. Multinationals like Amazon will always prioritize profits over their work force, you have to hold them accountable, Americans!",youtube,fjVnR5c0xZ4
Another billionaire Democrat oligarch screwing over the masses for profit.,youtube,fjVnR5c0xZ4
"They make too much money. Very highly paid, much more than other companies.",youtube,fjVnR5c0xZ4
"✅ Average worker actually works around 1,100–1,300 hours per year✅ That’s only 28–32 hours of true work per week✅ About 55% of “work hours” are productive, that is why Amazon and other companies are terminating workers.  They are NOT efficient like AI.  Average worker is paid for 40 hours but only averages 28-32 hours of actual work time per day ! ! !",youtube,fjVnR5c0xZ4
"Got injured in an accident? You could be one click away from a claim worth millions. You can start your claim now with Morgan & Morgan at https://pnl.link/JQHBnIQ without leaving your couch. Remember, it's free unless you win.",youtube,odqH3LZCahw
THRE MAN W/THE HERNITED DISC CAN GO TO A NAPATHERPIST TO GET IT MANIPULETED BACK IN TO PLACE - IT MAY TAKE SEVERAL SESSIONS AND IS LESS PAINFULL THAN A CHIRO🥰🥰🥰🥰🥰,youtube,odqH3LZCahw
"P,S you are there to work not make videos.",youtube,odqH3LZCahw
Welcome to Croatian normal working days 😭,youtube,odqH3LZCahw
So is Amazon a dictatorship of it's own in America?,youtube,odqH3LZCahw
"😂😂😂A JOB that expects you to WORK???  OMG welcome to being an EMPLOYEE!  My 57year old partner, managed to keep ON TASK and ON TIME for YEARS at Amazon, and has PROVEN, these tasks CAN BE DONE AND DONE WITHOUT INJURY!",youtube,odqH3LZCahw
"I used to work at the Bessemer,Alabama warehouse and they definitely run through workers. During my orientation,our trainer said that Amazon doesn’t want anyone to retire from Amazon. They almost seemed excited if they thought that a new hire might want to quit.",youtube,odqH3LZCahw
"What's worse is, he's using those billions to destroy our lives.",youtube,odqH3LZCahw
Morgan and morgan needs to represent these employees from amazon.,youtube,odqH3LZCahw
my boyfriend used to be an amazon driver. there were 100 degree days and the vans didnt even have working AC. texas heat without AC is a NIGHTMARE. it always concerned me during the summer. doing anything in a 103 van would be terrible,youtube,odqH3LZCahw
"It’s ironic because in real life, everyone tells me they love working at Amazon 😂",youtube,odqH3LZCahw
Big respect to the new hire who quit on the spot in an attempt to perform cpr.  That person needs to be a first responder,youtube,odqH3LZCahw
I've worked in a lot of warehouses and I can tell you at lest 95% are just like this!!!!!!,youtube,odqH3LZCahw
"Nothing secret about, been known for years, Americans just don't give a sh.t.",youtube,odqH3LZCahw
USPS 👀,youtube,odqH3LZCahw
"Amazon should give us an option to give tips to Amazon workers, or a fee per package to contribute to a program to take care of their workers better. I would be so happy to help these workers out. It's not fair to treat people like this.",youtube,odqH3LZCahw
GM used to pay employees for   suggesting fixes for safety issues. At one point we used to call in generous motors...,youtube,odqH3LZCahw
"BEZOS....BOZO...

PROVING THAT CLOWNS ARE TRULY EVIL😂",youtube,odqH3LZCahw
GOOD 30:13,youtube,odqH3LZCahw
Listening to this as I’m actively walking to the 5th floor because the elevator breaked,youtube,odqH3LZCahw
I hope all of these people sue Jeff Bezos for every cent he has and Bezos gets at least 30 years in jail.,youtube,odqH3LZCahw
I have amazon but imma choose walmart almost every time i can. I realize walmart isnt perfect either but its better than amazon,youtube,odqH3LZCahw
Yet i see my uneducated neighbors orders delivery after delivery spending lots of money.,youtube,odqH3LZCahw
And yet people still order from Amazon and still want the one day shipping,youtube,odqH3LZCahw
"I used to work for Amazon for over a total of 4.5 years and understand the pressure that is put on us in the warehouse. So many times where you're told where the rate is increased at the last second within that same hour. Not only that, it's even worse when the warehouse process is changed around. Just insane.... Forgot to mention.... They make you sign the NDA before anything involving the processes that they have....",youtube,odqH3LZCahw
I never order from Amazon. And when someone suggested i get a job at Amazon i refused. Now I'm glad I didn't sign up.,youtube,odqH3LZCahw
"I stopped ordering from Amazon because their delivery drivers were very rude and didn’t care where they placed my packages that kept getting stolen. I guess this is the reason why, they’re being overworked. Smh",youtube,odqH3LZCahw
A job is not worth your life or health. I have left multiple warehouse jobs because of these kinds of incidents and blatant safety violations. Unfortunately this behaviour is not exclusive to Amazon.,youtube,odqH3LZCahw
Makee sense. Their delivery service is horendous. Why I NEVER order Amazon.,youtube,odqH3LZCahw
I heard UPS is right behind him!,youtube,odqH3LZCahw
Time to stop shopping at Amazon and find family-owned businesses instead!,youtube,odqH3LZCahw
thats why i dont buy theeeeeeeere!!!!! and why i put so much effort buying local.,youtube,odqH3LZCahw
A new building built in Illinois (tornado alley) not tornado fortified? Amazon needs a major wakeup lawsuit. I think a good lawyer could built a substantial case showing a pattern of reckless negligence.,youtube,odqH3LZCahw
Didnt people do repetitive physical work in the auto industry and other manufacturing work?,youtube,odqH3LZCahw
"How does everyone thing disability became to be???
The original garbage collectors grabbing a can they weren't aware had a foot of water in the bottom well after society began crumbling that people didn't look out for theirs and others.
Probably a few missing limbs from many other factories long before Bezos was even jacking off in his garage much less starting a business that would ruin lives.",youtube,odqH3LZCahw
Unionize.,youtube,odqH3LZCahw
"Anytime you get hurt on the job, you are on workmans comp. Get an attorney anytime you are on workers comp. They will get paid out of the settlement you receive at the end. Always get a lawyer and never trust any employer. They don't care about you!

Amazon drivers are 98% contractors through other companies that have contracts with Amazon. They use contractors so they can keep their hands clea and not have to pay benefits.",youtube,odqH3LZCahw
Amazon wrongful terminated me,youtube,odqH3LZCahw
Why work there if youre having these problems you need to leave but you won't because you're afraid to suffer not having money and they play off of this thats why the only logical thing you can do is leave,youtube,odqH3LZCahw
Don't work for tham,youtube,odqH3LZCahw
If it was that bad why stay?,youtube,odqH3LZCahw
Hope they get sued,youtube,odqH3LZCahw
"its a technique of management to destroy the workers will and break them ,The broken are let go and the machine is made",youtube,odqH3LZCahw
I won't work at injurazon😅,youtube,odqH3LZCahw
"Also, as for the training for the other employees barely get 3 to 4 of training or just non from the actual formal employees from the same amazon employees.",youtube,odqH3LZCahw
"I’m not surprised that amazon has been doing this to the warehouse employees.
From what I have heard from actual former employees, amazon has been mistreating their employees a longer than we currently know about.
They all said that if anything body injuries (small to big) has to go through their medical team. Plus, they enforce this to all employees and couldn’t go to the hospital first. Which I learned from one of their many testimonies that their medical team isn’t an actual medical team…like no doctors and nurses that goes through medical school. They had no medical training besides a cpr and very limited first aid training.",youtube,odqH3LZCahw
No one is forcing anyone to work at Amazon. People always have the choice to seek other employment if it’s not a good fit for them.,youtube,odqH3LZCahw
"this is why i dont buy from amazon aliexpress etc, cant in good conscious support these people.",youtube,odqH3LZCahw
"I almost applied to an Amazon warehouse, until a friend told me what it was like working there.  He said he wasn't allowed to talk about working conditions outside of the warehouse.  He told me that he had to run everywhere and would get scolded for walking.  Everything was timed and water breaks were an incitive.",youtube,odqH3LZCahw
"If they included the CDL drivers, the death toll would be staggering.  Source? Me, I'm an amazon cdl driver. Im teeeechnically not an amazon employee, im a ""freight partner,"" a cheap and bs way amazon can not pay ANY benefits. , AND they can go, ""oh that guy? Pfft hes not even an amazon employee. I drive an amazon decal'd semi truck. I am only allowed to pull 53 foot amazon trailers. We have those same monitoring cameras in our trucks but worse- they can, will, and do listen to your private conversations and u can get in trouble for em. Who do you think makes my schedule? Amazon. My MAX speed? 65. They give me 3.5hrs to get from say okc to downtown dallas, with a check in time at 530pm. Ohhh you gave me the same amount of time as it would take me in a CAR, that could ACTUALLY go the speed limit... and you want me to keep this literally impossible schedule AND expect me to do it at the worst time of day, in the most congested highway system, in the worst city in the entire south and Midwest states.. thats all? Ah, if its not possible, simply call this line in India, and tell them, and pray to THEIR god that they actually understood you and notated it correctly. If they didn't. Pfft bye. Hope u had apps out there already. Stopped to take a leak one single time? That call and note that would save u? Now voided, see, u stopped driving for like 4mins. 

How long do you think my day is? 14 hours. Every day. No matter what. Annnnd at the end of the night, when the 14hr FEDERALLY regulated clock runs out, and i LEGALLY cant drive? Oh, easy, simply clock out, and go find parking in downtown dallas at 2am at one of ohhh 5 truck stops in a 150 mile radius?  If u get caught by dot, thats on u, we told u to clock out. How they get away w that bs- india runs that department, they dont know our laws, and those that do, dont carez OR, they themselves are under desperate pressure to make a schedule that they know outright is physically impossible. But at least they got the loads out the door on paper. I could go on, and on, and on.",youtube,odqH3LZCahw
🤦🏻‍♀️,youtube,odqH3LZCahw
"My site my side isn't bad other than processing returns. Unfortunately, some of these used clothing can contain Hygienic,  Biological illnesses, and parasites.  I mentioned this to safety and they didn't take it seriously. 

The customers send back a lot of nasty things for returns.",youtube,odqH3LZCahw
I care about my coworkers 😢,youtube,odqH3LZCahw
The customers send dirty underwear clothing unhygienic and communicable illnesses and parasites.,youtube,odqH3LZCahw
Liberal Blue State selfish CEO,youtube,odqH3LZCahw
I process returns from dirty unhygienic people.,youtube,odqH3LZCahw
This aint just Amazon. I made a video about UPS being just as bad like a decade ago. Nothing changes,youtube,odqH3LZCahw
"Awful.  I normally buy lots of stuff from Amazon but after this,  im not. Ill keep my prime streaming service but not the deliveries.  These poor people!!",youtube,odqH3LZCahw
"Tbh the unsafe work place has a lot due to the type of people that go to these jobs, low skill workers that don't care about the safety unless it looks good for social media content only...people who think it's normal to be on your phone recording yourself at work 😂",youtube,odqH3LZCahw
"That's all companies.  They dont care if your sick exhausted or fatigued while driving 14 hours a day. No sleep no rest. The laws need to change. A person should only drive 10 hours a day. And there should be hubs to drop the trucks off, and have part time workers take the deliveries. For next day service. As well as people inside putting the packages together for delivery service.",youtube,odqH3LZCahw
employer's expecting people to work like it's 1890 while being paid like it's 1980. Treating people like they're robots so you can replace them with robots. Big business are indebted to the american people but these recent years has been nothing but greedy rebellion,youtube,odqH3LZCahw
"I stopped buying from Amazon, including Prime, 2+ yrs ago after a friend of mine told me her experience working there.",youtube,odqH3LZCahw
Just back here to say that the misinformation here is wiiiild. This is incredibly intellectually dishonest.,youtube,odqH3LZCahw
"Y'all need to get back to work. Bozo, I mean Bezos needs money for his TRT scripts.",youtube,odqH3LZCahw
Idk how none of this is pushed into the public eye. Tik tok. That wb epic. Get one of those teeny pen cameras,youtube,odqH3LZCahw
This makes me not want to order from Amazon ever again😢,youtube,odqH3LZCahw
"It’s a factory job- no skills needed, just labor. What do ppl think?",youtube,odqH3LZCahw
If you’ll notice the narcissist elites treat all working class Americans like slaves!,youtube,odqH3LZCahw
all hail america right?,youtube,odqH3LZCahw
"So glad i dont support Amazon anymore and never again,f*ck them",youtube,odqH3LZCahw
Each employee has a life insurance policy paid out to Jeff Bezos at around a million dollars a death,youtube,odqH3LZCahw
"Sadly you could replace Amazon with any warehouse, retail store, or grocery store.
We are all replaceable... They prove that daily.",youtube,odqH3LZCahw
I love it there,youtube,odqH3LZCahw
But ppl teach each other how to treat 1 another the other guy  say getta 1$ raise around prime season maybe 🤔 not if make it 😂,youtube,odqH3LZCahw
After explaining that I was struggling because my dad died a manager told me everyone has problems I had a tree fall on my patio last night. What sick mf even makes that type of comparison. I was denied more than 3 days bereavement because the funeral didn’t require travel.,youtube,odqH3LZCahw
Until we all care nothing will change.,youtube,odqH3LZCahw
Do they teach health n safty? Lifting n handling? Emergency procedures? Soon most jobs will be done by robots. REMEMBER if something is wrong say no. I appreciate all your hard work,youtube,odqH3LZCahw
20:35 like that’s any better?!?! 😮😢 They just made them keep working feet away from their dead colleague?! Gross. 🤢,youtube,odqH3LZCahw
"OMG game timers make me freak out, I can’t imagine having that tied to my only source of income and survival! 😮😢",youtube,odqH3LZCahw
You need to go union.,youtube,odqH3LZCahw
The fact that they don't want unions is enough evidence that they know their being inlawfull,youtube,odqH3LZCahw
"If you are not young, strong and able, don't take a job in a factory assembly line. I worked for Honda America for a year building engines on the assembly line. It was better than Amazon i guess, but still the same mentality.",youtube,odqH3LZCahw
"a whole lotta people are about to be laid off for this vid,,.",youtube,odqH3LZCahw
"*I remember when slaves fought their masters for freedom, now, people voluntarily become slaves!*",youtube,odqH3LZCahw
If you think the warehouse is bad try working for an Amazon DSP delivery service provider. It's much more dangerous and the volume of work is crazy. Meanwhile all of the claims of safety from Amazon is just lip service and they are constantly asking you to take a break through messaging on the application when they know there is no time for a break.,youtube,odqH3LZCahw
I better not catch no wagie having a heart attack on my watch,youtube,odqH3LZCahw
I worked at Amazon for almost 10 years and EVERY word of this documentary is true!!!! I still remember the fatality that took place in Plainfield IN years ago,youtube,odqH3LZCahw
I've seen several Amazon delivery trucks speeding through my neighborhood and the workers look really stressed. I never knew the full story of how bad things are until now.,youtube,odqH3LZCahw
Obviously. Boycott amazon. Musk destroyed the agencies deisgned to keep employees safe.,youtube,odqH3LZCahw
I quit Amazon so fast my ancestors started clapping mid-stride. Perfect 10. No deductions. 😂🤣 🖕🏽 Amazon.,youtube,odqH3LZCahw
With these types of stories working at Amazon should require a college bound certification program including safety training licensing. Time to apply to Amazon college. Starting rate should be minimum $27.00 dollars an hour plus full medical and plenty of sick days. Including blood pressure checks every 4 hours from onsite nurses.,youtube,odqH3LZCahw
"once upon a time I had an idea to maybe do Amazon driver. After hearing this, no way man. Forget it.",youtube,odqH3LZCahw
I hated KPI's. Do these workers get 10 minute breaks or 1/2 hour for lunch? Australia is so much better with working conditions!!!,youtube,odqH3LZCahw
They don't have to work there,youtube,odqH3LZCahw
Amazon is just as bad as the maritime (oil industry)!,youtube,odqH3LZCahw
I never supported Amazon the beginning. Amazon closed all the mom and pop small shops!,youtube,odqH3LZCahw
Well.. maybe amazon should convert to robots to do these jobs so people dont work this dangerous drive,youtube,odqH3LZCahw
Dont forget  the people that deliver are 3rd party while still controlled by amazon through meteics/contracts,youtube,odqH3LZCahw
This is terrible how little Amazon cares for its employees.,youtube,odqH3LZCahw
Sadly toxic work environment are more common than most people realize.,youtube,odqH3LZCahw
