text,likes,published_at,video_id
I'm suspended for having my Medical Marijuana license.  In a state that recreational is legal and I have my medical card for this state. This was all retaliation by a safety employee that dislikes me and my medical rights. He said I have no medical  rights when at work.,0,2022-11-09T10:56:46Z,UfooTfgGZjM
"Once again you enlighten US!
Keep up the great work!",1,2022-11-04T15:54:34Z,UfooTfgGZjM
Don't ask me to work on my day off and you bet not come to my house unless I tell you to 😒 this is crazy  Amazon has A lot of complaints for years,1,2022-11-02T11:02:37Z,UfooTfgGZjM
I'm a proud Amazon Prime member. I'm also attempting to do some part-time work with them during the busy holiday season this year.,0,2022-11-02T01:47:06Z,UfooTfgGZjM
Amazon employees are over worked with mandatory overtime on already 12 hour per day shifts...so they want you to work on your off days...SUE his ass,6,2022-11-01T23:42:35Z,UfooTfgGZjM
"DONT BELIEVE THE HYPE! IF MANAGEMENT DONT GIVE U A VOICE, HOW CAN U BE HEARD! THATS THE JOB FOR UNIONS, TO GIVE U A VOICE!",4,2022-11-01T18:51:54Z,UfooTfgGZjM
"Correct me if I am wrong. From all the people around me talking, I see this practice,  and then I see police corruption, officers getting paid suspension, and lawsuits against corruption. But, taxpayers has to foot the bill, and then residents property taxes is raised along with other miscellaneous stuff (not including officials going on golf outings off of taxpayers expense) and rent being raised at an all time high, minimum wage doesn't help the unemployed, but majority jobs offered doesn't pay a cost of living, and hearing in Tennessee there's a bill been passed (hearing) if you're homeless you're going to be arrested,  and if you feed homeless people you are going to be arrested. But, taxpayers money is being sent overseas to fund a war WE never created, and now Ukraine immigrants ( same people from video footage we don't control) shows the world they can't get on a subway/bus cause they are less human, while homeless veterans are living on the streets,  but these foreign people in need of so much help, can get help and housing and a job at a snap of a finger, please explain, enlighten me to whoever reading, I am confused. Veterans protect USA, any person that served our country should have anything free as far as healthcare, living and assistance,  they put their life on the line for US, but what's going on, explain better.  Someone reading me, enlighten me.",4,2022-11-01T17:02:27Z,UfooTfgGZjM
Amazon buys Elmo's Super Meth and Ultra Cocaine!,0,2022-11-01T04:17:42Z,UfooTfgGZjM
You don’t have any videos about how THEY attacked Kyrie Irving! I watched Hebrews to Negroes parts 1-2 on Amazon. They played a huge role in my awakening. They are both very PRO-SHEMetic. Trust me! Ronald Dalton is one of the smartest men I’ve seen. He uses his own money to produce these documentaries & he is married with 8 children. He also has a YouTube channel. His books and/or documentaries should be played in schools & churches. THEY have been giving him a hard time and trying to block him for years. What is it that THEY don’t want you to see?,0,2022-10-31T22:57:39Z,UfooTfgGZjM
Amazon treats its workers like dirt and then acts surprised when the workers want to unionize.?    They are getting what they asked for with the tactics they have used.,2,2022-10-31T19:54:57Z,UfooTfgGZjM
"I got a job with Amazon last year at the fulfillment center, had my set pay rate, schedule and everything, but due to COVID-19, they kept pushing the opening date back. Months later, no word from them no update or anything and in hindsight, it probably was for the best",0,2022-10-31T19:04:53Z,UfooTfgGZjM
"My step son works at Amazon   It’s pretty terrible. They rotate shifts, if he works overnight the night before the schedule comes out, he could be scheduled to work day shift that day. Meaning a 20 hour work day that he finds out about on his drive home.",3,2022-10-31T16:59:29Z,UfooTfgGZjM
Why are the bosses trying to tell the employees what is better for them? The employee knows what is best for themselves and their families better than some “detached from reality” corporate eejit!,5,2022-10-31T14:09:33Z,UfooTfgGZjM
"Libtatds whine about Amazon, yet pay for their subscription😂",0,2022-10-31T10:14:45Z,UfooTfgGZjM
Ya lazy people! Build ya own dang company if ya don't like Amazon's policies!,2,2022-10-31T09:56:03Z,UfooTfgGZjM
There’s nothing the government can do. Any consequences would be negligible. Support striking workers.,3,2022-10-31T09:23:36Z,UfooTfgGZjM
"Yeah we're supposed to have ""Personal"" Relationships with our employers, it makes Blowjobs more private!",1,2022-10-31T06:04:51Z,UfooTfgGZjM
Love the show and I am a Hispanic who listens to your show and watch .... good job...,4,2022-10-31T02:06:01Z,UfooTfgGZjM
"Is anyone surprised ? Look for alternative sources to buy thing's . Never support oppressive businesses, I stopped shopping at Walmart years ago, and now Amazon is on my no go zone list. Among other's. Wake up world. The wealthy & rich, care nothing for the working poor. And a union is the last thing that they want to see. Never  forget the power of the people. People united can never be defeated.",9,2022-10-31T00:31:38Z,UfooTfgGZjM
So I gotta pay taxes?! And dont have a Right? To organize ?,6,2022-10-31T00:12:39Z,UfooTfgGZjM
"Those comments sound alot like what I heard Cenk say on the main show about unions...
Workers unite!!",7,2022-10-30T23:31:43Z,UfooTfgGZjM
They’re hypocrites. Amazon is this amazing place and yet they’re employees feel like they need a union to help protect them and their rights. Why would they need to do so if it’s such a great place? I quit using Amazon 15 years ago and yet here we still are,6,2022-10-30T23:20:08Z,UfooTfgGZjM
I briefly worked for Amazon in the HR department and they have got to be as bad to work for as Wal-Mart. You have no job security. They do not offer any real benefits yet want the most from every employee. My current job has a union. Since I have been there the union has gotten us two raises with more to come over the next  couple of years. Also excellent benefits. Having a good union makes your work life far better.,14,2022-10-30T23:16:31Z,UfooTfgGZjM
"At some point, Amazon will have a tough time getting folks to work in their warehouses. Last year, here in Illinois, 6 people died when a tornado hit an Amazon warehouse downstate, and the workers said that they couldn't leave, even though they knew the tornado was coming. They said that they were threatened with immediate termination if they left, and went home. I guess that would've been better than staying there, and getting killed.",9,2022-10-30T23:12:53Z,UfooTfgGZjM
I never use Amazon at all because of the way they treat their workers. They treat their workers the same way here in the UK 🇬🇧,6,2022-10-30T22:35:04Z,UfooTfgGZjM
"America is not a developed country, anymore. Working class people don’t have good lives and the rich will always take our unions from us. It’s time for sane people to move away.",4,2022-10-30T22:29:52Z,UfooTfgGZjM
"Labor unions didn't save steel or auto workers, did they?",1,2022-10-30T22:17:15Z,UfooTfgGZjM
Union is made for lazy worker,2,2022-10-30T22:15:09Z,UfooTfgGZjM
"The idea of Amazon is a great one but the people in charge are insane. 
Discrimination now this Jeff Bezos don't care!",7,2022-10-30T22:03:36Z,UfooTfgGZjM
"Yikes, we are heading towards a techno-elite driven hellscape. Amazon crushes small businesses using unethical practices, so those jobs will be gone. Then Amazon will get robots to do everything, sacking most of their employees. They need stroing anti-trust laws so there is a real capitalist economy, not these rent seeking unethical corporations.",0,2026-02-01T01:40:03Z,QlbuY24alSk
"If they invested in what made them successful in the first place, they would be investing in the United States Post Office. Amazon was subsidized for years by the Post Office until Trump put a stop to that.",0,2025-12-19T01:26:20Z,QlbuY24alSk
"Amazon delivery drivers need to follow instructions entered by the customer. For example, if an apartment building has a package room, then need to put the package in the room - not dump it outside the building for anyone to take. So over the dolts i've observed throwing and dropping packages anywhere they want. Why have a delivery instruction box if you disregard it. Amazon does nothing if you call to complain.",0,2025-12-05T04:21:10Z,QlbuY24alSk
"Watching this video, I felt both admiration and concern. Admirable for human ingenuity, building massive systems that can turn online orders into packages in hours. 

Concern: because it makes me think about longterm effects, the environmental footprint, consumerism, and labor pressure behind what seems like a simple click to door convenience.

I believe we need to be more conscious consumers appreciate the convenience, but also reflect on whether we truly need instant gratification or if we can be patient, shop consciously, and value local/regional alternatives.",0,2025-11-30T17:05:53Z,QlbuY24alSk
"Amazon’s same day delivery system is a fascinating example of how logistics, data, and automation can work together at massive scale. What really stands out is how Amazon redesigned its entire fulfillment network from giant warehouses to smaller, strategically placed facilities just to cut minutes out of every step. It’s impressive but also a reminder of how much invisible complexity goes into the order now, get it today experience we take for granted. The blend of human labor and automation, the emphasis on proximity, and the pressure to move faster all raise interesting questions about the future of retail, work, and sustainability.",0,2025-11-28T21:01:34Z,QlbuY24alSk
If you don’t have the robot you can’t make money period. So without the robot you be all day trying to get orders and you get cheap orders like $60-$80 dollars order time 4-5 hours also you have to get $30 gas for your car so you will make that day $30- $50 per day 🪬,0,2025-11-26T11:59:16Z,QlbuY24alSk
"""Since 2018, Amazon has cut it's average delivery time by more than half."" This is an absolute BS statement. Amazon Prime use to actually guarantee 2 - Day shipping. As a member of Prime SINCE IT HAS EXISTED, when COVID landed, Amazon used that to essentially never again guarantee 2 - Day shipping and they don't land that more than three in four orders year after being able to leverage a virus for their shortcomings  Amazon is a business that puts profits above service and profits above American interests. They push Chinese products over US products and three quarters of their products are from China. They are directly responsible for an enormous anti-American economic abuse of power.",0,2025-11-03T02:37:52Z,QlbuY24alSk
They're talking about sub-same-day warehouses where the flex drivers do the delivering for those 4 hr delivery window orders.,0,2025-10-29T05:39:30Z,QlbuY24alSk
"Amazon is amazing. But, please be kind to the workers...ok?",0,2025-09-29T18:28:19Z,QlbuY24alSk
my amazon takes like a week with prime anymore i can get walmart same day or next day shipping..I havent been using amazon much anymore,0,2025-09-21T23:38:20Z,QlbuY24alSk
They must still be waiting on all those Amazon trucks. When they are still using their employees cars for transport,0,2025-09-08T13:50:43Z,QlbuY24alSk
As an Amazon Flex courier I was told to run red lights and disregard stop signs and told them i am on foot i cant go any faster they got me roller blades the day after.,0,2025-09-04T19:39:33Z,QlbuY24alSk
Just watching this after I just received two Amazon packages today,0,2025-09-04T17:27:21Z,QlbuY24alSk
"I worked at 2 Amazon warehouses in Germany and after that bad experience, I try my best to buy what I need from local stores, or other websites and Amazon is always the last choice for me.
Workers are being treated like slaves there. One of the worst place to work.",0,2025-08-23T14:42:46Z,QlbuY24alSk
I feel for the workers. I can't imagine the pressure they endure. But man the technology and innovation behind this is an insane feat.,0,2025-07-26T10:39:39Z,QlbuY24alSk
This is actually quite scary. This company is so good and so efficient that they could take over any business if they wanted to. The business I'm in ( I won't say which one).. is highly specialized and worth only a couple of dozen millions dollars a year and requires a lot of technical know-how. So luckily Jeff Bezos has no interest as he is only interested in billion dollar a year businesses. Anything below 500 million dollars a year is not even worth for him to look at and a waste of his time and breath.,0,2025-07-24T17:09:23Z,QlbuY24alSk
Busy warehouse floors demand clear vision and solid protection. Softgle Comfort gives comfort and protection to workers. That’s a game changer.,0,2025-07-17T06:26:20Z,QlbuY24alSk
There’s a 500k Amazon warehouse 5 minutes from my house!,0,2025-07-16T21:30:44Z,QlbuY24alSk
Amazon is an evil corporation. They have absolutely ruined the PNW.,0,2025-07-10T05:36:45Z,QlbuY24alSk
I'm surprised Walmart and Target aren't converting retail spaces like stores into fulfilment warehouses.,0,2025-06-18T01:13:06Z,QlbuY24alSk
"Amazon hasn't cracked the delivery code where I live in TN, almost everything from Amazon is 3 days.",0,2025-06-08T22:54:08Z,QlbuY24alSk
All fine and well until you get damaged goods dented cans because they use a PLASTIC BAG to ship almost everything. My damage rate is approximately 30%.,0,2025-05-20T18:07:28Z,QlbuY24alSk
"7:45 you'll think the rate of Package theft's are high, wait till they start using the drones the rate is going to go up so much cause people just gonna shoot them down and take the package. You gonna start seeing ""Breaking News"" multiple Amazon Drones shot down in multiple areas of the state be on the look out. Then next thing you'll see is "" Breaking News"" Amazon CEO have just announced multiple areas of the state a "" No Drone zone"" to where if you live in those areas you can't get your package delivered by drones.",0,2025-05-10T16:51:54Z,QlbuY24alSk
"I have video footage of an Amazon driver steeling my parcels. One year later I received an email from Amazon accusing me of returning ""a large amount of items"". I contacted support and asked them which items (as I haven't returned anything) and they mentioned the three parcels that were stolen by the driver. I canceled all subscriptions and my membership",0,2025-04-29T17:36:50Z,QlbuY24alSk
"It's like those ssaohle.are bigeng for me to come after their bisuness and prove them how i cna tare thm papart. I dont precisely nkw but lets fond out darlings. It was absolutly delighyfull to  witness the sales of Tesla cars becoming fewer and fewer,  lowering even to the point of no sales at all soon. 
And Since this company Amazon is asking for its sales lowering down too. May it's wish be granted. Be it, those business moment when you get back all the nice negalivity you put out. We the Market demonstrate the consequences of your practices.",0,2025-04-29T04:26:15Z,QlbuY24alSk
"The downfall of the american company named 'Amazon'. 
Amazing to Witness and extremelly satisfaying to see it coming and in the making. One way or an other. Because we the People, we the Customers, we the Workers are the billionaires and you owe us respect and reverance. 
We are the ones that own the fortune and the wealth, we the People, we the Customers, we the Workers are all unite and demand you to comply to the rules of justice ethic fairness. We the People , we the Customers, we the Workers own this company Amazon and our interests and needs are above Jeff Besos's and it's friends. The people, the Workers and the Customers interest and needs are the ones that matter.
Justice, fairness, ethic, sustainability, prospérity for all is at work. 
See y sooner or later btch$ remember
I love you all
I'll share my love and my best wishes to you when you will be facing the  courts of Justice, and convicted for your all deeds and put in jial. I'll be there cheering and applauding and congratulating for the good job of Judges and Justice. 
I love you 💋",0,2025-04-28T19:34:08Z,QlbuY24alSk
"I will gladly wait a few more days and pay a few more dollars to not support a monopoly that has forced thousands of smaller businesses out of business. While millions of small, brick and mortar stores were forced by corrupt government to close during covid, Amazon was allowed to thrive and reap the windfall. How many pockets were lined on capital hill by Amazon during covid?",0,2025-04-28T04:05:01Z,QlbuY24alSk
Getir Amazon,0,2025-04-24T04:43:53Z,QlbuY24alSk
Amazon's shipping has become hit or miss recently I've ordered next day or overnight shipping & the orders arrived 3 days later. I ordered the items because of the fast shipping. It's not a perfect world but if you advertise something you better make sure you provide what you promised or it's false advertisement.,1,2025-04-22T03:27:53Z,QlbuY24alSk
"There are companies that are great to work for, and there are companies that are great to be a customer of. Amazon is obviously the latter, so as a customer it's great! There's something magical about ordering something and it arriving 4-8 hours later. Competition working as expected 👍🏽",7,2025-04-19T05:22:38Z,QlbuY24alSk
All of this work just for flex and dsp people to mess it up lol,0,2025-04-17T07:52:00Z,QlbuY24alSk
Speed and fast is good but what about drivers leaving packages in the correct spot according to notes left? What good is fast and same day delivery if they cant deliver it properly at the end? I've had 3 packages stolen because drivers are not paying attention to detail. I've even spoken to my nearest amazon warehouse and they say they'll address it but it never gets better.,0,2025-04-16T05:09:16Z,QlbuY24alSk
"All these customers fail to realize how much hard work goes into every step of the way and go full-on Karen mode if you're late. We've had people scream at us about their package being delayed due to weather, offer them the option to come pick it up directly from the warehouse, only to be answered back with a ""but there's 10ft of snow on the roads, how can you expect me to go pick it up?"" YEAH! YOU DUMB KAREN! That's why a delivery driver can't deliver it to you! I swear these customers are shocked workers aren't literally risking their lives so they can have there new salad mixer while simultaneously demanding they only pay a few bucks (if that) for shipping and handling. Shocking.",0,2025-04-14T18:19:53Z,QlbuY24alSk
"The most soul draining work I’ve ever done was one of those packaging centers

They tell you during onboarding to take note of who came with you cause they probably won’t be there in two months since it had such a high turnover rate. They were right. All i could take was 3 months of that and was out",0,2025-04-13T11:59:11Z,QlbuY24alSk
Amazon in Australia is shocking. The range of items is not there.  I rarely ever use them.  It’s better and more convenient to go down the road and get something. You’d have to be awfully lazy to use them.,0,2025-04-04T21:37:57Z,QlbuY24alSk
Stowing messed up my hands and arms at the time. Back in 2018.,0,2025-04-04T04:08:24Z,QlbuY24alSk
Never again will I work at Amazon… F that,0,2025-04-02T04:21:50Z,QlbuY24alSk
"WSJ should make a short on how much cardboard and paper Amazon wastes on packaging at times where one isn't required. Received a pillow recently, inside a cardboard box, with extra paper placed inbetween, it's like that pillow is going to break?? Happens quite often.. if you scale this up - that's a lot of paper waster for no logical reason",0,2025-03-30T14:05:20Z,QlbuY24alSk
Amazon seller ClicktechRetailPrivateLimitedbiggestScammer seller,0,2025-02-28T12:53:01Z,QlbuY24alSk
fake and fraud amazon.,0,2025-02-28T12:52:09Z,QlbuY24alSk
This is actually heartbreaking. No mention of waste from the billions of returns or end of life. Amazon is what's wrong with modern society. NO ONE needs any of this within an hour this is just shameful.,0,2025-01-30T09:34:52Z,QlbuY24alSk
If Amazon only took care of their drivers and warehouse people the same way they want to be the best as they forgot to be the best you have to pay your people well and take care of them. Any company run by CFO and marketing are always the ones that don't care about people as they care about bottom line aka greed.,1,2025-01-17T22:14:45Z,QlbuY24alSk
"They should stop complaining or get a new job, this is constantly being told to towards food delivery drivers, no rocket science  🤷‍♂️",0,2025-01-12T01:20:05Z,QlbuY24alSk
"Fast shipping, with no consideration for workers.",0,2025-01-09T17:01:58Z,QlbuY24alSk
i looking job location,0,2025-01-09T00:43:23Z,QlbuY24alSk
"Need this in australia, our amazon prime delivery is 5-10business days.",1,2025-01-06T23:31:55Z,QlbuY24alSk
"I wish Amazon would stop using those cheap plastic bags to mail products in.   They offer zero protection during shipping... Often items shipped on those bags, arrived damaged and need to be returned.  Waste of time, money  on everyones part.",0,2025-01-04T16:31:26Z,QlbuY24alSk
"Amazon’s same-day strategy shows how the company is reinventing itself to maintain its lead in “fast shipping,” but it also highlights key industry-wide tensions around labor practices, environmental impact, and cost. On one hand, tighter regional footprints and advanced data analytics deliver packages faster and more cheaply. On the other, critics point out increased physical and mental strain on workers, potential for overuse of gig-economy drivers, and the possibility that ever-faster fulfillment might not be sustainable or truly necessary. The competition from Target and Walmart only fuels the speed race—meaning consumers can expect even more rapid delivery options, with corresponding pressure placed on logistics networks and workers alike.",0,2025-01-04T11:32:45Z,QlbuY24alSk
"I'd like to see Amazon's managers and decison makers spend a few weeks on the warehouse floors, sorting and packaging and delivering orders, applying the very principles they put in place, so they can fully appreciate the human cost of always faster shipping.",9,2025-01-03T15:59:44Z,QlbuY24alSk
"Customers never asked for same day delivery this was a marketing strategy, THIS COME FROM COVID DAYS.",0,2025-01-01T16:54:56Z,QlbuY24alSk
"I’m glad this video was made because honestly as someone who used to work at an amazon warehouse and now a driver the warehouse is far worse and everyone acts like drivers have it terrible. Yes we have bad days but if you work for a non terrible DSP there’s things they tell you to do that keep the route sizes down, and if yours doesn’t they let you transfer between without needing retraining. At the warehouse you barley get breaks and don’t have that drive time between to sit down",6,2024-10-31T08:24:10Z,QlbuY24alSk
Amazon should be sued for this. This is call bulkying on a mass scale. The only reason employees dont sue is because they dont hsve the financial resources. There must be a union for this.,0,2024-10-26T01:45:35Z,QlbuY24alSk
"Yeah, at the expense of every single worker there",0,2024-10-13T22:43:45Z,QlbuY24alSk
A normal day in a amazon rainforest.,0,2024-10-10T20:40:10Z,QlbuY24alSk
Amazon Prime scam in India😅,0,2024-10-09T16:12:40Z,QlbuY24alSk
"I think it’s funny how Amazon shops items from WAL F ART.  That’s why I look at where it’s coming from, if it’s WAL F ART I don’t buy the item.  WAL F ART sells junk and needs to close all stores",0,2024-10-05T21:13:22Z,QlbuY24alSk
"The managers, they are all so similar.  Lizard like.  I half expected their tongue to pop out and clean their eyes whilst they were talking.  It's bizarre how they present.",0,2024-09-30T19:34:03Z,QlbuY24alSk
"Tell people truth about working conditions and constant presure to try to keep those ""Same day deliver us"" LIES",0,2024-09-30T17:26:52Z,QlbuY24alSk
Wait?! They just created the local store with a warehouse. Basically an intelligent big box store? 🤔,0,2024-09-28T04:43:36Z,QlbuY24alSk
"If you're complaining about the alleged poor conditions of the workers, dont spend your money in amazon and put them out of business!",0,2024-09-27T02:48:39Z,QlbuY24alSk
"When they rolled out the ‘same day delivery’, I thought they were crazy. I imagined workers must have been pushed hard for it.",1,2024-09-19T05:48:45Z,QlbuY24alSk
Amazon sucks!!! Pee in bottle?,0,2024-09-10T15:41:32Z,QlbuY24alSk
This is why Amazon drivers drive 50mph through my driveway huh,0,2024-09-08T15:56:20Z,QlbuY24alSk
"You can get so many things online very quickly these days.  Target and Walmart also have online catalogs, they allow shop orders for food items, perishables and anything else you want—you can get your order within an hour.  They also have contractor delivery drivers for same day deliveries from the online catalog.  Amazon does have a pretty extensive catalog though their delivery promises don’t always come through.",0,2024-08-22T03:57:51Z,QlbuY24alSk
"Something they’ve gotta work on is their intake of items. 
I’ve had multiple times where the wrong item was delivered, because somebody put the wrong ASIN label on it. Once it was just the wrong variant of an item. Not a big deal that time. 
But this last time, I had ordered a $8 spray bottle of Rain-X. But got a $70 box of “The Right Stuff” gasket maker tubes. Not a huge problem really for me, as that can be useful. But a mechanics shop could’ve easily abused that fulfillment center to order a couple years’ supply of that stuff for a fraction of the cost.",0,2024-08-05T21:48:45Z,QlbuY24alSk
"""We don't know what the limit is!"" as they smile. I'll tell you what the limit is lady - Telling your drivers to deliver a package in 15 minutes when a GPS says it will take 25+ minutes to get there at the speed limit...Hmmm...I wonder what that is going to cause?


Amazon prioritizes the delivery time of packages VASTLY more than the safety of their drivers. This behavior exists in warehouses as well. They NEED TO BE CALLED OUT FOR IT!",1,2024-08-05T13:58:02Z,QlbuY24alSk
"To all Amazon workers, I really appreciate your hard work.
Thank you ALL.",410,2024-08-01T02:21:21Z,QlbuY24alSk
"It's modern day slavery, I know I've worked for them",0,2024-07-24T08:30:47Z,QlbuY24alSk
"I ordered an item that was expected in 2 days, 3 hours later. showed up at my door",0,2024-07-20T17:48:57Z,QlbuY24alSk
"Most things I needed from Amazon took a week or two to deliver, so I gave up on their prime membership",0,2024-07-18T07:14:30Z,QlbuY24alSk
"The problem is most Amazon Flex drivers don't know how to read delivery instructions!  The gate code is there, what apartment building and what floor and unit number. So the package ends up getting delivered to the wrong address many times, and customers have to file a not-received complaint with Amazon so they can get a refund.  All drivers should read!",0,2024-07-14T01:34:07Z,QlbuY24alSk
I think we all are just spoilt by the amazon in terms of delivery times,0,2024-07-09T09:00:55Z,QlbuY24alSk
Amazon Same Day Delivery is insanely fast,1,2024-07-06T01:55:31Z,QlbuY24alSk
"Before they asked for fast shipping.
But now customers does not want to pay higher price.
Now they want slower shipping with cheapest price",0,2024-06-30T11:38:47Z,QlbuY24alSk
surprised amazon didn’t start doing this like 5 years ago,0,2024-06-17T05:06:27Z,QlbuY24alSk
Amazon will never get my money bezos and his executives are the most greedy plp on earth,1,2024-06-16T15:44:12Z,QlbuY24alSk
Amazon Same Day delivery is a myth,0,2024-06-10T23:56:34Z,QlbuY24alSk
"“Reportable injury rate”, also known as managerial pressure not to report injuries 🤷",1,2024-06-07T23:42:52Z,QlbuY24alSk
They make workers do unrealistic expectations I worked at an fc for 5 and a half years in pack and if you didn’t have a good enough rate per hour they would come down and write you up!!!,0,2024-06-05T12:58:01Z,QlbuY24alSk
I was in Amazon warehouse. Workers are working by milliseconds.,0,2024-06-04T18:13:21Z,QlbuY24alSk
"They may be delivering them fast but a LOT of the time my order is smashed. I contact customer service over and over and nothing is rectified. I request a box over a plastic sack again and again. Really pisses me off to get smashed coconut milk, smashed cat food, dog food delivered with no packaging at all. And Amazon makes it really hard to report this. I'd shop in person but have a disability. We pay good money for Amazon Prime.",0,2024-06-02T17:23:42Z,QlbuY24alSk
I got threaten by my manager at Amazon and I got fired… don’t work for Amazon there HR is corrupt,0,2024-06-01T13:11:12Z,QlbuY24alSk
"completely and utterly unnecessary, at the cost the environment and human exhaustion for terrible pay. no one needs consumer goods that urgently.",2,2024-06-01T12:51:03Z,QlbuY24alSk
Amazon one day delivery is never done in a day in india.,1,2024-05-29T03:54:03Z,QlbuY24alSk
Amazon ! You want it  faster ? Pay better on flex drivers,0,2024-05-23T10:24:09Z,QlbuY24alSk
God bless Amazon!,0,2024-05-21T17:08:30Z,QlbuY24alSk
Prime membership isn't even worth it when 9 times out of 10 you don't get your package in 2 days. Plus I'm not so impatient that I'd want a warehouse worker or delivery driver to overwork themselves to death trying to get me my package on time,0,2024-05-21T13:35:46Z,QlbuY24alSk
"Incredible technology to shave off seconds, and then the woman faces the cart AWAY from the cart and takes hours loading it item by item. You might wanna look at that part of the process to shave off the next few mintes of delivery.",2,2024-05-11T17:34:01Z,QlbuY24alSk
"Their distribution network is second to none, but I'm surprised they can actually find enough employees. 

Long-term, I don't see their delivery times and free returns as sustainable. I'm pretty sure they lose money on two-day delivery, but they use profits from their third party sellers to make up the loss.",0,2024-05-05T01:54:33Z,QlbuY24alSk
"I don't mind paying the membership. Where I live is a senior facility, which has an intercom; intercom code is posted in the instructions. Only to rec'd a notification that I need to provide a gate code.......for the delivery. Maybe if the driver took the time to read the instructions he/she would gain entry into the building. Driver also leaves packages on the counter in the mailroom, which gives easy access to thieves to steal. Also, I check the box for all my packages to be delivered so there're few boxes and a one time delivery day. Only to rec'd package being delivered on each day of the week instead of all at once.",2,2024-04-28T19:21:36Z,QlbuY24alSk
"Worst company to work for. 
Treats employees like slaves so they meet their numbers. 
Can’t even take proper bathroom breaks.",0,2024-04-27T20:55:34Z,QlbuY24alSk
"I've never used same-day when I see it offered, because it costs more and I don't need the item immediately. Next day or two-day isn't guaranteed. I would say I get 80% on time. The other 20% come from one day to up to a week late. One package I'm expecting today still says it's arriving by 10:00 pm today. I know it's not because the tracking says it arrived at an Amazon facility in Wilmington Ohio this morning, and I'm in California. 10:00 pm isn't happening. Maybe tomorrow. Last week I got notified a package was delivered but I didn't see it at my door. When I checked the website, the picture showing where the package was delivered wasn't my doorstep. I went searching around the neighborhood and found it at another house. That happens, but not often. As far as Amazon job satisfaction, I feel for all those warehouse workers standing all day doing repetitive work. Employee turnover must be huge. This video just interviews higher level supervisors and executives in their executive office clothing. It's the workers down in the trenches that I want to hear.",1,2024-04-25T19:03:46Z,QlbuY24alSk
Thanks Amazon for over working all your employees while also closing down mom and pop shops as well as even closing big name stores while also creating shopping idiots/monsters ! I worked at the ups store and we saw at least 800 returns a day. And that was for one store…,1,2024-04-25T02:40:14Z,QlbuY24alSk
"23~69% reductions in incident rates sound great, but I hope they didn't sweep more cases under the rug.",0,2024-04-24T04:37:44Z,QlbuY24alSk
"I live 5 miles from a WalMart but instead of going there to get printer ink, I just ordered it on Amazon to be here tomorrow.",0,2024-04-23T11:03:41Z,QlbuY24alSk
Why on earth would anybody want to work there? 😮,0,2024-04-20T22:28:49Z,QlbuY24alSk
Sad for worker .,0,2024-04-19T04:24:36Z,QlbuY24alSk
"Bezos, Amazon, et al cares 0% about humanity. Only money.",1,2024-04-19T01:26:04Z,QlbuY24alSk
"Never worked in Canada. There is absolutely no need to pay for a Prime here as the shipment will take as long as it needs, regardless of the promises. Our personal records was a 2.5 week delivery for a ""next day Prime"" shipment.",3,2024-04-17T03:28:24Z,QlbuY24alSk
This is not something publicly seen at closest Senukai SSSS home depot and you just asking are you already able to upgrade your computer components again - while it's fine for 1080p promise of 4k is quite old. Do they have only office in the capital 4:36? Anyway that milk production in technology city at Fire range 2:59. Oh and it's an apache folk dance known to them 4:54. Those aren't Eneos 1000 racers with VR aren't they 4:22? So you a pizza delivering cannon for public API that is not here 7:45.,0,2024-04-11T13:37:18Z,QlbuY24alSk
Modern day slavery I know I worked for them,0,2024-04-10T09:54:18Z,QlbuY24alSk
"Reading about this in the comments, she doesn't seem to be aware of the harsh working conditions that many people go through. Just by reading some comments here about people working for Amazon, you can easily get a grasp of how it is to work there and how poorly they are handling this ""fast, faster, fastest"" situation.",0,2024-04-09T19:51:53Z,QlbuY24alSk
Amazon is bad don’t buy from them,0,2024-04-09T18:40:32Z,QlbuY24alSk
"Amazon making humans work like there robots , they are more worried about speed and competition and people are being overworked , my brother works at one of these facilities and they are severely understaffed ! Amazon is building a sweat shop !",1,2024-04-08T19:27:04Z,QlbuY24alSk
"I used to work for Amazon and they constantly overworked employees. The promise of fast shipping came at the expense of our health as we had to sort several packages continuously throughout our standard 10 hour shift. A work union didn’t exist either at our facility and this made our working conditions harsh and dangerous. I’m in my 20s and for sure those medical benefits exist for a reason. On the daily older employees would wear braces, not for preventative measures but for recovery. It’s unfortunate that Amazon puts so much pressure on its employees as a direct result of attempting to increase its output for $$$.",109,2024-04-06T21:38:57Z,QlbuY24alSk
"I used to work in a warehouse exactly like this, 4 10s a week. It's so incredibly distopian and depressing, it actually sucked really hard and the food in the break rooms wasn't free. As I left they where installing what we called crying booths. It's not worth it.",0,2024-04-04T23:38:58Z,QlbuY24alSk
No one needs same day delivery... its crazy. Most product on amazon are cheap china garbage anyway,0,2024-04-04T21:03:48Z,QlbuY24alSk
"When Amazon just began, a professor of mine warned us to get our books on the site or fall behind. Now Amazon ships everything.",2,2024-04-04T14:53:44Z,QlbuY24alSk
It is absolutely crazy how fast amazon can ship.  I live in a smaller city in Canada and to order an item on a Saturday late afternoon and have it delivered before I get out of bed on Sunday is crazy!  It's crazy where the world is going and how fast we are getting there.  A bit scary actually.,0,2024-04-04T04:01:04Z,QlbuY24alSk
"Love Amazon shipping.  Changed my whole way of shopping and buying. 
Very grateful, just hope they treat their employees better.",4,2024-03-31T16:36:28Z,QlbuY24alSk
"I sympathise to everyone that works for Amazon that isn’t middle management or above..the individuals completely disrespected but vital to the company,",0,2024-03-28T18:02:50Z,QlbuY24alSk
Whoever put the Detroit in Ohio at 1:18 needs to be fired lol.,0,2024-03-28T17:51:39Z,QlbuY24alSk
"Just amazed how these workers keep these packages moving, i appreciate all AMAZON workers thank y’all 😊",38,2024-03-28T15:52:47Z,QlbuY24alSk
"Amazon is a freaking joke. Buy an Amazon prime membership, where it says I get free music but it’s not free. They want you to pay for the full services and they only give you commercial free so that you can’t pick what you wanna listen to.  Oh and also I put an order in for $300 item to be delivered to me the next day and then it just seems to disappear off the face of the earth and no one knows what happened to it.  Thanks for nothing.",0,2024-03-26T22:38:53Z,QlbuY24alSk
Amazon shipping say hamara order aaya hammy return karana hai,0,2024-03-26T07:20:21Z,QlbuY24alSk
"Cool strategy, I guess. Now give your employees longer breaks and don’t hide the chairs.",0,2024-03-25T16:54:41Z,QlbuY24alSk
Having a job is a blessing and fun ..,1,2024-03-22T23:28:20Z,QlbuY24alSk
"And in europe, as a prime member, packages take up to 3-5 days for delivery... amazon is a mess in europe... i even had customer support chef threatening and insulting me when i complained because they literally forgot 1 item ( out of 2 items in the order) ...",0,2024-03-21T10:35:34Z,QlbuY24alSk
"secepat cepatnya amazon, masih kalah cepet sama Gojek instant lol 20menit kurleb sampai. Sudah lebih cepet dari pizza delivery america lol",0,2024-03-20T12:57:34Z,QlbuY24alSk
Here i am in Australia happy if my Amazon order arrives in a week or two...,0,2024-03-19T23:26:16Z,QlbuY24alSk
"Amazon is a man-eating monster. 

Rarely does anyone ever NEED same day delivery. 

We think, the system serves us, but it’s the people that crack under the inhumane conditions and suck up the BS the system creates.",0,2024-03-18T21:17:40Z,QlbuY24alSk
"I've been waiting on Amazon to deliver a pack of watch batteries that are 4 days past delivery date.Nothing but a message that says,""Sorry we're running late!""..Temu offers $5 off the next order at least if theyre late.ive had 1 issue with temu delivery as compared to constant late,lost or just delivered to the obvious WRONG address with Amazon.Ive gotten other peoples packages that wasnt even the same numbers as my address.It was around Christmas so delivered them to the folks myself.no accountability for the drivers either.They aren't Amazon employees.thats right,research it.",0,2024-03-17T16:08:54Z,QlbuY24alSk
I worked at a amazon warehouse NEVERRRRR AGAIN,0,2024-03-16T21:26:28Z,QlbuY24alSk
Keep breaking records and the guys at the top will learn to expect it!!,1,2024-03-10T16:58:59Z,QlbuY24alSk
I hate amazon flex. You use your own car. Your own gas. Your own car payment. Your own insurance. Just so amazon can scream at their top of their lungs saying it’s our fault the package was delivered 5 minutes late.,2,2024-03-10T05:38:22Z,QlbuY24alSk
Amazon executives are complete psychopaths who ruthlessly exploit the warehouse workers.,0,2024-03-07T07:49:15Z,QlbuY24alSk
"Last time I ordered a CPU from Amazon it was delayed SEVEN DAYS on the day it was supposed to be delivered. Explain how Amazon didn't know that would happen? 

I also ordered a LG 42"" OLED and got a Samsung 43"" LCD.",0,2024-03-07T07:47:13Z,QlbuY24alSk
I can imagine an increase in courts recommending short term prison sentencing for citizens AND Amazon using prison labor.,0,2024-03-05T23:42:16Z,QlbuY24alSk
"""Buy the Black"" is the most grossly unfair and racist thing I have ever seen Amazon do to its sellers.   How is giving some sellers priority views purely by skin color not illegal?  INSANITY",1,2024-02-27T15:17:52Z,QlbuY24alSk
In the near future Amazon's AI will send you packages you need without you even ordering and you will have the option to keep it or return it.,0,2024-02-14T21:36:47Z,QlbuY24alSk
Amazons carbon footprint is huge. Thought they were going all electric vehicles… yea right…,0,2024-02-13T13:37:48Z,QlbuY24alSk
"Is this really a development we should want? Knowing Amazon it likely cuts all costs to the max, exploiting workers in the warehouse, endangering everyone on the street with way too strict delivery deadlines resulting in speeding drivers, sequestering a ton of green house gasses and in general wasting a ton of resources that could have been put to use more efficiently. I mean, in what case would you need to have something delivered same day? Especially since these 1-day shipping warehouses operate in dense areas aka the areas least in need of stuff like this because all stores are nearby anyway. We are moving to the future of WALL-E, resulting in unhealthy people and fatalities all in the name of convenience.",0,2024-02-13T12:14:01Z,QlbuY24alSk
Consumerism and Amazon… the death of humanity. ☠️,0,2024-02-13T08:27:30Z,QlbuY24alSk
"and overwork their employees, I'd know because I worked for Amazon for 3 years in multiple departments!",0,2024-02-13T06:50:25Z,QlbuY24alSk
"I just be happy if Amazon could actually deliver my package to my house and not somewhere else. I love when I get the photo of it being delivered and I don’t even recognize the house. And before anybody says anything yes, my house is clearly marked with the address.",0,2024-02-11T13:41:57Z,QlbuY24alSk
"So Amazon delivers more plastic and dangerous products to your door than anyone,  including Walmart and Target , that information will be very helpful when they get a lawsuit for doing it so.
Thanks",0,2024-02-11T04:47:25Z,QlbuY24alSk
Amazon prime membership is a ripoff. Used to mean something.,0,2024-02-10T17:41:15Z,QlbuY24alSk
YET can’t pay delivery drivers a decent salary 🤦🏼‍♂️,1,2024-02-10T04:54:12Z,QlbuY24alSk
"Amazon hurts it's employees and customers.  Amazon changes customer orders and/or delivery dates without consideration.  Items ""tracked"" for ""Delivery today before 10PM,"" haven't even shipped yet.  Then one receives a ""used"" replacement product, a week later; when a ""new"" product was ordered.

Amazon: Employee abuse, misrepresentation of product(s), fraud, delays, lies, etc.  I'm done with Amazon.  I'm disabled, and I'd rather go through the pains of shopping, than deal with Amazon's unprofessional incompetency ever again.

Also, Amazons ""customer service"" has no ability to do anything about a customer's issue.  They will offer a $30 coupon for their collective incompetency.  Hardly recompense for the damage they do to human lives/humanity.",1,2024-02-09T02:58:58Z,QlbuY24alSk
dang.... they should pay their employees more,0,2024-02-07T23:16:03Z,QlbuY24alSk
I've worked at amazon and I don't know how this company hasn't been fined for how they treat their employees.,1,2024-02-07T21:36:19Z,QlbuY24alSk
I’d love to know how much Amazon paid for this puff piece.,5,2024-02-07T05:08:43Z,QlbuY24alSk
Amazon is the modern slavery inventor.,0,2024-02-06T13:26:57Z,QlbuY24alSk
"What drives me nuts is the ""Free delivery overnight if ordered within __hrs and __mins""...that rarely works, I seem to get my package(s) longer than promised.
Same is true for 2-day delivery as a prime member. Sometimes packages arrive longer than 2 days without a reason why, so annoying since I'm paying for prime.",0,2024-02-06T02:39:29Z,QlbuY24alSk
Worked for Amazon twice. You should see how your packages are being handled 😅 absolute slavery,0,2024-02-05T17:53:17Z,QlbuY24alSk
"When I hear faster I think making employees work more but not really compensating them for that work. I do order from Amazon, but as a buyer and seller I do not have a favorable opinion of them.",2,2024-02-04T05:36:51Z,QlbuY24alSk
"If Amazon is ""The king of Shipping,"" why can I get a Wal-Mart order 2 to 3 days faster than I can get an Amazon order?  I live in a small town and 2 hours from the closest city that has a population over 50,000.  I'm a brick and mortar shopper, but there are times it is easier to shop on Amazon.  So, instead of figuring out how to make shipping faster for metro places, why not try to get something figured out for more rural areas?  This is ridiculous that I pay for prime and my fastest delivery time is FIVE DAYS!  Shipping, for me, only gets TWO stars.",0,2024-02-03T19:01:09Z,QlbuY24alSk
"amazing, this is why i love amazon",0,2024-01-31T23:39:33Z,QlbuY24alSk
"you should do a video on amazon biggest air site in the world, you'll be seeing a lot of stuff there but make sure you involve maintenance in it too and not just the operations side of it.",0,2024-01-30T17:31:31Z,QlbuY24alSk
Im on amazon while watching this lol,0,2024-01-29T21:45:15Z,QlbuY24alSk
Look how miserable the workers are lol. They're all grimacing. This makes me not want to use Amazon.,1,2024-01-26T15:00:10Z,QlbuY24alSk
I’m a delivery driver and these dumbasses can’t even put a sticker on or tape up a box correctly. They make my job harder everyday,0,2024-01-22T08:58:18Z,QlbuY24alSk
I live in Central vt.. it takes amazon 7-10 days to get to me,0,2024-01-22T01:33:20Z,QlbuY24alSk
4:21 amazon needs to hurry up and do this cause  It don’t make no sense how I am an Amazon prime member and I still got a wait 3 days later for certain items to come in the mail. 😂😢😮😅😊,0,2024-01-18T17:15:16Z,QlbuY24alSk
"Speaking as someone on the other side of this organization, I was a seller on Amazon for 9 years. We started with FBA and stayed in it for most of our time. 2 years ago, we realized Amazon hated us and were doing everything to push us out. They want the big budget of large corporations and the small guys are of no use once they became a trillion dollar company. The fees and costs of advertising became so ridiculous that over half our COS was just paying Amazon for the privilege of selling. Also, they make it very clear that Amazon customers are not our customers and we are just the supplier... until they complain about something Amazon did wrong. So many of our complaints came from Amazon's shipping, handling and order selection. They would often ship the wrong packages, late deliveries, damaged items and out of date products. When that happened, they would blame the seller and leave bad reviews up that blamed us for the Amazon mistakes. Once we took over shipping, almost 100% of the problems from Amazon stopped. We made some simple mistakes but we handled them directly and customers actually left reviews with how we messed up but were so grateful at how fast and direct we fixed them. Sales were doing good until Amazon decided to limit our sales. We were no longer FBA so we had to pay double in advertising just to get shown to customers. No matter how much we paid, though, it still ended up killing our business. A lawsuit for Amazon's shady practices should take care of sellers but unless they get a monster class action lawsuit, it's no use. Politicians are on their side and their hit to the national economy would be, ""too big to fail."" Campaign contributions are the key to following the money.",1,2024-01-16T17:11:26Z,QlbuY24alSk
"2-day shipping needs restrictions for ALL online shopping avenues, not just Amazon.",1,2024-01-08T19:52:52Z,QlbuY24alSk
Do prisoners work there?,1,2024-01-07T20:56:23Z,QlbuY24alSk
Amazon web services large part of internet even military security,0,2024-01-03T18:10:52Z,QlbuY24alSk
I could not live on smaller Hawaiian islands without Amazon.  Amazon keeps prices competitive on the islands,0,2024-01-03T18:10:13Z,QlbuY24alSk
"This year Amazon failed miserably for xmas delivery. Multiple items orders from dec 15-17th. All got delivered dec28and later....2 orders are scheduled for delivery tomorrow (jan2)
Prime is starting to not be worth the price anymore.",0,2024-01-01T19:24:39Z,QlbuY24alSk
"Amazon is lagging; after the pandemic, it's gone back up to a week or so. Prices at places such as Walmart are lower, and there is same-day delivery on many items I order.",1,2023-12-25T23:19:00Z,QlbuY24alSk
Lately Amazon been late in buying something for next day delivery n been getting it late,1,2023-12-22T18:49:17Z,QlbuY24alSk
Amazon is evil,0,2023-12-20T10:13:09Z,QlbuY24alSk
"Amazon has raised the bar in shipping, working at Amazon is physically brutal and you have to be an athlete to survive, if you miss rate, you're gone.",0,2023-12-19T23:45:22Z,QlbuY24alSk
While still underpaying their employees and  forcing slave like conditions onto them.,2,2023-12-19T18:24:51Z,QlbuY24alSk
I ordered some black silicone and got it the next day but it was gray. I reported the issue and they said to keep it and the very next day I received another gray silicone instead of black. I seemed like there wasn’t any human eyes at work.,0,2023-12-19T04:24:30Z,QlbuY24alSk
Yeah. They write you up if you don’t make rate (which changes without notice).,0,2023-12-15T21:42:01Z,QlbuY24alSk
Amazons 2 day delivery promise is kind of a joke. Rarely happens these days.,2,2023-12-14T14:40:59Z,QlbuY24alSk
Amazon prime and the 2day service is a joke ..the policy changed .. the 2 day service only applies once its packed and labeled.. and if you are on the fringed areas of thr region more then likely USPS will deliver it.,1,2023-12-14T04:39:41Z,QlbuY24alSk
"Amazon can work their non union employees to the bone to get your item in 1 day, nevermind the burnout or retention. You get an item fast, but you're really just making Bezos more rich at the societies detriment.",2,2023-12-14T02:15:32Z,QlbuY24alSk
Bs my amazon deliveries take about a week to arrive,0,2023-12-12T17:06:29Z,QlbuY24alSk
"I consider Amazon a necessary evil. Yes they treat workers horribly but at the same time, they’re also the only place I can get certain things.",1,2023-12-09T20:57:41Z,QlbuY24alSk
I call B.S. Amazon shipping has only gotten worse after the pandemic.  Prime is no longer two day shipping! Try three days or five days.,1,2023-12-09T07:01:04Z,QlbuY24alSk
"3:50 no, it's to divert liabilities from Amazon to the worker, who often is considered self employed.",6,2023-12-07T17:39:52Z,QlbuY24alSk
"""You don't know yet what the limits is.""

Now, ask this to the Warehouse employees at amazon. 

You will see tears first and then feel tears in your eyes later.",37,2023-12-01T19:24:02Z,QlbuY24alSk
Amazon is trash,2,2023-11-18T06:39:31Z,QlbuY24alSk
"😂 Dog bites, Drivers not having time for daily  Lunches, Bad GPS, & she repeated the process for amazon workers over 3 times without answering actual employee safety. They really dont get paid enough so i leave them snacks and drinks",1,2023-11-17T04:40:30Z,QlbuY24alSk
(: Amazon rocks!,0,2023-11-17T00:02:11Z,QlbuY24alSk
"cool logistics amazon, now allow your worker to unionize",2,2023-11-16T11:26:31Z,QlbuY24alSk
"Years ago when we ordered a TV for Black Friday from Walmart, it took forever to pick up in store since ""they didn't have enough people to unload the containers outside"". Nowadays they just shipped my order the day after ordering, when I honestly expected it to take a week or more. I'll be patient if the item is cheaper than Amazon 😅",2,2023-11-14T12:42:28Z,QlbuY24alSk
Watching Amazon's warehouse efficiency is kind of like watching cutting edge military technology. Simultaneously horrifying and amazing at the same time,11,2023-11-13T22:45:28Z,QlbuY24alSk
This is the end of the world.  Rarely do I need anything within 2 - 3 days.  On one day I had three (3) deliveres in one day - separate trucks.     Absolute waste of energy and emissions.,1,2023-11-13T01:45:51Z,QlbuY24alSk
the lady and all of amazon mgmt all strike me as psychopaths with zero empathy for the slave army they whip into service.,1,2023-11-12T23:44:02Z,QlbuY24alSk
If only Amazon paid their workers well...,8,2023-11-12T22:38:55Z,QlbuY24alSk
Amazon Flex 💪 for the win 🏆,0,2023-11-12T17:27:24Z,QlbuY24alSk
"what about all the package waste, the amount of amazon packages I accumulated during the lockdowns was crazy, and now it's often cheaper and more convenient for me to order from amazon than go to the store, but therereally  needs to be an alternative to all the packaging :/  i feel guilty now when i order because of this",1,2023-11-12T16:08:48Z,QlbuY24alSk
Will never buy from Amazon until the workers are treated and paid well ✊✊✊. Tax the rich..,1,2023-11-11T17:27:19Z,QlbuY24alSk
Unionize all of Amazon..✊✊,4,2023-11-11T17:25:08Z,QlbuY24alSk
Let’s see in the name of capitalism let’s over work and under pay people because they need to get something in two hours they can wait two days for lol,0,2023-11-11T12:01:03Z,QlbuY24alSk
"Did they really have the audacity to claim faster shipping times? I order Amazon prime packages on a weekly basis and over the last several years, they consistently take a week or more. All throughout college it was a consistent two days, that’s never happened since Covid",0,2023-11-11T08:23:57Z,QlbuY24alSk
"hi all
I was able to pull from, Donald Trump, that the US if fighting on behalf of israeli army , because of a major breakdown in the israeli gov. ,............ however , in front of the media , the US will keep the ( supporter look ) to israel 
.............",0,2023-11-11T00:19:57Z,QlbuY24alSk
"As good a job as Amazon & it’s people do you can only push your people to so hard. Yes more automation is coming hopefully to genuinely help the employees do a better job without a ridiculous or dangerous work schedule.
I still think drones in urban highly populated areas not just rural is a big needed step. Why can’t drones be launched directly from Amazon warehouses to deliver directly to customers yards and porches. By taking so long to make this technology work your missing a huge part of improving delivery drone operators don’t have to go out on the road facing road construction & other obstacles and using this for smaller packages means the larger ones get delivered quicker (traffic not withstanding) meaning customers are happier. You listening Jeff Bezos!",0,2023-11-10T21:24:57Z,QlbuY24alSk
"Amazon Same Day Delivery is insanely fast, but honestly, besides groceries, have you ever really need clothes, electronics or other stuffs to be delivered same day??? I feel it's just frustrated for Amazon staffs",6,2023-11-10T17:50:29Z,QlbuY24alSk
Pray that the job doesn't create overwork like what's happening in South Korea atm 😮,0,2023-11-10T13:54:33Z,QlbuY24alSk
"amazon is getting slower, not faster in shipping.  and worse, the flex drivers are awful because they routinely deliver my amazon packages to the wrong apt.  i'd rather order from walmart or target.",1,2023-11-10T04:59:10Z,QlbuY24alSk
"I like that Amazon looks toward smart logistics, however how they treat people is horrific.  Their use of speed over safety, use of contractors over direct hires, etc.  I won’t lie and say I never shop Amazon, but I do my best to shop other companies when I can.  I cancelled Prime several years ago.  I know that by shopping a company that puts speed above everything else, what the cost is to human life.  I’m willing to wait a few extra days for my shopping.",15,2023-11-10T02:54:12Z,QlbuY24alSk
I wonder how much strain that puts in workers that need to meet the higher productivity rates Amazon executives want,2,2023-11-10T02:20:05Z,QlbuY24alSk
This is why I refuse to work for Amazon. Now you'll have overworked workers,1,2023-11-10T02:12:31Z,QlbuY24alSk
"Amazon has been doing a poor job at moderating what they sell. I've gotten broken, used, or fake products from Amazon. They also do not carry a ton of name brands so I am now buying more stuff from eBay, Home Depot, Lowes, and occasionally Walmart. They need to encourage name brands to sell with them and get rid of most of the Chinese low quality knockoff brands.",11,2023-11-10T02:05:28Z,QlbuY24alSk
"Amazon is overhauling its distribution network to deliver packages faster. The e-commerce giant is investing in speed to compete against rivals such as Walmart and Target, which have built systems to beat Amazon's two-day delivery promise. Amazon's smaller same-day delivery centers prepare products for immediate delivery, with picking, packing and sorting all in one location. The centers stock the 100,000 most popular items that local customers might want within hours, not days. The inventory curation is conducted by AI-driven tech that gets packages to doorsteps faster. The company is using analytics to keep the right items closer to customers. Amazon plans to double the number of same-day centers in the next few years.",1,2023-11-10T01:58:59Z,QlbuY24alSk
"Why does my product start in a warehouse in the state I live in, then travel across the country, and then come back to my state to be delivered to my home?",2,2023-11-09T22:07:09Z,QlbuY24alSk
"I'm pretty sure I just watched a very long Amazon advertisement. Does YouTube know this?, because I always skip their ads in a few seconds.",0,2023-11-09T22:03:31Z,QlbuY24alSk
I wonder what eBay is like in terms of shipping their items. This video is depressing and if I was rich I wouldn't invest in Amazon because I thought with the new CEO maybe amazon would treat their employee better but it still seems amazon doesn't care. The only trillion-dollar company I like and would be willing to work for is Nvidia.,1,2023-11-09T20:40:13Z,QlbuY24alSk
"Market capitalization of Amazon (AMZN)
Market cap: $1.451 Trillion
As of November 2023 Amazon has a market cap of $1.451 Trillion. This makes Amazon the world's 5th most valuable company by market cap according to our data. The market capitalization, commonly called market cap, is the total market value of a publicly traded company's outstanding shares and is commonly used to measure how much a company is worth.

Revenue for Amazon (AMZN)
Revenue in 2023 (TTM): $554.02 B
According to Amazon's latest financial reports the company's current revenue (TTM) is $554.02 B. In 2022 the company made a revenue of $513.98 B an increase over the years 2021 revenue that were of $469.82 B.The revenue is the total amount of income that a company generates by the sale of goods or services. Unlike with the earnings no expenses are subtracted.",0,2023-11-09T20:38:00Z,QlbuY24alSk
"“Amazon is gonna pay us THAT MUCH to pretend to compare shipping times in a massive commercial for them??""",2,2023-11-09T20:09:00Z,QlbuY24alSk
"Amazon has only gotten slower for me in recent years.  As a Prime member, what used to be delivered in 1-2 days will now be delivered in about a week.",61,2023-11-09T17:51:16Z,QlbuY24alSk
"Don't you dare try and make the environmental pitch on this amazon. This is the epitome of dystopian business practices, goals and ideas. You are burning the planet to give people whatever they want within days, throwing fuel onto the fire of consumerism. Don't you dare try and make the environmental pitch.",1,2023-11-09T16:58:38Z,QlbuY24alSk
Amazon has become a Buyer Beware marketplace. Lots of false item descriptions as well as fake reviews. This is not a problem for Amazon. Every time a seller scams a customer Amazon gets a cut.,1,2023-11-09T16:45:22Z,QlbuY24alSk
I would love to tour an Amazon warehouse.,0,2023-11-09T13:31:25Z,QlbuY24alSk
Exploitation of low-paid workers. Bezos should spend a week on the production/delivery line at one of his own warehouses. An obscene waste of packaging.,1,2023-11-09T13:22:01Z,QlbuY24alSk
"Same day delivery has been around longer than Amazon, it is very expensive, who is paying the real cost? If you think ""Free"" shipping is free, you are fooling yourself.",0,2023-11-09T12:07:05Z,QlbuY24alSk
"What we should worry about is the health of workers in this new program, the dysfunctional system that leads drivers to skip lunch and even bathroom breaks is sadly already in place and documented in the classical one.
Amazon have a philosophy that the driver or the worker only is liable for the delay, so don’t expect me to believe that’s not where they’re going to put the most stress on in these same day deliveries.",23,2023-11-09T08:08:29Z,QlbuY24alSk
"If you live in an apartment please don’t select the 4-8am delivery time. If we can’t access the lockers, we have to return to the warehouse. ALSO PLS PROVIDE A GATE CODE ❤",388,2023-11-09T06:35:52Z,QlbuY24alSk
I do amazon flex and often times they send 2-3 drivers to the same house which is really inefficient. They could easily give one driver those 3 packages.,29,2023-11-09T06:21:42Z,QlbuY24alSk
"As an Ex Amazon Employee, I can easily say that the faster they want to go, the more fatigue every employee will feel. I really think the Government should step in and make some rules about this Same-day Delivery thing like if it's not essential, there is no need for same-day delivery. that's why more accidents happen on the road because Drivers are forced to drive fast and deliver quickly",49,2023-11-09T05:53:07Z,QlbuY24alSk
"Whoever did the map at 1:17 should be fired. Detroit is in Sandusky, Ohio. Miami, Philly and NY aren’t even on land. Dallas is between actual Dallas and Houston. Denver is in Colorado Springs. Kansas City is in Joplin. St. Louis is in Illinois. I mean what a terrible map lol",1,2023-11-09T01:28:02Z,QlbuY24alSk
TARGET JUST OVER PRICE THATS WHY WALMART WILL BE ON TOP AND AMAZON,0,2023-11-09T01:06:24Z,QlbuY24alSk
they need to do something about the waste generated from all that packaging.  i order amazon products everyday and some of the packaging is incredibly wasteful,4,2023-11-09T00:47:34Z,QlbuY24alSk
The Amazon charm offensive right on schedule. In the midst of an antitrust lawsuit with the FTC.,0,2023-11-09T00:31:08Z,QlbuY24alSk
"As a former Amazon driver, worked for a DSP, I kept getting more and more packages to the point where it would be physically impossible to deliver them if I took my “obligated” 30 minute break (it’s obligated but you’re also told to take it while driving or while delivering) like imagine being given 200 packages and without including the time it takes to:
drive to address,  find adequate parking, turn off the car, take off seatbelt,  jump in back, search for package in a sea of 20 other packages in a big delivery bag, and then walk across yards (yes on grass, we all hate ppl that have signs to not step on grass, since it’s always the most direct route to your door) and walk back and get the car going again
Let’s say ALL of that took 3 minutes, that’s 10 hours of the same thing without including a bathroom break or time to decompress or relax your joints (try jumping off a 2 step height 200 times, it’s killer on knees and ankles)  or even eat in peace. People don’t realize that they don’t need more breaks, they need more workers, better pay to attract new workers and keep the ones they have, and strict limitations on how many deliveries they can do per day cause there’s no point of having an “obligated” hour long break (1 30 minute and 2 15 minutes) if the worker feels obligated to keep working through it in order to not fall behind and get written up 🤷🏻‍♂️",562,2023-11-08T23:41:17Z,QlbuY24alSk
"I've worked at Amazon, there are a bunch of terrible things about that company. I'd recommend trying to get anything elsewhere when possible.",2,2023-11-08T23:11:34Z,QlbuY24alSk
Prime Members ...want it today ... that will be an extra fee... I also recently got charged to return a package at ups drop off location. Have any of seen this ups charge. Remember all the money ups is forking to the workers coming from u and me 😂,0,2023-11-08T23:01:47Z,QlbuY24alSk
"🔥FREE RETURN is Amazon secret🔥
Without Free Return, Amazon is OVER🤏",0,2023-11-08T22:15:03Z,QlbuY24alSk
They ain’t going to talk about the Amazon Renton stabbing,2,2023-11-08T22:09:46Z,QlbuY24alSk
"Every day, we all create vast amounts of data just by using digital services. Surprisingly, we don't get paid for this contribution, even though it's our own labor. Instead, people like Jeff Bezos earn billions thanks to our data, buy 1241253 jets.But instead of this system, imagine if the government provided us with a digital ID. Our data could be stored on secure government servers, not by companies like Amazon. This setup could be transparent, allowing us to track who uses our data and for what purpose. With access to this data that willing people give consensually, the government could improve public services for everyone's benefit, from optimizing traffic light patterns to better managing work hours and resource distribution, all without the goal of personal profit but for the good of the public. Is that so hard to achieve?",0,2023-11-08T21:33:42Z,QlbuY24alSk
shipping rates are too fast and people need to relax. you don’t need amazon prime. i don’t have prime and delivery is usually 3-4 days. still really really fast.,6,2023-11-08T20:59:40Z,QlbuY24alSk
Amazon affiliates are moved to Walmart and Macy's to promote the product since Amazon slashed their commision. Amazon lost its army of free advertisers aka affiliates to its competitors. So it is very tough situation for amazon.,2,2023-11-08T20:43:42Z,QlbuY24alSk
Very interesting footage & reporting. I worry about the sorter/packer & the wage they earn for the work they do. Are the standards set my supervisor roles difficult to meet?,11,2023-11-08T20:22:47Z,QlbuY24alSk
"As an Amazon Flex driver, i've had occasions where the time stamp on a package (we get delivery by time on all packages) was ridiculous, where GPS said it would take me 20 minutes to get to the stop but the time stamp said I had to be there in 10 minutes or the package would be considered late. I would then get an email from amazon saying that, in effect, i need to do a better job at delivering packages on time. That creates a dangerous situation for drivers.",1874,2023-11-08T20:14:43Z,QlbuY24alSk
In Germany Amazon was faster in the past around 24h till delivery. Today the need 48h and it does not matter if u take premium or standard delivery….,0,2023-11-08T20:11:07Z,QlbuY24alSk
Hit like if you are not an Amazon Prime member,2,2023-11-08T19:56:00Z,QlbuY24alSk
"At least 1/2 of my same day delivery orders fail to get delivered on the same day, regardless of the countdown clock. I sort of understand if an order is delayed when I place the order ""within the next 45 minutes"". There is just no excuse for delayed orders when placed 6-8 hours before the cut-off time.

Edited to add: These same day deliveries are aslo the ones with the worst packaging and significant damage.",9,2023-11-08T19:54:36Z,QlbuY24alSk
"In a couple of years Amazon will be able to use their AI technology to determine what I want to order, that I won’t like the product and will want to return it for a refund. So, they will simultaneously invoice and credit me, and send the product directly to the landfill.",281,2023-11-08T19:48:38Z,QlbuY24alSk
Why anyone wants to be a “partner” with Amazon is beyond me. Amazon just wants to have an endless network of contractors that they can have outbid each other so they are always bottom feeders.,1,2023-11-08T18:39:38Z,QlbuY24alSk
"I would love to hate Amazon but last Sunday I ordered an OTC medicine at 11am it and was delivered at 3. Why should I go out in the rain, look for parking, stand on line to pay more, maybe they don't have it, and they're closed Sunday.",7,2023-11-08T18:35:56Z,QlbuY24alSk
"Let’s be real here. The person scanning the package and applying the yellow sticker 3:11… that job could really be done by a robot. 
Not a fan of jobs being stolen by robots but that just seemed so unnecessary to have a person scan each package and apply an automatically printed sticker.",3,2023-11-08T18:35:24Z,QlbuY24alSk
These workers be on tik tok live 😂,0,2023-11-08T17:52:38Z,QlbuY24alSk
"Remember the speed they are working at is 10x SLOWER than normal… 
This speed is only for public and media viewing!",10,2023-11-08T17:44:58Z,QlbuY24alSk
"This was fascinating!
I have been an amazon customer from its beginning and I am constantly amazed by how quick and professional their shipping and delivery is. In all of the years I have been buying from Amazon, I have never had an issue with anything. 
A loyal customer ⭐️⭐️⭐️⭐️⭐️",8,2023-11-08T17:14:42Z,QlbuY24alSk
I have amazon Prime and I can't even get 2 day shipping everything takes at least week,7,2023-11-08T16:45:42Z,QlbuY24alSk
Workers should form union for better work condition and salary in Amazon.,3,2023-11-08T16:42:46Z,QlbuY24alSk
"The other day, I ordered something from Amazon without Prime. I got free shipping, but it took 5 days to arrive..... ughhhhhhhhhh.....

Ughhhhhhhhhhh!!!!!!! 

I tried renewing my Prime subscription, but I’m using an old iPhone that is no longer supported properly, and the button to renew my Prime subscription is missing from the website. 

Ughhhhhh *(TANTRUM)* ughhhhh!!!!!

I hate waiting. What a waste of time!!!!!! Ughhhhhhhh 😢",0,2023-11-08T16:38:36Z,QlbuY24alSk
3: 20 What is 'dynamically happening'?  That's just corporate speak for our Associates are working non-stop so you can have your stuff faster 🙂,9,2023-11-08T15:36:20Z,QlbuY24alSk
"Honestly the delivery speed is not as important as avoiding ""late stage capitalism"" -- for the last two weeks I think they've been experimenting using residents in my community for last-1000-feet delivery, with many packages being ""misdelivered"" in systemic fashion including a whole bin of packages being dropped off at a corner store on the assumption that random strangers would do the right thing. Actually getting each one of these instances resolved was a mess of dealing with chatbots that misdirected me to the manufacturer, etc.

My experience with Target and Walmart have been great so far and I'm trying to give them business whenever possible instead of Amazon.",11,2023-11-08T15:30:03Z,QlbuY24alSk
"Why did this presentation talk to Amazon customer, if they had done so, it would have been balanced because many customers are not even getting time shipments on time.",1,2023-11-08T15:24:13Z,QlbuY24alSk
"@wsj - Another key point not covered in this article: when I was choosing CPAP supplies sold by multiple vendors, I ended up choosing the items with a ""SAME DAY DELIVERY"" banner. It truly amazed me that I ended up getting the exact filters I needed within 5 hours (in San Diego). I'm saying that those availability banners on certain items help to drive more traffic to the local fulfillment centers.",29,2023-11-08T15:20:20Z,QlbuY24alSk
"no, Target store can not be like an Amazon FC. i just ordered 3 Waterpik dental flossers last week for the store pickup in Bellingham, WA... when the ready to pickup Target email showed up, sure under 2 hours... i went there.. 1st associate told me all 3 items were out and NA, then i checked with 2nd associate, 1 out of 3 were out, they refunded the rest.. if i knew that i would not buy it at all.. Target wasnt chutzpah enough to tell me by in advanced. maybe this is their business model to get you into the store",7,2023-11-08T15:17:24Z,QlbuY24alSk
Amazon drivers should be getting paid more i always see drivers Sprint  running 🏃🏻‍♂️,0,2026-02-13T18:23:04Z,Va4IeSOJI8w
Please dear god I need a job.,0,2026-02-11T03:23:05Z,Va4IeSOJI8w
F*** that slave job,0,2026-01-16T21:19:14Z,Va4IeSOJI8w
"Yesterday was my first day, I drove alone and made 56 stops, no break time 😊

Now i’m super tired 😂",0,2026-01-09T14:07:43Z,Va4IeSOJI8w
"Whether you like this job or not depends entirely on the DSP and the area you’re assigned to. Some DSPs are short-staffed, which means the drivers they do have get overloaded with work, and some areas are an absolute nightmare to drive in.",0,2026-01-06T23:27:21Z,Va4IeSOJI8w
I worked as a Driver for two months. I hated it!!,0,2026-01-04T17:59:38Z,Va4IeSOJI8w
Hey yall. I have a question. I actually just started working as a DA this Christmas week of 2025. they say is peak season so that’s why we’ve been having this very long routes but after january is gonna get a lot easier. Is this true or is it BS because reading these comments it seems they’re giving these long ass routes all year long,0,2025-12-24T06:31:12Z,Va4IeSOJI8w
"Its a very hard work,I wonder how he found time for the lunch,I get worried to not be behind when a do restroom stop 😎At the end of the day your legs and all muscles hurt.Even days off don’t help to recover to the fullest.",0,2025-12-22T02:45:46Z,Va4IeSOJI8w
"Well, guess this is what I'll be looking forward to when I start my ADD job.",0,2025-11-23T00:45:52Z,Va4IeSOJI8w
"Dude, you can get fired for making these videos...I'm sure you don't care about getting fired from Amazon...",0,2025-11-22T00:33:27Z,Va4IeSOJI8w
Do Amazon pay good?,0,2025-11-10T21:57:02Z,Va4IeSOJI8w
Yes Chris I want to thank you 😊 and all the Amazon employees that work and do what they do everyday to ensure customers get their packages. 📦 ❤,0,2025-10-16T12:03:07Z,Va4IeSOJI8w
"through mars recruiting serbia i need to start doing delivery with a van for amazon...i think it is through dpd....accommodation is about 400 eur and is shared with one person, salary about 1800 off season and about 2400 eur in season....i know there are companies that give a much higher regular salary and off season...the work location is the southern or central part of germany...is it possible to survive with this money there?",0,2025-10-12T10:44:36Z,Va4IeSOJI8w
Thank you but I personally used to eat before  i started or after i finish. That way i end up finishing my parcels in 2 hours instead of the 4 hours.,0,2025-10-07T11:52:54Z,Va4IeSOJI8w
"I heard that some dsp doesn't pay  workers, it happens a lot?",0,2025-10-04T22:04:21Z,Va4IeSOJI8w
"start in the morning, finish when its pitch black. sounds like a shit job for probably shit pay",0,2025-10-02T02:27:10Z,Va4IeSOJI8w
I gate amazon,0,2025-09-23T04:50:59Z,Va4IeSOJI8w
The one thing idk how you do it is being able to take a break to go to a fast food and eat. I have to bring my own food because if I step out of my route to go eat I don't finish on time.😅,0,2025-09-08T20:20:24Z,Va4IeSOJI8w
They said that before there shifts they would have a major day to day Briefings and then would be given a bag with all the work devices. Then they said you only get 3 minutes to go fast quickly inspect the van for damages so forth and anything over 3 minutes your fired terminated. Then after inspection of the Van they make the Drivers Load there Vans by there selves with NO help at all and mentioned everything's gotta be extremely neat & organized so that the drivers can find people's packages easier while out on there driving routes. Also if they dont load the vans in a certain amount of time there fired terminated. talk about NUTS If any car Amazon van accidents occurs even if NOT at fault your terminated fired. They said if or by at the end of the shifts if the vans got a ton or lots of undelivered packages 📦 then they cut your work hours down. Amazon also likes to yell at people alot ive been told informed. High demands stressful and its also a extrene of a day to daily work out exercise literally like juggling around up to 200 to 400 packages each and everyday. I walked away before getting hired abaord due to the over demands.,0,2025-09-02T01:23:45Z,Va4IeSOJI8w
Ok I need someone working for them to answer my questions I ordered a package and instead of leaving it at my door they literally said “DoOR nOt AcCessAblE” and just gave up ( my door is literally right out in the open),0,2025-08-31T02:42:33Z,Va4IeSOJI8w
This amazon delivery driver actually saw Mr beast burgers,1,2025-08-25T13:19:51Z,Va4IeSOJI8w
"What's the top 3 things you don't like for an amazon driver, and what top 3 you like?",0,2025-08-22T08:55:50Z,Va4IeSOJI8w
HE IS PRIDE BE SLAVE IN TAX PAYER IN THE USA THE CORPORATION  🎉,0,2025-08-20T07:34:42Z,Va4IeSOJI8w
I work for Amazon last year for only 3 months. During the time I was working their I was sick and I had no idea I called off for 2 days then they suspended me then my first day back they terminated me they said I would wear my seat belt at each stop and I rolll3d and stop some stop signs which I dint remember I want to get one more chance so this time I can so things right,1,2025-08-16T21:13:43Z,Va4IeSOJI8w
"Where do you apply for a job like this? Is it an Amazon DSP or is it another Amazon delivery service? Do you work for Amazon or are you affiliated with another company? Do you get benefits? And are you days like, 4 on 3 off or what??",0,2025-08-14T17:49:03Z,Va4IeSOJI8w
How is the pay?,0,2025-08-06T13:21:46Z,Va4IeSOJI8w
I’m thinking about working as a driver is it worth it??,0,2025-08-05T23:14:48Z,Va4IeSOJI8w
For all u deliver that pay isn’t enough in my book,0,2025-08-03T14:44:27Z,Va4IeSOJI8w
"There was just something about this job that made me so angry, lol.  Like, the job is straightforward.  It's just unbearable.",0,2025-08-01T11:41:46Z,Va4IeSOJI8w
You look very tired.  Like that job is taking the best of you.,0,2025-08-01T05:06:46Z,Va4IeSOJI8w
"If I was a driver, I’ll be so mad about how messy the warehouse workers are with the packages in the bag lol",0,2025-07-31T05:24:54Z,Va4IeSOJI8w
We don't have time for breaks any more,0,2025-07-30T13:13:31Z,Va4IeSOJI8w
How many hours was that ? Amazon pay you any single minute ?,0,2025-07-26T03:44:31Z,Va4IeSOJI8w
Thank you for delivering our packages. They need to pay you guys more too. 👍,67,2025-07-24T18:15:40Z,Va4IeSOJI8w
Love hard working honest people. Thankful for truck drivers and delivery workers!,18,2025-07-21T23:39:20Z,Va4IeSOJI8w
"Amazon workers are the equivalent to co mine workers, tough MF’s!",1,2025-07-21T19:57:50Z,Va4IeSOJI8w
i like when you get apartments with 50 locations and amazon counts that as 1 stop. I hate amasuc,0,2025-07-17T05:24:38Z,Va4IeSOJI8w
You delivering like there’s no hard work but it is a hard work,0,2025-07-13T03:02:49Z,Va4IeSOJI8w
Why do Amazon drivers sometimes leave the totes outside my house it looks like those are not supposed to be kept by consumers.,0,2025-07-07T21:04:26Z,Va4IeSOJI8w
What a shithole woke ass company.  Its the job between jobs.  Thats it!  If u think its a career... u need to do better.,0,2025-07-04T02:59:48Z,Va4IeSOJI8w
Day in the life of being broke and overworked,3,2025-07-03T22:30:11Z,Va4IeSOJI8w
Keep working hard boss. God bless you in Jesus name 🙏🏼,0,2025-06-29T10:31:59Z,Va4IeSOJI8w
What are your hours?,0,2025-06-29T08:56:13Z,Va4IeSOJI8w
My dsp doesn’t allow lunch breaks. If you consistently take them they’ll make sure you have no time for lunch by adding multistops. You must be at a very good dsp.,1,2025-06-28T14:37:39Z,Va4IeSOJI8w
The job suck I know cuz i do the same  job...,0,2025-06-27T15:09:20Z,Va4IeSOJI8w
"Broooo, I was averaging 400 packages on the daily… I had to quit that ish, it’s not worth it whatsoever",0,2025-06-27T01:43:47Z,Va4IeSOJI8w
I did Amazon 2 years and I recently quit b/c Amazon metrics made you feel like a poor person that doesn’t have a voice …and if u believe that u can’t do better then Amazon ..that’s like u saying I’m okay with being slave for shitty ppl,0,2025-06-26T05:23:53Z,Va4IeSOJI8w
What a shitty job. Good reminder to not get stuck on the sex offender registry.,0,2025-06-21T03:08:08Z,Va4IeSOJI8w
"Just wondering, is there good money in delivering for Amazon?",0,2025-06-21T01:50:33Z,Va4IeSOJI8w
"do you not get to drive the van home? I've seen people park their DPD vans at their house. like, they use it as their main car even outside of work.",0,2025-06-20T22:36:33Z,Va4IeSOJI8w
so the complaint are mainly because of management? if you’re getting hourly pay i don’t see the issue with working 9-12 hour shifts long as you’re getting paid. that’s what you’re there for right? seems like a good job and being alone sounds dope,0,2025-06-16T17:14:43Z,Va4IeSOJI8w
"Aye Great video — really solid info and very realistic breakdown of what it’s like out there. You covered a lot of details that new DSP drivers don’t usually hear about until they’re on the road. Appreciate you taking the time to share your experience and keep it real.

Quick question: are you still delivering these days or have you moved on? Would be great to hear how things are going for you now!",0,2025-06-13T04:54:10Z,Va4IeSOJI8w
Good job taking a break to refuel. Keep adding to the safe working days!,7,2025-06-10T18:16:28Z,Va4IeSOJI8w
vehicle inspection = walk around for 10 seconds to make sure your hazards work,224,2025-06-09T21:42:28Z,Va4IeSOJI8w
Hard work for sure,0,2025-06-08T22:08:07Z,Va4IeSOJI8w
"My everyday motto as an ex Amazon driver was “ Another day, Another rescue towards me” 🤣",22,2025-06-07T04:27:19Z,Va4IeSOJI8w
I feel like as a driver myself. You should screenshot and show people. How many stops it says and how many locations it says. People are showed on understanding how many locations we have. Which listen to perspective amazon thinks we can do thirty five stops An hour,0,2025-06-01T22:27:11Z,Va4IeSOJI8w
"After the lunch break, he was behind 2hrs",148,2025-05-31T14:20:29Z,Va4IeSOJI8w
"I did that job ,one of the worst jobs ever in all my life , my respect for delivery drivers ❤.",1,2025-05-27T17:48:34Z,Va4IeSOJI8w
😭damn I’m glad I work for a great dsp cause these stories yall telling are crazy I’ve never dealt with any other that in the past 3 years,0,2025-05-23T00:21:49Z,Va4IeSOJI8w
So it's not a bad job then? I'm 59 and looking for a new job.  Been a housekeeper for too many years,0,2025-05-18T02:51:03Z,Va4IeSOJI8w
My job doesn’t take breaks or else you’ll be behind is that illegal or ?? Everybody just acts like it’s normal,1,2025-05-15T00:28:27Z,Va4IeSOJI8w
"Fuck amazon, I’ve been rank #3 out of 250 drivers for awhile. No recognition whatsoever from my boss EVER! I’ve delivered over 60,000 packages like a boss! But where does that get me? I get the most difficult routes and I work like a dog and get bit by dogs for absolutely a shitty paycheck. Fuck this stupid job",1,2025-05-13T23:50:23Z,Va4IeSOJI8w
Im getting ready to quit so i started chucking packages to doors from the van like a drive by,0,2025-05-13T04:00:59Z,Va4IeSOJI8w
"Worst job You can ever have. You make all the deliveries. They still want You to do more than normal. 

They Will make traps in the system, they crash it on purpose. So You cannot finish your delivery. They Will give You a fake rating system.",0,2025-05-11T23:59:45Z,Va4IeSOJI8w
I also appreciate the amazon drivers but they are very micro managed and underpaid. This whole UPS contract faul out deal should get them a raise.,0,2025-05-09T23:16:26Z,Va4IeSOJI8w
As a flex driver I make 117.5 $ in 3hrs 7 days a week in LA comes out to 822$ a week with option to make more after gas 100$ a week I make about 700$ but I only work 3 hrs a day not 4 10 hr shifts,4,2025-04-26T21:42:15Z,Va4IeSOJI8w
"As the #1 DSP software used by top-performing Amazon DSPs, we're here for this!",0,2025-04-24T20:29:50Z,Va4IeSOJI8w
You are a great person. Everything is gonna work out for you. Keep up the good work,0,2025-03-14T03:58:09Z,Va4IeSOJI8w
And only make $16.50 is complete madness. Amazon has to do better.,0,2025-03-01T20:04:20Z,Va4IeSOJI8w
the amazon building looks like the squid game  van meetup,0,2025-02-03T17:54:51Z,Va4IeSOJI8w
when on your lunch break. Can you take your van to buy food?,0,2025-02-03T00:06:06Z,Va4IeSOJI8w
Come to work at 3 am work until midnight.  Your commute home is an hour each way.  That gives you PLENTY of time to do whatever you need in one hour bed going back to work 🫶🏽,1,2025-02-02T21:50:06Z,Va4IeSOJI8w
"As someone who works with amazon/dsp. Higher stops per address or apartments, many have a mailroom or leasing office can we just go to those instead of door to door? Some of those apartments are restricted access or will take forever to do those stops by floor. Personally, I'm not going to run because I'll just burn myself out faster, but how do you other drivers go about it?
Being fast does mean your doing it right either. I'd rather be slow and do each stop right without bad customer feedback.",1,2025-01-19T02:51:42Z,Va4IeSOJI8w
"Hated working for Amazon as a driver. To many f packages that they  don't equally distribute  to employees. I couldnt even walk through van.The best drivers get the most work. If your cool with the supervisors you get the best routes. Everyone for themselves in that place. They say, Be careful out on the road, but hurry and get all packages out before time 🏃‍♀️ out and through all types of weather. Don't f up and get stuck in mud automatically suspended interrogated or fired 😂 . No one's happy there f miserable",0,2025-01-13T16:24:41Z,Va4IeSOJI8w
"Hi, guys. My dad's English is not great,  and he has an interview next week. What do you think about that? Is it hard for him, or he doesn't need good English to do this job, even though he is an Uber Eat driver",0,2025-01-11T01:55:16Z,Va4IeSOJI8w
"Dude actually took his lunch break?? I worked for a DSP in Massachusetts for two years before we all got to work one morning and told us we didn’t have jobs anymore and to go home. it was always 170-200 stops a day.. then in peak they’d just “group stop” at least a 1/3 of them.. houses weren’t even near each other sometimes.. if I took any of my “breaks” no way I’d finish on time, and then they dock you for that as well, not to mention running
The mentor app which is a total scam to make your pay less",2,2024-12-27T02:33:55Z,Va4IeSOJI8w
F this job,0,2024-12-25T23:04:08Z,Va4IeSOJI8w
Amazon isn’t for the weak that shi is annoying and hard they push especially new hires,0,2024-12-23T21:10:07Z,Va4IeSOJI8w
"Wow, you actually get the ability to sit down and eat lunch. My lunch breaks are in between stops in the van",12,2024-12-05T15:36:45Z,Va4IeSOJI8w
Damn man you work hella fast,0,2024-12-03T14:19:03Z,Va4IeSOJI8w
"Getting ready to start doing this , need a better job I currently work in a warehouse making not that much",0,2024-11-27T13:14:08Z,Va4IeSOJI8w
How many hours you work daily and how many days??? Also you are in new york?,0,2024-11-23T14:09:10Z,Va4IeSOJI8w
"Get a trades job!!!
Don’t have to drive a lot each day and pay Lott better and good benefits…
Wake up Chris!!!",0,2024-11-21T02:44:25Z,Va4IeSOJI8w
I did this job and I honestly can say it's hard freaking work. Thanks for doing the job I won't do,1,2024-11-15T16:28:17Z,Va4IeSOJI8w
Hope you thank the lord Jesus for everyday of work man bless you,0,2024-11-15T05:01:57Z,Va4IeSOJI8w
This is crazy because I’ve never seen Amazon delivery reels until today. It just so happens my first day is this Friday!!,0,2024-11-13T08:55:44Z,Va4IeSOJI8w
How much money you make delivering for amazon? Is it a good money?,0,2024-11-09T16:39:27Z,Va4IeSOJI8w
What’s the hours,0,2024-11-03T07:38:27Z,Va4IeSOJI8w
"Brother I love how smooth your workflow is, but you GOTTA start cramming empty, flattened totes into another empty tote. Makes the cleanup so much faster since you're doing it throughout the day instead of all at once at the end of the night.",0,2024-11-01T09:24:50Z,Va4IeSOJI8w
The only thing that stops me from being an Amazon delivery driver are the apartments,0,2024-10-28T18:15:53Z,Va4IeSOJI8w
I’ve never seen a delivery company dog their vans out as bad as Amazon😂😂😂😂😂. Amazon driver pulled up with his side door crushed in 😂😂. I couldn’t stop laughing,11,2024-10-25T09:29:07Z,Va4IeSOJI8w
Sounds like a very easy job,0,2024-10-19T00:47:05Z,Va4IeSOJI8w
The biggest bunch of maggot liars I ever met were Amazon dsp scumbaggs of thee highest degree.,0,2024-10-18T17:01:38Z,Va4IeSOJI8w
"I am suprised at the low number of packages, thought it would be like 10x more, but 48 for an 8h shift sounds super chill (compared to 100 calls with angry customers asking where their package is lol).",1,2024-10-14T15:54:56Z,Va4IeSOJI8w
How much do you get paid and how many stops from amaerican amazon. And how long does it take you?,1,2024-10-13T23:21:14Z,Va4IeSOJI8w
"😂 People, what you see in this video is pure propaganda😂 160-200 customers a day, 250-300 packages, work 10 hours or more, breaks while driving, cars in a terrible condition, scanners in a terrible condition, no access to a toilet on Amazon's base. We work 10 hours and get paid for 8 hours. Amazon has destroyed the courier's work ethic. Exploitation, they hire companies with a share capital of 25 thousand euros, and they rob drivers as much as they can.😢",0,2024-10-10T14:19:23Z,Va4IeSOJI8w
The worst goddamn job fuck that shit,0,2024-10-07T07:30:16Z,Va4IeSOJI8w
How you can delivery all those packages ? I do amazon flex and a block of 5h with 48 stops kills me,1,2024-09-26T22:53:05Z,Va4IeSOJI8w
"I used to love/hate managing DSPs.  I met some great people, but the whole system is about high turnover and burning people out and letting contractors handle the mess.  The algorithm will give you more and more stops and cap you at 190 or even more, and then AMZL brilliantly took advantage of “Group Stops” where a growing chunk of those 190 stops are group stops with 2 to 4 adjacent adressses.  So 270-400 addresses in a 10 hour day.  Congrats on the network-wide raise for drivers, though!    Well deserved.",58,2024-09-26T07:57:43Z,Va4IeSOJI8w
9 am - 6 pm for 30 stops? That’s light work Post Office expects 20 packages delivered PER HOUR,1,2024-09-25T07:08:24Z,Va4IeSOJI8w
Apartments are easy because most have Amazon lockers to place the packages in instead of driving to each apartment buildings 1 by 1.,1,2024-09-15T18:10:20Z,Va4IeSOJI8w
And all this for what payment ?,0,2024-09-09T17:54:21Z,Va4IeSOJI8w
"All I hear is complaints form Amazon drivers yet haven't heard any complaints from USPS drivers and they drive old ass 1960's army mini van trucks with old tech and no AC!  They carrying that heavy ass mail back all around on every stop, go back to the truck and have to deliver big ass packages carrying them all the way to the residence without a dolly or carriage. Yet these Amazon crybabies having AC, new trucks/Electric dropping small packages, no education required and can't stop bytchin!   lol....",0,2024-09-02T08:23:31Z,Va4IeSOJI8w
Last option as a job,0,2024-08-27T08:15:35Z,Va4IeSOJI8w
Tough job,0,2024-08-25T20:36:55Z,Va4IeSOJI8w
How’s it feel to work as a slave for a company that will fire you without notice?,0,2024-08-23T13:41:25Z,Va4IeSOJI8w
i got the job im gonna be start on the 28th im nervous,0,2024-08-20T08:02:08Z,Va4IeSOJI8w
But whats the pay?,0,2024-08-18T05:04:12Z,Va4IeSOJI8w
"Scan the van to make sure vehicle is safe, as per the last driver who “inspected” it and isn’t a mechanic. Then, if something is wrong don’t report it, tell ur manager, they’ll take your key and give it to another driver to do the process all over again and if they don’t catch anything then they take the van. They don’t care. They only care about delivering packages. Not safety",28,2024-08-13T01:45:03Z,Va4IeSOJI8w
Your total work time is about 12 hours from 10am to 10 pm😢,2,2024-08-11T22:33:18Z,Va4IeSOJI8w
Just had my first day in southern oregon at a new facility! That first one is a DOSEY 😅 Keep up the great work man 🤙🏾,0,2024-08-06T04:14:00Z,Va4IeSOJI8w
Thank you for working so hard. Absolute unit.,5,2024-07-31T04:37:27Z,Va4IeSOJI8w
Hehe I quit already but still want to see this video,2,2024-07-23T21:08:52Z,Va4IeSOJI8w
Stop working for Amazon DSPs. They don’t like GODs spirit. They’re an evil business. A lot of DSP owners are criminals with good credit.,0,2024-07-14T19:32:09Z,Va4IeSOJI8w
I'm convinced this is all Amazon paid propaganda,0,2024-06-19T02:10:44Z,Va4IeSOJI8w
easy route. i did a ride along with a driver last year and he had 203 houses to go to. took us all day to complete it. thats alot of work,7,2024-06-12T22:52:38Z,Va4IeSOJI8w
I see u worked for FedEx nd now amazon in ur opinion what better bc I’m thinkin of switching up,0,2024-03-26T21:58:21Z,Va4IeSOJI8w
"No sense about making videos about Amazon drivers. Large portion of these drivers don’t deliver to the right address and they don’t deliver up to 10 pm like they claim. False advertisement from Amazon. The fact that Amazon doesn’t even have a human voice for our questions, makes me really question the integrity of this company.",0,2024-02-03T23:39:44Z,Va4IeSOJI8w
"Are you able to explain to us about the new incentives that Amazon offers......

Not with the DSP offers Amazon I understand Amazon is not associated with the DSPs and that is contracted


We are terminal is 3 months in, Tallahassee Florida, But when you go to updates and the Amazon flex app we've been noticing all the incentives they've been adding, the Alexa $5 per, The Christmas party we had last week that was actually amazing, All the snacks the Amazon purchases for the DSPs to hand out to the drivers each and every day, and maybe just some of the things that I do not mention that Amazon offers just being a representative of Amazon not necessarily working for them",0,2024-01-01T16:00:11Z,Va4IeSOJI8w
In my experience blacks and Latinos are the best suited for this job. They think it’s great.,0,2023-11-21T06:33:04Z,Va4IeSOJI8w
work at the delivery station as rts associate😊,0,2023-11-20T05:04:01Z,Va4IeSOJI8w
"from 10:00 to 21:00 you working 
if you are in your home  its time too late night 22:00! 
i had this job and not best job!",3,2023-11-05T19:24:15Z,Va4IeSOJI8w
Dude I’ve always wondered how that system worked. Thatnks for showing us. Well at least Amazon drivers have air conditioning. Ups and fed ex needs to get new vehicles,1,2023-09-13T09:56:12Z,Va4IeSOJI8w
Dude I’ve always wondered how that system worked. Thatnks for showing us,1,2023-09-13T09:54:49Z,Va4IeSOJI8w
I would enjoy that job,0,2023-09-10T01:51:17Z,Va4IeSOJI8w
Yooo lmaoooooo I didn't know u had a youtube we worked together in South Kearny and also did step van training together !,8,2023-08-21T16:04:42Z,Va4IeSOJI8w
We're you get the Amazon Hoodia 🤔,0,2023-08-15T22:35:19Z,Va4IeSOJI8w
Can an 18 year old like myself work as a van driver for amazon like you?,0,2023-07-27T14:02:01Z,Va4IeSOJI8w
When I worked at Amazon I had 230 package a day how do u only have 49,0,2023-07-26T21:59:51Z,Va4IeSOJI8w
I heard amazon treats their employees like crap. Are you allowed to make stops between deliveries?,1,2023-07-22T01:29:14Z,Va4IeSOJI8w
"I'm just worried about lunch, I'm a fairly fast driver/walker and in shape. New job, and I'm used to working 60-80 hr at retail. Hope this jobs good enough for a couple years",1,2023-07-09T02:39:39Z,Va4IeSOJI8w
this video is useless literally everyone in every country has driven for amazon at some point and then we quit after like 2 days,1,2023-07-05T13:22:00Z,Va4IeSOJI8w
"How bout those lazy asses that leave those totes laying around all over the city ? lol As a UPS driver myself we scoop em up and use them , Great work bro!",2,2023-06-30T19:47:55Z,Va4IeSOJI8w
How much pay for hour)>,0,2023-04-15T08:03:36Z,Va4IeSOJI8w
"I just wanna thank all you amazon drivers, half the stuff i buy these days I wouldn't be able to find in the store😂😂",56,2023-03-30T04:04:41Z,Va4IeSOJI8w
Im a delivery driver for amazon as well. Im shocked that they give you breaks i wish i could say the same😅,18,2023-03-25T19:56:38Z,Va4IeSOJI8w
Awesome 😎 great job!! I have no idea that is possible to finish all those packages in one day! Mi been thinking for other types of income this one looks pretty good! I enjoy driving a lot!!! Thank you for sharing!!peace!,2,2023-03-12T17:24:56Z,Va4IeSOJI8w
Wow how many hours did you work it got dark on you,2,2023-03-06T03:54:06Z,Va4IeSOJI8w
It is not worth it the pay is bad they need to pay the driver more they pay better in UPS and FedEx but harder work,1,2023-02-25T16:40:27Z,Va4IeSOJI8w
F amazon. Not you thought,1,2023-02-18T17:17:08Z,Va4IeSOJI8w
"🗣CAP!
he said he went on lunch...we all know that's straight cap!....you don't get no lunch working at Amazon 😆 you don't even get bathroom breaks.",62,2023-02-09T21:40:48Z,Va4IeSOJI8w
"2 things. This didn’t require recording yourself working for content, no one gives a fuck. Lastly, I did that job for a week and quiiiiiittt",0,2023-02-09T06:32:10Z,Va4IeSOJI8w
I use to work as a amazon delivery boy in India 🇮🇳 per packet for delivery i got only ₹15 i wanna know how much do you get per delivery could u explain please,0,2023-02-09T01:18:23Z,Va4IeSOJI8w
I leave the totes on the street 😒😒. They don’t pay me enough to bring them back and I drive a god damn step van 😑,3,2023-01-31T13:56:58Z,Va4IeSOJI8w
Bruh I’m an Amazon delivery driver as well in FL I avg 160-190 stops 5 days a week you walking on this video making it look easy……I Don’t Even Take Lunch🤣🤣🤣🤣,1,2023-01-29T03:47:49Z,Va4IeSOJI8w
Don't you have to do your vehicle inspection at the end of the shift as well? And then return your baggies?,6,2023-01-22T03:10:01Z,Va4IeSOJI8w
Must be nice to be able to take a break🥹 what time do you start?,0,2023-01-16T22:03:17Z,Va4IeSOJI8w
Got a job at Amazon dsp a month ago as a driver fresh no experience at all just got promoted to dispatch,1,2023-01-16T03:37:16Z,Va4IeSOJI8w
got everything right except for the break 😭,6,2023-01-15T21:24:38Z,Va4IeSOJI8w
"How many Chris's were in the frame when pulling in the warehouse?.... Do you know?...
Hehehehe",0,2022-12-30T15:03:05Z,Va4IeSOJI8w
My contractor w fed ex pays me a salary of 1200 a week. I get in at 7:30 and leave the station by 3pm the latest. Peak season I wasn’t leaving until 6 or so. But I make OT once I hit over 40hrs for the week,9,2022-12-28T00:03:21Z,Va4IeSOJI8w
Thank you for delivering our packages man I appreciate amazon and the guys on the ground,1667,2022-12-26T06:36:24Z,Va4IeSOJI8w
"Over 200 location in 5,5 hours.",0,2022-12-20T14:02:01Z,Va4IeSOJI8w
Why you quit FedEx,1,2022-12-13T13:14:04Z,Va4IeSOJI8w
"Sheeesh, so how’s the pay 💰 difference between Amazon & FedEx. I feel you made more with FedEx but I maybe 🤔 wrong. Stay safe out there",7,2022-12-13T01:34:46Z,Va4IeSOJI8w
Bro u need some explaining I thought u weren't allowed to come back and I thought Amazon delivery was a bad job please do another vid😅 but I'm glad to see u back on yt👍🏽👍🏽👍🏽,46,2022-12-12T23:32:49Z,Va4IeSOJI8w
"Yea, well. This is absolute lie.
I worked for them, I had over 380 stops to do. You have no time to fck around making videos lol. Forget eating in Mcdonalds and things like that. Absolute lie.",0,2022-12-12T21:42:42Z,Va4IeSOJI8w
"I worked shipping at a smaller warehouse and have some really funny stories, met some great people and had fun doing it. 😊 Ok, first funny stuff, in slow days, we would have ""warehouse Olympics"" 😂 high jump, long jump, running and the forklift coin flip 😅 another fun story was this one customer wanted everything packed as a single item, one time he wanted a gas can nozzle all by itself, FFS ok dude you got it 😁 another customer wanted everything shipped on the Greyhound bus so one time he ordered a trash pump and engine, the whole thing weighed almost 100 lbs and Greyhound ships by weight, the bill was about 135 bucks if I remember 😆",0,2026-01-18T20:59:43Z,_nm1Yb8sxxY
How do you track every product on warehouse ?? Is there any software that help to do that??? Or everything manually,0,2025-12-24T14:41:27Z,_nm1Yb8sxxY
"mannn im certified on all 5 machines at my job and i still gotta unload floor-loaded containers sometimes. if all you do is drive lift all day, your hands not baby soft but they're softer than mine lemme tell ya",0,2025-11-29T01:16:54Z,_nm1Yb8sxxY
"I worked in warehousing for 8 years. I met some good people, but overall it's just slavery. Glad I went for a career change",69,2025-10-23T06:07:12Z,_nm1Yb8sxxY
I need job can you help me I'm from  India,1,2025-10-09T04:08:32Z,_nm1Yb8sxxY
"About My Dad:
I am helping my father find a good job abroad. He has 20+ years of management experience (school principal, real estate, travel agency founder) and is now looking for a role such as warehouse/logistics supervisor or inventory control supervisor. He is skilled in team leadership, scheduling, and operations. Kindly guide or help us with opportunities. 🙏 If anyone genuine can guide, please reply and I’ll share his CV",2,2025-09-17T16:55:03Z,_nm1Yb8sxxY
Work hard,3,2025-07-17T12:00:32Z,_nm1Yb8sxxY
Recommendation : masseuse every payday🤣,2,2025-06-03T18:10:56Z,_nm1Yb8sxxY
I want a job anyone help me?,2,2025-05-29T14:44:42Z,_nm1Yb8sxxY
"For a warehouse job in Poland, do Indian workers need a seasonal work permit or a Type D work permit ?? 

Our consultancy told me that after working in Poland for 9 months, you can extend your seasonal work permit by paying 220 zloty one month before it expires.

Actually, I want to continue working in Poland ??",3,2025-05-15T14:01:19Z,_nm1Yb8sxxY
What's the phone number to call for the job,0,2025-05-04T13:35:47Z,_nm1Yb8sxxY
How can i apply for warehouse,1,2025-04-29T20:18:05Z,_nm1Yb8sxxY
I’m fresh out of high school and I sent my resume in for a warehouse attendant job and they said they will ignore anyone who don’t meet the requirements but I got a call it come in for a interview 🙏😭 I have no experience at all with any of this what do I do,62,2025-04-23T21:07:16Z,_nm1Yb8sxxY
I worked as a construction worker for 120$ 11 hours I rather work here,0,2025-04-22T13:48:17Z,_nm1Yb8sxxY
Bro how to get warehouse job i am in india,2,2025-04-19T08:13:46Z,_nm1Yb8sxxY
"Never work at a Warehouse.
It's absolute hell
Edit: the physical labor of warehouse wage slavery is absolute torment, it's seriously not even worth it not one bit. I say that by experience.
Edit 2: You can work in a warehouse, it mostly depends on what Your role is specifically there. If you're a pallet builder, then Quit on the spot.",31,2025-04-13T02:29:54Z,_nm1Yb8sxxY
Hello sir I am from India i need Job in australia please help how to find Wearhouse Job please help,6,2025-04-09T12:51:14Z,_nm1Yb8sxxY
"My name is Ajay Masih 
I am currently live in Kuwait 
I have two years experience in this field 
I need a job foreign country",0,2025-04-04T04:03:36Z,_nm1Yb8sxxY
I need job,4,2025-02-27T04:43:56Z,_nm1Yb8sxxY
Oh forget that job for me,0,2025-02-18T16:29:35Z,_nm1Yb8sxxY
"I got my forklift certification, and my back still hurts also right foot you gently pushing the pedal, requires that leg to be always tens so one of my legs hurt and I limp sometimes from pain😂 also you have to check everything so you don’t break anything so you just putting your head in not normal positions, so the neck is always in pain and the hand you steer with 😂😂😂😂 now that one hell of a shoulder pain.",118,2025-02-12T20:59:18Z,_nm1Yb8sxxY
"When I drive by and look at the our local Amazon warehouse building, it always makes me a nausea. It’s like prison, but you’re just getting paid for it.",1,2025-12-22T20:43:31Z,aMY5pQeGIE8
Did you ever stow big boxes out of a hopper or rack and put the boxes into a stow bag or RACK? This what you did seems easier though,0,2025-09-03T16:58:10Z,aMY5pQeGIE8
"I seen a pothead recently high school graduate get promoted to P.A., circumventing ambassador program & college degree. Guys are mostly doing the physical hard labor, which i did & a ambassador. Some days i was really cramping up painfullly i had to stop working immediately, then managers yelling at you to get back to work while they’re chatting away doing nothing on their laptops; laughing at you because you sound like girl on her period, which they say in front of there entourage. You shouldn’t work harder than your boss if you're getting treated like this.",0,2025-04-17T13:09:14Z,aMY5pQeGIE8
The rate in our site is 12 seconds (300 UPH) and it's easy to hit that rate,0,2025-02-11T17:21:51Z,aMY5pQeGIE8
"Yeah if you quit after 2 days that's crazy weak. It's an EASY job
 Especially your first 2 days lol
Roflmao
They have 70 year olds who can handle this job",2,2025-02-11T17:17:55Z,aMY5pQeGIE8
So you literally bitched out of a job after two days. Jesus,0,2022-01-26T09:45:17Z,aMY5pQeGIE8
"Finished my second day I hate how long the shifts are it’s really inhumane 10 hrs 30 minutes standing on your feet isn’t normal, number 2 the managers don’t do anything!!! They stand which some might say at least they’re not sitting down too which is true but at least they don’t have to bend down every 5 seconds I can’t do this anymore especially for 15.50 an hr",13,2022-01-18T07:52:39Z,aMY5pQeGIE8
All these Amazon warehouses is the same they dont care about you at all it's very segregated gender race and orientation Im in picking planning on quitting this week I've had to go to the emergency that light on the picking station was so bright I went temporary blind and disorientated I blew my nose and had blood in my snot went to the medical area they didn't care,14,2022-01-17T10:58:01Z,aMY5pQeGIE8
Got fired Mdw2 no reason help,0,2022-01-15T00:06:01Z,aMY5pQeGIE8
There’s senior citizens stowing . If you think this is hard then you are just lazy or dumb 😂,0,2022-01-08T08:24:45Z,aMY5pQeGIE8
Wow yeah which station did u work at cuz I work at DSF6 as a STOWER and PICKER in Richmond California and fuck that rushing in 15 seconds to put something away…….AAAHHHH NO……..I’m giving them 75% not 100%,6,2021-12-03T18:28:18Z,aMY5pQeGIE8
Which Amazon did you work in?,0,2021-11-17T20:59:33Z,aMY5pQeGIE8
I love my job i’m happy with my job you guys can’t judge someone just for 10/15 sec videos i have seen more negative comments please if you can give respect 😭🙏,511,2025-06-02T01:57:55Z,3A6PXXFWifE
Do you have to wear safety shoes there?,1,2026-02-16T17:57:57Z,3A6PXXFWifE
Empolyees have a problem with back pain and can not do the job for picking. The managers keep sending them to do it. Imagine if the employees have to go to a doctor for doctor certificate all the time...,0,2026-02-11T05:09:18Z,3A6PXXFWifE
You do that for 10-11 hours? Thats plantation slavery! Couldn't be me!,0,2026-02-04T13:47:40Z,3A6PXXFWifE
Don't let Amazon see this video cuz they will fire you they don't like recording in their buildings,0,2026-01-31T11:42:14Z,3A6PXXFWifE
I use work there back in 2016 and it was 1 of the easiest job i ever had and it would've been even better if we could bring our phones and listen to music while you work,0,2026-01-25T03:23:20Z,3A6PXXFWifE
"10 - 12 hours a day 🤮

Better find another job...unless you're so desperately need money 😂",0,2026-01-16T23:28:28Z,3A6PXXFWifE
"Why he works in a rushed manner  , that’s  they make  mistakes sometimes , working like that is  stressful !😥",0,2026-01-13T20:28:33Z,3A6PXXFWifE
Im working there tooo,0,2025-12-14T22:20:50Z,3A6PXXFWifE
It's like you working in rolik where speed is everything,0,2025-12-13T02:25:59Z,3A6PXXFWifE
"Amazon company delivery boys my order lunch bag and nunchaku face serum also stilling stollen not received yet payment already done ✅ my money is not the water okey 😡😡😡😡😡😡fast delivery to my house I am very angry new delhi Safdarjung enclave humayunpur Anupam sweet humayunpur 166 mizo dinner,I am waiting day",0,2025-12-09T08:41:37Z,3A6PXXFWifE
Dang risking your job just for some likes is wild 😅,0,2025-12-07T21:13:49Z,3A6PXXFWifE
Deaf amazon hob work,0,2025-11-29T16:58:25Z,3A6PXXFWifE
"Personally I wouldn't feel the need to move THAT fast, but whatever works for you",0,2025-11-28T02:35:25Z,3A6PXXFWifE
"Lots of people typing this is abusing of employment, but I used to be the fastest picker until I join the Military. My Drill Sergeant told me I move like a sloth and I was moving 3 times faster than this guy. Basic Training will get you missing working in Amazon 😁",0,2025-11-27T19:24:07Z,3A6PXXFWifE
Is meaningless job,0,2025-11-23T19:13:57Z,3A6PXXFWifE
"I did this same position 😂 they be on your ass for the smallest shit dont work here, I took 7 minutes to use the bathroom and they fired me a later “ you took to much time your rate went down come back in 3 months “",0,2025-11-19T17:43:14Z,3A6PXXFWifE
That's easy for a minute. But 10 hours? No F- ing way,0,2025-11-15T14:22:50Z,3A6PXXFWifE
I work at ar fc picking and man some of those pods are over filled and also looking for those items and if you can't find it you say its missing but then some where or another the counter  suddenly finds it  ... Yeah its good if you can remain picking and not be labor shared to packing which most cases everyone at some point will be trained on crossed trained.,0,2025-11-13T03:31:40Z,3A6PXXFWifE
I really want to work please,0,2025-11-11T08:01:27Z,3A6PXXFWifE
They fire you if you're one minute late to work or one minute over your bathroom break. Our lunch break is only 6 minutes for every 12 hours you work.,0,2025-11-09T20:06:13Z,3A6PXXFWifE
The sad part about these jobs is that you can't really get meaningful references when you move onto something before.,0,2025-11-03T00:54:15Z,3A6PXXFWifE
Do you still work there?,0,2025-11-01T01:36:14Z,3A6PXXFWifE
Won't be long until Amazon replaces this job with a robot too. 😭,0,2025-10-30T15:29:02Z,3A6PXXFWifE
"Man learning a trade got me out of this hell. Once heard an associate tell a manager to get a better fucking job if you complain so much. I took the advice instead, I bet the manager is still there miserable. I'm making more than all my peers and all I did was take a hit in pay for 2 months. Went from 20 an hour at Amazon, to 15 an hour with plumbing apprenticeship. Within 6 months I don't even go step in my van without making money. I charge just to show up, I make an hourly rate of $62 if I'm there more than an hour. Most of all I see shit get done, and work days aren't past 10 hours.",0,2025-10-30T14:15:29Z,3A6PXXFWifE
Just watching your over-caffeinated movements.I feel better knowing that the robots will be there so you can be at home ordering stuff from Amazon,0,2025-10-28T08:15:54Z,3A6PXXFWifE
"Slow down take a breath read what you’re pulling out then scan it. This roulette scanning is just horrible and it’s not good to be fast when you’re shit. You ever heard the saying it’s all about form. In your case, you really need to work on your technique OK",0,2025-10-25T05:48:50Z,3A6PXXFWifE
This is the Tennessee facility in Mt Juliet  i worked there,0,2025-10-23T09:03:49Z,3A6PXXFWifE
"Now that's more like my pace! Dot Foods kept me going that fast while Picking (115% speed, to be accurate)",1,2025-10-22T00:18:15Z,3A6PXXFWifE
"I could easily hit a 400 rate without even moving half as fast as that guy. If I’m moving that quick, I better be hitting 600 or 700 — but I’m not about to slave my ass off for this company. There’s no point. You can enjoy the work if you want, but at least have some self-respect. When you’re picking over 400 items an hour, you’re making the company a crazy amount of profit while they’re paying you pennies from it. Gotta make sure you’re working smart, not just burning yourself out for their number",1,2025-10-21T00:23:58Z,3A6PXXFWifE
I used to do that hate that job  because they spet you to make your percentage even Is thw work Is slow AND if theres no work that dont make Sense,0,2025-10-20T19:31:13Z,3A6PXXFWifE
Can you wear just 1 earbud while working? Noticed that beeping noises are required to hear.,0,2025-10-20T09:14:43Z,3A6PXXFWifE
"I was a picker and packer at Amazon back in 2011, 
Now the cart comes to you 😂",0,2025-10-16T14:30:06Z,3A6PXXFWifE
"Aye man I appreciate you! Somebody have to do it and everything ain’t for everybody. You are working, making money and you are happy. Like ole blue eyes Frank Sinatra said “ I did it my way” So keep doing it “Your way” It doesn’t matter if you worked at Amazon or Google people will ALWAYS have something to say anyways so 🖕🏾 it 🤷🏾‍♂️",0,2025-10-15T01:57:10Z,3A6PXXFWifE
I hated doing that job. But kudos to you for doing a great job.,0,2025-10-14T23:05:40Z,3A6PXXFWifE
Use Amazon drop bruh!,0,2025-10-13T23:07:42Z,3A6PXXFWifE
Only doing this so Amazon can pay for me to go to school,0,2025-10-12T22:39:15Z,3A6PXXFWifE
"never did this before when i use to work for amazon but then again i worked in a delivery station. looks fun tbh, cant knock anyone doing a job, hustlin",0,2025-10-09T23:32:53Z,3A6PXXFWifE
Thanx to all Amazon and Walmart employees!! 🙏🏽🫶🏽🫶🏽,0,2025-10-09T23:17:13Z,3A6PXXFWifE
Soooo bad at the job,0,2025-10-09T16:04:15Z,3A6PXXFWifE
I know you mean no harm but they will fire you in an instant if they find out you’re recording inside the warehouse and posting it to social media (Former Amazon Area Manager),0,2025-10-06T21:57:13Z,3A6PXXFWifE
"Anyone who wants to work at Amazon I recommend it only for career choice or if you don't have any other choice. When you get your blue badge you get benefits like career choice which means Amazon pays for your school. That's what I'm doing now. Once I finish school I will get the heck out of there. Another great part about the job is you can use your time anytime like UPT, PTO, or vacation to leave early if your not feeling it 😂",0,2025-10-06T00:56:44Z,3A6PXXFWifE
My respect for being in your feet and having to concentrate and focus at a consistent pace.,0,2025-10-05T22:02:44Z,3A6PXXFWifE
How can I join to work there,0,2025-10-05T12:30:41Z,3A6PXXFWifE
"Amazon paying me by the hour not my rating imma move as fast as I want, lol.",0,2025-09-30T20:00:25Z,3A6PXXFWifE
"Oh god no , hated picking at amazon every 30 minutes hey why did you take 12 seconds at 7:45pm whats going on? Lets have a trainer come watch you",0,2025-09-30T01:07:45Z,3A6PXXFWifE
"In other facilities you have to run around the whole Warehouse looking for the specific item from a specific bin, which isn't always there because it probably fell out. Every second you spend looking for it contributes to time off task.",0,2025-09-29T20:52:18Z,3A6PXXFWifE
"I worked at Amazon  lcy2 and lcy3 I did picking for about 9 months then got moved onto the shipping department and the 5s safety team . I was picked to meet bezos and started to become a team leader in shipping but through jealous colleagues I was reported to be taking cocaine at work , completely false allegation however I used cannabis for medical reasons and have a legal prescription.. canabis was found in my drug test and I was sacked ..  I loved working for Amazon but as an English man I received racism from a manger at lcy3 and D.E.I has ruined any progression for natives , it is bias and puts foreign nationals over brits",0,2025-09-26T20:26:17Z,3A6PXXFWifE
"I work at an FC, and Picking is alright. Yeah if you’re aiming for a 450 UPH of course you’ll be moving fast but even at a relaxed pace you can still hit a 320 which even then tends to be well above the ask rate. It changes every quarter but it usually fluctuates between 285-305. 

Stowing on the other hand is much better. If you can Stow 200 UPH then you’re completely fine. And if all you get are big items like cases of water/monster stuff like that and all you could hit was 90 UPH? You’re still fine cuz they can see what you’re stowing.

It honestly depends on the FC you’re working at AND if you got connections",0,2025-09-25T22:49:03Z,3A6PXXFWifE
I want to work with you can yo please help me get a job with you there 🥹☺️,0,2025-09-24T14:07:57Z,3A6PXXFWifE
"According to Amazon you got 20 seconds to pick, Imagine doing this for 10 hours a day, if you miss picking, you’re screwed, but respect your hard work & determined mind to keep going to best of time, it looks easy, but you have to have 1000 percent focus 
Need energy and focus, 
Every time i order from Amazon my thoughts are with these guys behind the scenes @ get treated poorly",0,2025-09-24T09:54:56Z,3A6PXXFWifE
"That's picking now? When I worked there almost 10 years ago, I had to walk all day picking.",0,2025-09-24T04:06:24Z,3A6PXXFWifE
At least you're working ❤,0,2025-09-20T17:36:07Z,3A6PXXFWifE
"Dude I worked for Amazon in Tennessee if they see that camera they’ll fire you on the spot.  I don’t even wanna know how you’re getting it through security everyday but hey…

Great work!

I did the same job as you btw… 😂",0,2025-09-19T22:22:16Z,3A6PXXFWifE
I'm good only if it was a last resort sorry brother you work hard for what you do t get a bonus always tired always thinking about bills I get it it's a job but don't do extra if they ain't paying you,0,2025-09-19T21:36:42Z,3A6PXXFWifE
Some people like to go fast and jerk around for 12 hours a day. Not me though. I'm too chill for this,0,2025-09-19T21:12:15Z,3A6PXXFWifE
Trust me he’s working that way cause he chooses to and most likely have some of the best work ethics in AtoZ,0,2025-09-19T11:53:38Z,3A6PXXFWifE
Amazon is a sport. SMH,0,2025-09-18T20:04:56Z,3A6PXXFWifE
"Done this job before, retired now, sucks to work in hyper drive in fear of what ?  ...not being in the  top bracket of the fastest pullers/ packers , life's better than being a robot ,that its body hurts, or mussels tear ,believe it , they don't care about you !",0,2025-09-16T07:29:50Z,3A6PXXFWifE
Been doing this type of work since 18 and my body is constantly in pain. If you’re young still GET OUT BUDDY 🥺🥺,0,2025-09-16T02:49:41Z,3A6PXXFWifE
Respect for your hard work my friend. Don't ever give up.,0,2025-09-16T01:10:34Z,3A6PXXFWifE
Keep up the great work!,0,2025-09-15T17:04:38Z,3A6PXXFWifE
"Some might complain about pay, but Amazon isn't situated well to pay more.
Looking at Amazon's total debt, 133billion in debt isn't a good outlook.  Even with cash on hand debt is still over 70 billion.  That's a ton of sales that has to generate profit. 

It's concerning how much debt big corporations are gaining.  They'll typically post record profits of course because everyone is making more but expenses continue outpacing actual buying power.",0,2025-09-15T00:29:39Z,3A6PXXFWifE
Working without earbuds? Wana know how to get them approved?,0,2025-09-12T20:46:33Z,3A6PXXFWifE
Had to do this back when u had to walk around the entire warehouse. Looks easier now,0,2025-09-11T11:15:40Z,3A6PXXFWifE
"Robots would be better off doing this mindless pathetic ""work""",0,2025-09-11T10:10:50Z,3A6PXXFWifE
"Bro, please don’t get fired for posting sensitive workplace material",0,2025-09-11T00:58:48Z,3A6PXXFWifE
"Everyday, in every job I ever had. I walked in and repeated what Jamie Fox said from the movie Jar Head.


I love my job, I thank God for everyday that he gives me in IT Service. Ooh’rah! 

So respect to you sir.",0,2025-09-10T00:08:49Z,3A6PXXFWifE
Yea I’d probly get fired 😂,0,2025-09-08T15:01:42Z,3A6PXXFWifE
I remember these days. I definitely wasn't putting that much effort into it unless there was a floor contest of some kind going on though lol. It really wasn't hard to make rate. I could walk off for 5 mins for a bathroom or w/e break and still be well above expected rate. Not sure what all the complaints are about. 2 Years I did OB BH pick.,1,2025-09-06T18:11:01Z,3A6PXXFWifE
"And Billion Dollar Companies like this hate Unions for a reason, they want to pay you the minimum wage with no breaks, lunch and long unhealthy work weeks with no job protection. As for the scabbing rats who are the mangers and think they are the company lol you are replaceable in a second. The Work Force Needs to Organize with a Strong Union work with the Teamsters and Labor Unions so you can live better lives with Great health insurance, pension plans, job security, so you can raise a family so you can put your kids in school and you can retire instead working yourself to death for the Billionaires who don’t care.",0,2025-09-06T18:02:22Z,3A6PXXFWifE
Modern day cotton picking in a warehouse,0,2025-09-06T10:05:48Z,3A6PXXFWifE
How can this be a job.,0,2025-09-06T01:57:55Z,3A6PXXFWifE
"I worked as a picker and am now and L5 with AWS. If you love it, do it.",0,2025-09-05T21:42:45Z,3A6PXXFWifE
"Don't worry, everyone; they will soon be replaced by robots. The super-rich have always relied on the common man to do the work, but now they've found a way to no longer need u. AI.

Yes, you could end up homeless too.",0,2025-09-05T19:25:50Z,3A6PXXFWifE
People ask for jobs then get mad when hired lmfaoo 🤣🤣 make it make sense,0,2025-09-04T22:00:10Z,3A6PXXFWifE
Be careful you can and will get fired for this there's a no cellphones on floor for a reason,0,2025-09-04T13:35:54Z,3A6PXXFWifE
"I use to work as an order picker in the textile industry. I would sometimes personally takeout millions of dollars of orders per day for our clientele, mainly for corporate name brands and box stores. I could never image being an order picker under these conditions! That's crazy! Makes me appreciate the people working at Amazon even more now. You don't get paid enough to work under those conditions in my opinion.",0,2025-09-04T00:11:30Z,3A6PXXFWifE
Lets hope this kind of work is soon automated,0,2025-09-03T06:20:40Z,3A6PXXFWifE
"Most people don’t realize that boy got a quota. And once his group does well in their quota, not only did they get the hold onto their jobs. a little longer, the quota goes up even higher, holiday time is double quota.",0,2025-09-02T23:53:39Z,3A6PXXFWifE
You're fired.,0,2025-09-02T00:05:32Z,3A6PXXFWifE
Es lo peor en amazon. Nadie quiere hacer eso,0,2025-09-01T02:08:18Z,3A6PXXFWifE
In a few years a robo is doing your job,0,2025-08-30T01:25:09Z,3A6PXXFWifE
You have to be a fucking robot to that job.,0,2025-08-29T21:11:15Z,3A6PXXFWifE
All I can picture is a Tesla bot doing this for 22 hours a day,0,2025-08-28T08:41:10Z,3A6PXXFWifE
"Amazon is an amazing place to work. Best benefits, 401k, health. PAID TIME OFF, UNPAID TIME OFF>  MATERNiTY LEAVE.  Pay for your college or cdl. Average pay above $20 an hour with no degree. Hell you dont even have to speak english. Stop bitching peopel and apply",0,2025-08-28T03:23:51Z,3A6PXXFWifE
How does this work? What’s in each cubby and how do you know what’s what. Looks like an organized mess.,0,2025-08-27T14:15:41Z,3A6PXXFWifE
Insanity. You are working yourself to death for peanuts.,0,2025-08-26T00:22:12Z,3A6PXXFWifE
I used to pick back in 2021 I just started working at Amazon again and was hoping to go back to pick but I got pack flow instead and wow I like it better actually time goes by much faster then pick and I’m getting paid 22.50 to listen to music all day pretty much not a bad gig,1,2025-08-24T23:40:33Z,3A6PXXFWifE
"I’m sure you love it man, just come try a real picking job. We are compensating employees properly. Homie made an extra 2k on his check alone from incentive",0,2025-08-24T07:03:50Z,3A6PXXFWifE
"worked there for 2 years, took a toll on my mental health",0,2025-08-22T23:12:34Z,3A6PXXFWifE
This looks so awful. 😢 I feel so bad for people who have to work this,0,2025-08-21T12:24:50Z,3A6PXXFWifE
Pack singles is okay but same day pay is good anytime pay is good however the job is repetitive and they want to fire you for anything my homie got fired for using the phone and they were two other girls using the phone right next to him,0,2025-08-15T19:10:18Z,3A6PXXFWifE
I’ve done hvac work at one of these locations. They are not permitted to record inside the facility. Be careful,0,2025-08-14T00:35:01Z,3A6PXXFWifE
I remember in 2020 I did this. 4 days and 10 hr shifts overnight. I was in good shape and after one shift I was in pain. Like everything hurt from my fingers to my toes. It was the worst job I've have ever done. It took me a week to finally get used to it but I was still hurting everyday!,0,2025-08-12T01:49:24Z,3A6PXXFWifE
Bro it’s not worth it. Slow down… I know because I worked at Amazon and picking is not worth it.,0,2025-08-09T23:06:37Z,3A6PXXFWifE
robots will def take this mans job unfortunately,2,2025-08-08T21:10:29Z,3A6PXXFWifE
All love man ❤ I hope your channel blows up and you turn into a full time creator 💪 keep hustling #work #hustle,0,2025-08-08T19:13:42Z,3A6PXXFWifE
This seems like a job that could easily be automated.,3,2025-08-08T02:57:48Z,3A6PXXFWifE
this seems like a good job,0,2025-08-06T13:08:51Z,3A6PXXFWifE
They always talk about safety I swear to god no one safe their physically and mentally my advice to people never ever work with Amazon managers and leaders have no respect for nobody they do anything as snitching spying to make reports against you,0,2025-08-03T15:06:42Z,3A6PXXFWifE
Amazon never ever treat people nice they always looking for something to make you guilty for something so they can fire you they don’t keep people to long once you reach to the maximum wage they start with writing report against you so it will be a reason to fire you and hire someone else with less wage,0,2025-08-03T14:59:20Z,3A6PXXFWifE
Working with Amazon like working as a slave and prisoner in jail most of managers are mother………fu ..,0,2025-08-03T14:47:28Z,3A6PXXFWifE
Amazon treats people as number slavery,0,2025-08-03T14:43:49Z,3A6PXXFWifE
Not worth IT no good pay no great retirement not good at all WORK UNION LIVE BETTER! 👍,0,2025-08-03T07:32:57Z,3A6PXXFWifE
I deleted my Amazon account a year ago.  As freeing as deleting Facebook in 2016 😂,0,2025-07-31T04:45:18Z,3A6PXXFWifE
Would show you my job at what I do at Walmart DC but any pictures and videos I would post I would get automatically fired just because they want nothing to be shown for the outside world,0,2025-07-31T03:26:16Z,3A6PXXFWifE
Get a better job,0,2025-07-31T01:32:59Z,3A6PXXFWifE
"I barely made it through three weeks of doing this. Fell down the ladder three times, had injury to both of my legs, lost feeling in my toes on the right foot for 8 months even after I quit.

Kudos to you for doing this. It ain't easy.",11,2025-07-30T22:35:02Z,3A6PXXFWifE
I'd have loved this job compared to the busting my ass doing shit jobs no one else fucking wanted. Anyone who complains about doing this all day never had to scrub shit and absolutely exhaust themselves digging holes with a dull shovel.,0,2025-07-30T17:31:41Z,3A6PXXFWifE
"I wish you well in this job, unfortunately I'm sure what your doing will be replaced by a robot in the next few years 😢",0,2025-07-30T01:03:27Z,3A6PXXFWifE
"You have to be fast and efficient or they give you the pink slip.

I hope they allow employees at least 1 bathroom break and a 30 minute lunch break.",0,2025-07-29T13:39:36Z,3A6PXXFWifE
"If your job sucks then leave.

If your job does not pay ""enough"" then leave.

If you do not possess the knowledge for a better job then teach yourself. 

Do not blame another for your lack of change.

""Not enough time"" or ""not enough money"" are just excuses to overshadow your lack of desire for change. 

Rome was not built in a day and neither will your new and better life, start now and step by step you will achieve your goals. 

It starts with YOU but when will YOU start!?

Good luck",0,2025-07-29T13:00:46Z,3A6PXXFWifE
Wow this is my kinda jobs.,0,2025-07-29T04:30:46Z,3A6PXXFWifE
Not saying the rate isn't easy to make but for some of these young kids coming in who can't problem solve or think hardly they have sooooo much trouble with picking stowing anything that is multi step.,1,2025-07-29T03:55:08Z,3A6PXXFWifE
Good job,0,2025-07-28T21:41:59Z,3A6PXXFWifE
"It’s a good starter job, but I wouldn’t do this for a career. I did it for a little bit and quit to go back to trucking. 

Terrible job in my opinion. I’ve worked 10-12 hours in construction, done 96 hrs a week doing Ambulette work, and was even in the Marine Corps. 

Amazon was by far THE WORST job I’ve EVER worked.",0,2025-07-28T17:20:01Z,3A6PXXFWifE
You know you're on camera. No one works like that.,0,2025-07-27T18:30:37Z,3A6PXXFWifE
I worked in a few warehouses and it was almost always a pretty chill time. Looks like Amazon makes you hustle for their profits.,0,2025-07-26T21:58:49Z,3A6PXXFWifE
Slave work,0,2025-07-26T03:23:19Z,3A6PXXFWifE
"You signed an NDA when you got hired, brother. This video can cost you your job.",0,2025-07-26T02:29:15Z,3A6PXXFWifE
Looks like jail.  A im happy a work as a crane operator. Thuis wil make me depres,0,2025-07-23T16:18:06Z,3A6PXXFWifE
"I used to do this exact same job for about a year but I hated it. I liked PGing and AFMing but being in path was misery. I liked it at first, especially because I was competitive and would sometimes pick over 5000 items in a day, but it's just too repetitive and hard on your body from the repetition. 

I do pack for a large/medium item facility now and it's a lot better, instead of 350 UPH I do 60 UPH which means less repetition. 40lb+ items are way more frequent (furniture boxes, bags of dog food, cat litter) but surprisingly picking like this in the video your hands get really swollen and the lunging/squatting for items on the low bins destroy your legs, and if you bend down at the waist instead then your back will be screaming.

Based on the speed this guy is picking, he is moving at a pace of 450+ UPH. It kinda varies based on multi picks and problems like missing items (which you can actually see in the video), but he's probably top 5% rate in the network. You are definitely not expected to pick that fast.",0,2025-07-23T09:32:23Z,3A6PXXFWifE
We see you bro. We know that you're not getting everything you deserve but you respect yourself. You work hard for your family,0,2025-07-23T02:45:40Z,3A6PXXFWifE
This job wont be around long,0,2025-07-22T16:06:30Z,3A6PXXFWifE
"As a former HR at Amazon, i truly appreciate and highly inspired by how you work. You not only showed what is required for a normal human being to earn and exceptional skill to survive in this world. Whoever is giving hate comments and spreading negativity can only do so. I was an employee there and my life was changed by amazon. I understand human in better terms now. I understand how you must have gone through with all these negativity in comments, but remember IT'S ALWAYS A DAY ONE. I am sooo soooo happy to see you thriving! Before I resigned my manager told me that Amazon needed you more, but wish you the best. As an HR i am telling you, you are the best, keep spreading love and positivity! You deserve all the blessings!✨",1,2025-07-22T14:40:41Z,3A6PXXFWifE
This job feels like working in a factory for temu already.....this is not good,0,2025-07-22T03:25:19Z,3A6PXXFWifE
"Fuckin slavery stop pretending, just stop. Yesss we are all grateful to have jobs. Cool.",0,2025-07-21T20:56:18Z,3A6PXXFWifE
"Ah, I remember when I was a stower. I was horrible at it, but I kinda miss it. My numbers were bad so my manager recommended that I work the inbound docks to avoid write-ups. One time my numbers were so bad, I decided to take an L for the day. I walked over to a nearby manager and said: “Hey, my tac time is terrible, so you might as well give that entire pallet of sparkling ice packs and I’ll just spend my day stowing them away”. Stowing packs of any bottle drinks are known to increase tac time (which is worse, for those who don’t know), because it is difficult to find a pod that takes them. The manager okayed it and I did just that. Was kinda fun, to be honest. Just standing there, sending most of pods away because their algorithm is not refined enough to know that I need only pods that take this type of item. Good times.",0,2025-07-19T21:33:37Z,3A6PXXFWifE
I know somebody that used to work at ftw3 and they said that they changed the building to put nothing but shoes inside of it supposed to be the biggest shoe warehouse in the country and I was like I don't think that building has enough reach to reach the entire country and a few months later the building failed so now it's shutting down and it's going to become something else I knew it would fail,0,2025-07-19T18:08:00Z,3A6PXXFWifE
bruh im faster too bad I quite,0,2025-07-19T07:12:10Z,3A6PXXFWifE
"I loved working at the airport, more physical but at least I got to talk to my co workers",0,2025-07-18T20:01:57Z,3A6PXXFWifE
"I packed for 2 weeks.  SO MANY ORDERS!!  1,000s!!  From dildos to college books, from
Makeup to party supplies.  You could and would literally work feet away from someone and not speak a word to them.

One time I worked next to some bat shit crazy lady who felt it was a contest and was manic….  

“I need to be the best, I can run circles around my co workers.  I used to be a waitress but drove the customers crazy, so now I’m here driving co workers crazy.”

She literally was by herself packing a whole “wall” of orders.  Like a 300 order wall 10x30 or something.  It was a Christmas tree.  If you looked down the way….. you’d see many “walls”… each holding approximately 300 orders.  And that was just the first floor.  And then there is the singles section.  Where you pack one thing.

And then the shipping dock… 2 people working a trailer:, (one palletizing like jenga, one stacking in the trailer manually like jenga)

And then they had packages backed up on the rollers, falling off the rollers.

People need to stop ordering so dam much 

Not because she was fast, but because she’d drive everyone crazy, no one wanted to work next to her.",0,2025-07-18T20:00:36Z,3A6PXXFWifE
The one thing I didn't like about this job was the show you a picture of the item but its super tiny when it looks large and you have to pick over 300 items a hour otherwise they write you up so I always resign by the 1st write up because they gave you like 3/4 weeks of no penalty,0,2025-07-18T05:29:12Z,3A6PXXFWifE
Hi.  Kabwasa Ineed  job,0,2025-07-17T20:36:05Z,3A6PXXFWifE
How much do they pay you to do that?,0,2025-07-17T03:13:56Z,3A6PXXFWifE
Most depressing part of the whole warehouse.,0,2025-07-16T05:33:33Z,3A6PXXFWifE
that job is hard. mentally. Those machines are spaced were you cant talk to no one lol,0,2025-07-15T04:46:35Z,3A6PXXFWifE
"I’m actually doing that at Amazon and is so depressive working alone like that and too fast for 7 to 10 hours daily it’s depressive and it’s crazy mentally, humans need to socialize, need to do something different every single day, Not just doing something repeatedly every single day for 10 hours. That’s crazy!",0,2025-07-15T03:31:44Z,3A6PXXFWifE
Yeah. I hated this job.,0,2025-07-15T03:22:05Z,3A6PXXFWifE
my department is picking but I don’t like that job it is very hard the same with your job I am finished my shift today,0,2025-07-14T21:14:15Z,3A6PXXFWifE
"So why is everyone afraid to just join the army?  The pay and benefits are higher, and it’s way easier to just drag your face in the mud than do this.",0,2025-07-14T15:43:48Z,3A6PXXFWifE
"Amazon is the best job for introverts! Unless you’re applying for a tier 3 job, there’s no interview! So no dressing up and jumping thru hoops. You can get a decent wage and benefits too! As long as you doing your job and hitting your numbers you golden! No one bothers you. They likely to bother you just to tell you you’re doing a great job. Not to mention every human job in the warehouse is super easy. No brain power required. Do simple task like this guy. 
All these comments complaining about getting hurt, you feel like prisoners or robots, work is too repetitive blah blah!! STFU!! People like you is exactly why people like this guy who enjoys his job won’t have a job as easy as this in the very near future. Bezos will replace him with a real robot or sponsor immigrants to work in his warehouses because they work hard and don’t complain!",1,2025-07-14T05:48:06Z,3A6PXXFWifE
"I commend you bro ❤
I would never work at Amazon to fast pace 😅",0,2025-07-14T01:17:35Z,3A6PXXFWifE
"I did this job for awhile...i was hired on with about 40 to 50 other people, all doing picking at a fullfilment center. 3 weeks later, and there were only 4 of us left, the rest had quit. This was the most monotonous, boring job i have ever had. I could have stuck with it if 2 things changed: 1) they ditched the high school like environment and allowed people to listen to music with air pods at least.

I was on the night shift, so at least the pay was decent. Unfortunately, my vehicle was having issues, and it cost more to Uber one way than I'd make in 1 shift.",0,2025-07-14T01:11:58Z,3A6PXXFWifE
"Ty! ❤ I'm a postal worker .. 
I definitely appreciate yall❣️",0,2025-07-13T22:02:30Z,3A6PXXFWifE
"We used to build cars and people in the line worked like that and they got paid real good money and benefits, even a retirement at 30 years, but Americans didn’t want that and now it’s gone and this is what you have.",1,2025-07-13T14:18:32Z,3A6PXXFWifE
For Amazon warehouse operative jobs,0,2025-07-13T11:37:07Z,3A6PXXFWifE
Sir I am in uk I apply so many times in Amazon but there is no response from Amazon how can I apply,1,2025-07-13T11:36:51Z,3A6PXXFWifE
That's a crap job,1,2025-07-13T01:57:00Z,3A6PXXFWifE
I say you have about 1 year before a robot takes this job as well.,2,2025-07-12T12:27:02Z,3A6PXXFWifE
My job is to catch people like you behind the camera😂,0,2025-07-12T10:04:26Z,3A6PXXFWifE
Congratulations you did your job,0,2025-07-11T18:43:45Z,3A6PXXFWifE
This is the easiest fucking job I've ever seen in my life it's idiot-proof to the point where you just have to move a tiny bit you're not doing backbreaking labor you're not in the hot sun quit fucking complaining people you're all a bunch of wishes I'm a tree climber I got my leg ripped off by a fucking machine that picks up logs. You have no idea what hardship this world really is,1,2025-07-11T00:00:54Z,3A6PXXFWifE
To all the commenter's saying thank you for being such a good worker because my product arrives fast: you are shallow narcissistic assholes. Do you not realize that human being were not made for this depressing shit?,0,2025-07-10T21:39:02Z,3A6PXXFWifE
How depressing. Go get a construction job you will be just as tired but at least you will learn a useful skill that might grow into a successful future business ess. Amazon is modern slave labor,0,2025-07-10T21:36:02Z,3A6PXXFWifE
"You say you like your job.  I believe you like the idea of the job but your furtive  movements and body language don't lie and indicate stress, stress kills, usually very slowly and insidiously.",0,2025-07-10T13:58:59Z,3A6PXXFWifE
if you miss you loose your job,0,2025-07-09T09:35:14Z,3A6PXXFWifE
Damn your a Drone for Amazon. Good little b,0,2025-07-08T15:34:30Z,3A6PXXFWifE
y'all in the comments are wild.  The majority of general labor jobs are less pay and more physically demanding and very little time off.   It's one of the best jobs you can get with no college education.  Sure they are easier jobs go apply at Wallmart cashier for $13 per hour.  Can you even make a living on $13 per hour?,3,2025-07-08T03:19:12Z,3A6PXXFWifE
"At least you can work by yourself, nobody coming up demanding bs orders and complaining it didnt come out like they wanted...😂i guess all jobs have their perks",0,2025-07-07T18:26:36Z,3A6PXXFWifE
Robot is comming for that job,0,2025-07-06T19:50:34Z,3A6PXXFWifE
This is a fucking job. What learning outcomes do you have? What career progression? And it looks cool until your body starts to give up,0,2025-07-06T03:30:48Z,3A6PXXFWifE
Thanks for sharing your job!  I like learning how things work and what people do. ❤,0,2025-07-06T01:15:10Z,3A6PXXFWifE
"Thank You for your Hard Work, without you I couldn’t get my medical supplies, Thank You Again 👍💯",1,2025-07-05T02:37:20Z,3A6PXXFWifE
I worked at a site where we walked EVERYWHERE with carts and totes. My dogs did not like those 10 hr days 🦶🏻,0,2025-07-04T19:05:15Z,3A6PXXFWifE
"Americans can’t comprehend and appreciate the real working class. Dude doing honest work for honest pay, doesn’t matter what he does.",0,2025-07-03T21:28:02Z,3A6PXXFWifE
"I don't do that.  I take packages/jiffies off of the buffer and stowe in totes/oversize area.  That being said, it is hard when you have only 3 associates working 13 aisles and you work a 4 hour shift which includes pick to stage and replacing bags or bringing in carts.",0,2025-07-02T20:19:44Z,3A6PXXFWifE
"Seeing these workers, I always reflect back on the scene in schindlers list, where Goethe demands the prisoner to make him a hinge. Only thing that’s changed is they don’t take you out back and try shooting you with bullets, now they just replace you",0,2025-07-02T17:08:45Z,3A6PXXFWifE
Real tough job. Those concrete floor and constant crouching are back killers. Much respect,11,2025-06-27T14:40:40Z,3A6PXXFWifE
"My warehouse in california really chill with kind managers, can listen to music also with approved headphones. Remember to hit ur rate and then chill ur paid the same regardless if u go 290 or 400",0,2025-06-27T04:03:58Z,3A6PXXFWifE
Pick at my Amazon we use a smaller two tote cart for singles and a nine tote cart (juice cart) for multi and walk all around the two story warehouse. We send the carts up the elevators but we take the stairs 😂😂. I would walk about 15-18 miles a day plus stairs and steep ladders. I’m in pack now for the past year but I do miss pick because you are just out and about picking.,0,2025-06-26T12:23:28Z,3A6PXXFWifE
"Amazon sucks, try to get out asap before AI takes your job🙏🏼",1,2025-06-25T18:08:52Z,3A6PXXFWifE
I'm so glad I don't work there anymore. Good gracious.,1,2025-06-25T03:27:20Z,3A6PXXFWifE
bro do not do this to yourself 😂 you can make rate and not go that fast. this will not get you a raise or promotion but i admire your work ethic,1,2025-06-24T20:02:22Z,3A6PXXFWifE
One of the best jobs I had. 👍🏾,1,2025-06-24T02:40:01Z,3A6PXXFWifE
Ye except for the fact if they see this video ull be fired 😂 enjoy ur time while it lasts ur the easiest one they have to get rid of,1,2025-06-19T15:15:24Z,3A6PXXFWifE
Very happy that you enjoy your job- it certainly beats the alternative of not having a job. Stay happy friend 🙏🏻,7,2025-06-19T13:02:38Z,3A6PXXFWifE
If you can’t package 100 an hour every hour for 10 hours straight they fire you. Great company!,3,2025-06-18T22:25:56Z,3A6PXXFWifE
Props to the Amazon worker but I couldn’t stay in one spot all day doing this. I would at least try to make it to first break and leave and not come back. 🫡🤝👍✊,2,2025-06-18T18:33:41Z,3A6PXXFWifE
"Hard worker when cameras looking, off camera and it shows all your employees LOL",1,2025-06-18T17:14:31Z,3A6PXXFWifE
Your job dont love you. Always remember that umberto.,1,2025-06-16T16:49:02Z,3A6PXXFWifE
Amazon treats it's employees like shit I quit after nearly a year of ungratefulness and being ran like a slave no one's grateful for anything anymore tbh,19,2025-06-16T12:40:23Z,3A6PXXFWifE
I wonder what the suicide rate is amongst these workers?,0,2025-06-16T03:32:16Z,3A6PXXFWifE
Yup we are definitely getting replaced by machines… but hey this is what everyone wants right… “if you can’t do it right you should be fired duuurrr” yet those ppl live off tax payers,1,2025-06-15T02:29:36Z,3A6PXXFWifE
You don't have to go that fast. They're not paying you double are they?,1,2025-06-12T18:39:02Z,3A6PXXFWifE
Hard worker brother,1,2025-06-10T17:07:08Z,3A6PXXFWifE
"Too dirty to be amazon, probably just some chinese slave workers",0,2025-06-10T05:26:03Z,3A6PXXFWifE
whats your avg rate and time? mine was 340 at 3.1s,0,2025-06-10T01:41:57Z,3A6PXXFWifE
I'm a picker for Amazon but our facility we have to walk to get our picks. They are not brought to us or highlighted. We got to the location and find the bin then search through an overstuffed bin that most of the things are damaged in from the stowers shoving everything they can get in them. That is if we can even open them. We walk at least 10 miles per day. Imagine working 6 days a week. Could end up with 60 - 80 miles a week. Too tired to actually have a life and if you get injured they p[retty much don't care. All for the starting rate of 15 dollars an hour in my area.,4,2025-06-09T21:23:35Z,3A6PXXFWifE
I just don't understand why companies put so much tech scrutiny on some of the lowest job positions.  So what if someone drops a widget and picks their nose here and there?  You barely pay them and they produce more than enough work for the money they do get.  There's just no reason for such a tight belt at that level of operations.,0,2025-06-09T11:03:42Z,3A6PXXFWifE
Ive worked at the delivery station and its way more relaxed than this. Dude is in the dungeon for real.,0,2025-06-08T10:55:18Z,3A6PXXFWifE
How easy it is now. I used to hired for Amazon and they work like pigs,0,2025-06-08T02:03:44Z,3A6PXXFWifE
Great job my friend keep the good work,0,2025-06-05T14:37:42Z,3A6PXXFWifE
People complain when Amazon workers complain and complain when they work hard smh,0,2025-06-04T15:53:50Z,3A6PXXFWifE
"Decent job, but 10 hours a day doing this did a toll on me. The first few months were fine, but it got way to repetitive, then they wanted faster rates. Which is crazy since you’re basically moving the whole time. We’re not robots. Eventually I moved into shipdock, now I’m a delivery driver. Way better and I don’t feel like a prisoner",74,2025-06-03T23:09:39Z,3A6PXXFWifE
Didn't the last person who videoed themselves at Amazon get fired? Good luck finding a new job sir.,0,2025-06-03T16:12:54Z,3A6PXXFWifE
I did this job for 2 weeks. My back killed me and my brain rotted,9,2025-06-03T14:37:27Z,3A6PXXFWifE
"I'll will never miss working for Amazon, EVER!",25,2025-06-03T13:23:09Z,3A6PXXFWifE
I was on the flip side as a stower putting items into the pods and it was honestly a brutal 12 hours with 2 half hours of non paid breaks. People have choices in life and to had choosen that for 2 years took a lot out of me. I'm no longer there for the obvious reasons,13,2025-06-02T14:14:02Z,3A6PXXFWifE
"I worked warehouse back in the day, wore a headset calling out row/location numbers...mind numbing",0,2025-06-02T01:00:54Z,3A6PXXFWifE
Dumb worker looking lost at a dead end job smh 🤦 weak,0,2025-06-01T11:51:53Z,3A6PXXFWifE
"it doesn't look this hard at all once you get used to it you gotta stand at angle, i use to pick one handed and hit rate",1,2025-06-01T09:31:25Z,3A6PXXFWifE
Yea I appreciate your hard work 😊,0,2025-06-01T03:35:55Z,3A6PXXFWifE
I hated working here .. thank got fired lmao . Shit pay for being a robot,0,2025-05-31T22:49:16Z,3A6PXXFWifE
"As an Amazon stock holder, I appreciate your hard work.  1/3 of my retirement is riding on it.",1,2025-05-31T19:37:28Z,3A6PXXFWifE
respect for working but that looks miserable,0,2025-05-31T18:32:00Z,3A6PXXFWifE
Knowing the manager I worked for. This would be considered slow work. He is not going fast enough. And get slapped with a warning to pick things up.,0,2025-05-31T14:43:46Z,3A6PXXFWifE
I did a tour in the packing department at Amazon in 15’. Was like being in De Nang.,0,2025-05-31T14:14:35Z,3A6PXXFWifE
Only good thing about Amazon is they don't test for the mary Jane,0,2025-05-31T12:42:39Z,3A6PXXFWifE
Yes you are working in your own little jail cell without a restroom break,0,2025-05-31T12:42:12Z,3A6PXXFWifE
This is why I don't buy from amazon....,14,2025-05-30T05:53:05Z,3A6PXXFWifE
I never ordered anything from Amazon,1,2025-05-29T03:49:20Z,3A6PXXFWifE
Dude you’re tripping your def on the verge of being fired once Amazon’s catches you making vids. I work for them so this will be funny to see how this plays out for you good luck!,0,2025-05-29T00:36:51Z,3A6PXXFWifE
Trust me working in this kind of environment you don't want to be the guy who works faster than others. You get NOTHING for being the fastest worker there. In fact you get hated if you do it better than others. When you work in a warehouse with others you slack and work by the clcok waiting for that lunch hour or that 10 minute before we clock out slack around do nothing hour. It's what you do. These are the unwritten rules.,0,2025-05-28T17:41:45Z,3A6PXXFWifE
"Was a picker for 2 years, got a premonition to supervisor, then a year later became a forklift trainer. That was the only decent job i had at Amazon. A tier 3 trainer, not an ambassador but an actual trainer. Stick with it, try and move up, and get out asap. Goodluck.",27,2025-05-27T03:57:40Z,3A6PXXFWifE
Yo u be working with robots,0,2025-05-27T00:57:22Z,3A6PXXFWifE
We are all slaves the Jews haha. We are just their little workers,2,2025-05-26T23:51:52Z,3A6PXXFWifE
"Does anyone know if you can wear a earbud to listen to music or podcasts while on the job? 
I currently work construction and it’s a nice job but I’m getting tired from the brutal labor and hot weather, but I think I might go insane if I had to do this all day without something to listen to",1,2025-05-26T21:23:19Z,3A6PXXFWifE
"Careful, recording in a warehouse is immediate term if you're caught",190,2025-05-26T03:51:46Z,3A6PXXFWifE
"Because of how Amazon treats its employees, I buy 50% less.",73,2025-05-23T03:07:19Z,3A6PXXFWifE
I aint gonna like my boy you hella slow lol. What's your rate 250? Im hitting 350,1,2025-05-20T14:12:03Z,3A6PXXFWifE
which amazon i dont mind doing this,0,2025-05-20T10:33:12Z,3A6PXXFWifE
"I mean it has you actively engaged the entire shift though, the work day would seem a lot shorter. I'm a millennial and a truck driver like bro driving for 11 hours would have yall wanting claw your eyes out of your sockets. This however does seem super dystopian I'm not gonna lie, were cooked boys. Thanks boomers and gen x",2,2025-05-19T07:46:37Z,3A6PXXFWifE
at least amazon trained these people. trump will bring avocado and strawberry picking jobs back to AMERICA and remove all Mexican immigrants,0,2025-05-18T22:47:53Z,3A6PXXFWifE
"this kind of work is the worst for ur body,,,it will destroy his lower bak",28,2025-05-18T22:35:55Z,3A6PXXFWifE
"Oh man, I remember doing this for 10x4 a week, then 11x5 during peak- it was horrible! ….. in the end. Gotta meet Rates every day, every week and every month or else! I ACTUALLY liked the work but the Rates and long hours took the fun out of job.",0,2025-05-18T19:28:55Z,3A6PXXFWifE
Looks like a job for a woman,0,2025-05-17T16:15:59Z,3A6PXXFWifE
Surprised your allowed to record while working inside the facility.  They are really strict on security and intellectual property.,1,2025-05-17T09:31:03Z,3A6PXXFWifE
What's the rate lol I was supposed to be at 400 items per hour it got the point I would be telling myself A1 phone charger G3 phone case and just knew the box and pull it out of thin air without even looking,0,2025-05-16T23:53:08Z,3A6PXXFWifE
That looks like the kind of job that a robot will soon be doing.,0,2025-05-16T21:36:14Z,3A6PXXFWifE
That’s nothing compared to what Chinese factory workers do. And those jobs are coming to America very soon.,0,2025-05-15T23:49:15Z,3A6PXXFWifE
"No worries. Trump is bringing jobs like this back to America, so he and Musk and billionaires can get huge tax cuts.",0,2025-05-15T23:47:09Z,3A6PXXFWifE
This was my favorite job out of all,0,2025-05-15T11:07:05Z,3A6PXXFWifE
I would hate this job,1,2025-05-15T01:11:13Z,3A6PXXFWifE
Hlo sir female k liye h job,0,2025-05-14T21:30:23Z,3A6PXXFWifE
Someone should sue Amazon for labor abuse,2,2025-05-13T16:39:32Z,3A6PXXFWifE
This is why school important most TikTok user and Instagram reel user and YouTube drama fans are gonna end up working here this gen z jobs,22,2025-05-13T12:27:12Z,3A6PXXFWifE
Robots will replace every human doing this job in less than 10 years.,29,2025-05-11T16:44:50Z,3A6PXXFWifE
Seems to fast paced for me I’d probably get fired the 1st day,0,2025-05-11T02:46:54Z,3A6PXXFWifE
Absolutely not !! But thank you to all the warehouse workers who process my orders daily,0,2025-05-10T21:42:58Z,3A6PXXFWifE
thank you for your hardwork brother,0,2025-05-10T14:05:55Z,3A6PXXFWifE
Humans aren’t meant to do this work. How has Amazon not automated them out of a job yet? lol. 😊,0,2025-05-10T07:28:20Z,3A6PXXFWifE
A robot 🤖 is definitely gonna take over this job within the next few years 😅😅,1,2025-05-10T02:59:35Z,3A6PXXFWifE
This the job that made me want to join the army lmao could not keep my sanity and happiness while doing that for 40+ hours a week,3,2025-05-10T01:40:48Z,3A6PXXFWifE
Your a god damn fool they fire you for posting at work buddy,1,2025-05-09T04:44:19Z,3A6PXXFWifE
I used to work for amazon a few months ago and many years ago. I miss the one tote at a time method. That is where you work on a tote until it’s full then close it out and grab an empty one. Less mistakes that way. But the big A wants it the way they want it.,0,2025-05-09T03:08:21Z,3A6PXXFWifE
Thank you Amazon guy,0,2025-05-08T20:49:18Z,3A6PXXFWifE
That is not a comfortable pace to work at,0,2025-05-07T18:17:43Z,3A6PXXFWifE
I Will Work Anywhere In The World !! But Deff NOT AT AMAZON !! They Dont Treat People Like Humans ..(( HUMANS ARE NOT MACHINES !! )),10,2025-05-07T17:46:58Z,3A6PXXFWifE
PAID SLAVE WORKING 😢,3,2025-05-07T10:31:04Z,3A6PXXFWifE
You are working in FAT?,1,2025-05-01T02:26:07Z,3A6PXXFWifE
Don’t miss working for Amazon,25,2025-04-27T14:00:17Z,3A6PXXFWifE
If u are fat like me u will quit before the day ends. Fk tht shi,0,2025-04-26T07:10:32Z,3A6PXXFWifE
My FC don’t care about phones being used to play music or watch movies only ear phones is the issue but Amazon sells work approved earphones so it’s easy money now lol,1,2025-04-22T04:04:52Z,3A6PXXFWifE
"Pay should be at least $30/hour. Imagine only getting paid around $250 for 10-12 hours of working super fast and getting harassed that you should be faster. Modern day slavery, I'm glad I escaped. Making over $500/day 4 days a week now doing freelance commission work",6,2025-04-20T16:57:17Z,3A6PXXFWifE
Im bouta start at amazon but ina data center i hope its different from this im gonna be unloading computer shit from trucks an putting it into a laptop,0,2025-04-19T17:31:53Z,3A6PXXFWifE
"Imagine doing this for 11 hours, 5 days a week at the minimum. Getting slammed by that one loser manager for being gone for a 15 minute bathroom break and having half your break gone by the time you arrive to the break room. Brutal days",1111,2025-04-15T10:30:51Z,3A6PXXFWifE
"Job hard, pick faster 
whole 40hours & 4 days standing feet pain 😅🫩",0,2025-04-14T13:45:08Z,3A6PXXFWifE
This wouldn't work for me because my eyes don't work like they used to,0,2025-04-14T00:35:17Z,3A6PXXFWifE
Does the speed has to Work fast?,3,2025-04-13T18:59:04Z,3A6PXXFWifE
"If any of you see chance to get into RTS at a DS for Amazon do it!!! I move at my own pace and there’s no rate to keep up with. Small teams usually u only work with 4-10 people daily. 

Only downside is it’s usually 6.5 hours 5
 Days per week",0,2025-04-10T07:17:46Z,3A6PXXFWifE
"I worked at Fulfillment about 5 months I liked stowing, and was picking and packing time to time. In picking you should be really fast, I would say you should be really fast in picking, I was always feel exhausted after picking.",5,2025-04-09T15:42:51Z,3A6PXXFWifE
"I used to pick at 200 an hr  2k items per day.  3 mistakes per week. 

Then when I went to ship dock I was building walls using boxes in trailers. 4k packages - 8 k packages If Gaylord ( huge 5ft tall boxes filled with air freight (paper mail) were in trailer. I was part of day shift.  Sun-Weds. 😂  I used to enjoy using swag bucks to make up for PTO. 🎉❤",5,2025-04-08T12:50:48Z,3A6PXXFWifE
How het this job in Amazon  canada onatorio,0,2025-04-07T03:04:18Z,3A6PXXFWifE
How do l order on amazon. Whats the procedure,1,2025-04-04T10:45:51Z,3A6PXXFWifE
"Yet, Amazon was their workers to be faster. 😅. No wonder why injuries take place",0,2025-04-01T15:16:18Z,3A6PXXFWifE
You don’t have to work like this. He’s doing this on his own. No boss is making him to do this.,0,2025-03-29T22:30:27Z,3A6PXXFWifE
Make Your Money 💸 My Brother!!  Thanks For Sharing This Video!! Matter Of Fact Your Wonderful Video!!  From Showing Us!!  What It's Like Working At Amazon ✨.,0,2025-10-26T04:31:06Z,EVeQtco6a98
Mi hijo de 19 año😢empezó a trabajar a amazon primero como packing des pues lo cambiaron a esto que se llama piking espero en Dios que le vaya bien,0,2025-09-23T17:25:17Z,EVeQtco6a98
Ah man I feel like in any moment ur gonna break,0,2025-05-27T07:39:36Z,EVeQtco6a98
Maybe better than strolling for 12 hours in and out of clogged up aisles. 😢,0,2025-03-29T19:22:45Z,EVeQtco6a98
i need job hire i want job,0,2025-02-19T18:19:31Z,EVeQtco6a98
Can u pls job,0,2025-01-29T04:38:15Z,EVeQtco6a98
"They be putting me on the stations closest to the PA desk , I'm guessing cause I have a pretty high rate. I love it though. I used to be in ship dock. Now I do flex and I get to choose when I work, I love it. Amazon is not as bad as people make it out to be.",4,2024-12-28T22:02:08Z,EVeQtco6a98
"Labor Union Fresno,  California #amazonjobs",1,2024-12-27T17:44:23Z,EVeQtco6a98
That's no joke doing that for 10 hours my legs was hurting 😂😂😂 at least u get a break to exercise your body,0,2024-11-28T00:25:34Z,EVeQtco6a98
Is this hard? Bcoz im trying to transfer to Fulfilment and im currently an employee at Delivery Station warehouse,0,2024-07-10T23:29:39Z,EVeQtco6a98
How dose this work like do you just scan boxes ?,1,2024-07-09T20:01:29Z,EVeQtco6a98
"The best thing working at Amazon did for me was the fact that I could add “using heavy machinery” on my resume to get my job at the airport. I met plenty of awesome people there, but that’s where the good parts end for me. I started at a warehouse when it first opened in 2020 and for the first year, it was pretty good. My managers were actually friendly people and a couple of them were people I’d converse with on a regular basis. Once they moved up in the company and went to different buildings, in came new managers and instant problems. Suddenly, people like me that had been there since the building’s launch were being treated less fairly than the new hires which I swore got dumber and dumber every time they hired more. But the worst was the Safety Team, what a useless group of idiots. And to put the cherry on top of the sundae, they fired me in 2022 a month before my wedding. Fucking dicks.",0,2024-05-19T02:53:46Z,EVeQtco6a98
Omg this the perfect job for an introvert like me!! No talking just working 💯,151,2024-04-10T20:03:55Z,EVeQtco6a98
I worked at Amazon as a packer. Got labored shared to help with totes on the fourth floor where all pickers and stowers are at… that looks fucking miserable. Made me enjoy my department more especially since I have better access to the bigger break room and Human Resources.,14,2024-03-20T19:21:31Z,EVeQtco6a98
how do i apply for this? i am going to be a amazon delivery driver but i am curious about this one,2,2024-03-12T01:37:35Z,EVeQtco6a98
"Sad to see people taking amazon serious. A lot of people be doing extra for this company. Conditions are trash. Instead of spending money on new equipment for our work stations they go and spend it on cardboard cutouts of managers smh.  Let's not get started on how the managers get chick fil a and all kinds of other stuff while they give us old stale ass bag of chips, hot juice and expired ass snacks. People gotta know their self worth especially working at amazon. Manager's are lazy asf btw. Sitting in front of a laptop all day. Can't even get a thank you out them.",0,2023-12-01T23:59:48Z,EVeQtco6a98
What chaps my hide is not Amazon itself but their delivery drivers. They know about porch pirates and USPS mail theft but do little to nothing to thwart theft. It may not be in their job description but I would highly appreciate it if they would ring the doorbell. This would also help with alerting people that use doorbell cams. That way packages dont have to sit out all day like grab bags for scumbags.,3,2023-11-30T21:53:37Z,EVeQtco6a98
Picking is a psychotic job,67,2023-11-30T21:26:00Z,EVeQtco6a98
How to get this job,0,2023-11-30T16:32:52Z,EVeQtco6a98
I want to job Amazon you want to help me please am new here?,0,2023-11-16T10:03:18Z,EVeQtco6a98
"Good job, I hope we can have the opportunity to cooperate",2,2023-09-27T08:29:40Z,EVeQtco6a98
I’m literally watching this as I’m sitting here on my day one class here at Amazon 😅,33,2023-09-18T14:16:31Z,EVeQtco6a98
"Wish my Amazon had the robots lmaoo, people have to go on the operators machines to pick or walk around to find the items then bring them back to the area where someone else will drag all of the items to the packers.",9,2023-06-16T19:59:27Z,EVeQtco6a98
How many items do u have to pick per hour? Is it easy to meet that rate??,0,2023-05-20T12:43:01Z,EVeQtco6a98
"thinking about working here and leaving my shitty chemical plant job that pays 15 bucks an hour, what are the hours and can i get saturdays and sundays off? i plan on taking college courses and was wondering if they work with that",9,2023-03-22T22:11:25Z,EVeQtco6a98
some managers are so mean and dont know nothing about the work..all they know is to give write up,161,2023-02-06T01:41:06Z,EVeQtco6a98
How much you get pay for hour?,1,2022-12-22T00:43:15Z,EVeQtco6a98
I recommend working here for a while just to have on your resume so that you can apply to other warehouse jobs cause trust me you go nowhere here and competitive pay based on your performance is so much better than here,72,2022-08-26T06:49:07Z,EVeQtco6a98
I just quit my 12 hour shift for this job for 10 hours so I hope it’s worth it,18,2022-08-21T19:30:29Z,EVeQtco6a98
"Amazon warehouse in Kerala 
https://youtube.com/shorts/FP8NZLYP9aI?feature=share",0,2022-07-14T20:03:23Z,EVeQtco6a98
I been looking for work,1,2025-12-24T13:24:29Z,Pyrp2LXpYSo
How much they pay,1,2025-12-24T13:24:13Z,Pyrp2LXpYSo
Im working in pick to rebin in amazon spain,1,2025-12-14T22:21:41Z,Pyrp2LXpYSo
"Those kinds of Jobs are Garbage Dumps
You will not find any happiness working at those places",1,2025-12-03T19:36:30Z,Pyrp2LXpYSo
But whats the starting pay?,1,2025-11-28T21:09:47Z,Pyrp2LXpYSo
I rather do this than stowing,0,2025-11-16T21:32:59Z,Pyrp2LXpYSo
"No Music, No Workflow ? Light that J ?",1,2025-11-04T21:38:12Z,Pyrp2LXpYSo
This dude recording himself working. Why y'all gotta record every second of your life,1,2025-10-28T05:44:21Z,Pyrp2LXpYSo
This could all be automated the only reason you have a job is because people will complain more,1,2025-10-27T03:20:15Z,Pyrp2LXpYSo
Pick is the worst on your body. At least on stow you decide where to put the items,1,2025-10-26T09:04:20Z,Pyrp2LXpYSo
Its not that easy and theirs another one that is harder i think is called sorter and the one getting those yellow bins. Is a workout. But doing it for 10 hrs.?,0,2025-10-20T03:39:23Z,Pyrp2LXpYSo
Risking job for this stupid video 😂,1,2025-10-19T22:02:15Z,Pyrp2LXpYSo
"What about when your on the 4 th floor for the morning meeting and assigned to work on the 2nd or 3rd floor and someone is already working there, and then having to go back to the 4th floor to get a new number and have to keep taking the stairs everyday that shit harsh 🤣🤣",1,2025-10-17T20:23:13Z,Pyrp2LXpYSo
"Which Amazon building is this one?
It doesn't look bad 
I have worked at the sortation center and it's pretty easy and I love it there",1,2025-10-10T20:06:56Z,Pyrp2LXpYSo
"Hello brother 
I am from indian 
How to interview amazon and interpreter help me please",0,2025-10-09T02:39:39Z,Pyrp2LXpYSo
Robots 🤖 will soon replace 90% of Amazon warehouse workers 😅😅,2,2025-09-09T20:44:42Z,Pyrp2LXpYSo
Do they allow workers to wear earplugs? I don't necessarily mean earphones.,1,2025-09-08T19:46:40Z,Pyrp2LXpYSo
Looks easier than making 10 bucks an hour breaking down a truck and stocking it at a grocery store.,2,2025-08-29T01:12:14Z,Pyrp2LXpYSo
"I work as a picker myself, not the hardest job, but it does hurt my knees, and it gets annoying trying to get work done as fast as you can, only to have something stop you and you have to call an andon",6,2025-08-24T22:13:12Z,Pyrp2LXpYSo
"Wow, such a brainless job...",1,2025-08-24T05:38:44Z,Pyrp2LXpYSo
"The new Amazon warehouse being built in Hesperia CA. 
Is to be fully robotic",1,2025-08-19T17:39:32Z,Pyrp2LXpYSo
Working for Amazon is not a positive contribution to society. It makes you no better than an unemployed mooch cheating the welfare system.,1,2025-08-12T11:55:10Z,Pyrp2LXpYSo
is that stow,1,2025-08-11T05:58:46Z,Pyrp2LXpYSo
Stowing sucks more. I want to try this. It looks easy and don't have to deal with boxes which i hate,2,2025-08-10T06:42:03Z,Pyrp2LXpYSo
Rock on man! Just need some mettalica for whom the bell tolls playing to help pass the time. Great job staying focused,2,2025-08-09T13:20:17Z,Pyrp2LXpYSo
"When the item trolly comes, does it only stay at your station for a limited time before it moves off automatically, or does it stay until you've gotten your item? I take it these trolly also serves a bunch of other worker too, so if it's stopped at your station for too long it could cause a traffic jam?",1,2025-08-05T05:08:05Z,Pyrp2LXpYSo
What's your rate?,1,2025-08-05T01:55:35Z,Pyrp2LXpYSo
"I quit after three weeks. 12hr shifts, sketchy area. Fell down the ladder three times, had leg injuries, lost feelings in my toes on one foot for 8 months, well after quitting.

Props to you for doing this. It's one of the hard jobs.",5,2025-07-30T22:37:39Z,Pyrp2LXpYSo
Hard work pays off 💪  Very inspiring!,4,2025-07-29T04:26:46Z,Pyrp2LXpYSo
"You either terminated or about to be, using phone is against Amazon policy especially at a station lmao. Plus you don’t scan multiples to improve rate the way you did. lol",1,2025-07-27T13:11:57Z,Pyrp2LXpYSo
You stay motivated once you got a plan for a brand new car and fresh new p*ssy to pay for,0,2025-07-26T04:38:35Z,Pyrp2LXpYSo
Ok i wouldn’t survive 1 week in that kind of work even with good money,1,2025-07-25T19:53:08Z,Pyrp2LXpYSo
Smooth bro I been at Amazon for awhile as well going to school people hate on them but if you use it as a stepping stone it isn’t bad. Also if you worked construction this is cake work.,1,2025-07-23T17:05:09Z,Pyrp2LXpYSo
Hardworking!!👊,1,2025-07-21T15:32:17Z,Pyrp2LXpYSo
"Well, at least he’s working, not sitting on his keyster.",6,2025-07-20T02:28:18Z,Pyrp2LXpYSo
"That job would put me in the nut house, I do not like working inside, I was a truck driver and had other jobs where I was outside and they all included driving a vehicle.",1,2025-07-20T02:26:35Z,Pyrp2LXpYSo
Hes fired tyrone is slow af 😡💯,4,2025-07-16T23:58:33Z,Pyrp2LXpYSo
What exactly is the job title? Looking for this,1,2025-07-15T22:39:15Z,Pyrp2LXpYSo
"This isnt a job , I can get children to do this work .",1,2025-07-14T15:27:51Z,Pyrp2LXpYSo
If autism was a job,0,2025-07-11T20:39:16Z,Pyrp2LXpYSo
Way too risky to film yourself inside Amazon warehouse.,36,2025-07-10T20:49:29Z,Pyrp2LXpYSo
Whats this job title called..I'm considering a job at Amazon don't know what to pick,1,2025-07-01T17:38:26Z,Pyrp2LXpYSo
That looks like a mind numbing boring job. I'd give it a year or two and it will be done by a robot.,1,2025-06-28T15:25:12Z,Pyrp2LXpYSo
"Men used to work coal mines and steel foundries; now they are complaining about this ""hard"" work.",13,2025-06-24T13:04:58Z,Pyrp2LXpYSo
What’s the hourly pay?,2,2025-06-21T05:36:59Z,Pyrp2LXpYSo
"I did retail and warehousing.. Man, it was soul crushing. I would get out and see the sun and thank God.

I wish AI would replace this type of work instead of putting artists out of a job.",6,2025-06-21T04:57:50Z,Pyrp2LXpYSo
Back to work wagie,1,2025-06-20T16:03:50Z,Pyrp2LXpYSo
Picking is hell at Amazon.,2,2025-06-18T20:35:55Z,Pyrp2LXpYSo
Big props to you for doing this job. I wouldn’t last a day staying in one spot and doing this over and over.,13,2025-06-18T18:51:17Z,Pyrp2LXpYSo
Please can you give me the link to the Amazon job?,1,2025-06-18T03:11:32Z,Pyrp2LXpYSo
I ordered a $5.00 laptop sleeve from Amazon and got a $250.00 HP scanner/printer/copier.  I wonder how that happened?,2,2025-06-13T03:14:57Z,Pyrp2LXpYSo
this is the worst job at amazon. it takes a special kind of person to do this more than a temp job.,3,2025-06-11T18:07:41Z,Pyrp2LXpYSo
Ye the job is not great but you gotter make money if that’s the only option better then sitting down doing nothing like a lot of people .Remeber one thing rainy days don’t last forever if you work hard and have a vision,1,2025-06-04T20:21:34Z,Pyrp2LXpYSo
You really mess up your tfl muscle straining it they don't give you a break even if you're over 60 and I just want you to leave even though you're productive because you're not on the phone all the time,2,2025-06-03T13:39:53Z,Pyrp2LXpYSo
"That's not even ""work"".
That's repetitive simple labor for meager wages. 
With social media and internet there's going to be generations of warehouse ready humans.",1,2025-06-02T23:50:33Z,Pyrp2LXpYSo
The worst thing about it is when there's 3 medium sized boxes all together at the bottom 5o the point where you cant even stick ur finger tips in to wiggle the one you need out . Sometimes i honestly believe the stowers do that on purpose yo piss pff the pickers. Also when there is one goiant ass box that LITERALLY takes up every cm of space at the bottom to where you damn near tip the whole thing over trying to pull it out.. Amazon needs to make the m square cubby holes a little bigger.,8,2025-06-02T18:31:46Z,Pyrp2LXpYSo
The way Amazon has got their warehouses set up is actually quite incredible.,164,2025-05-31T09:34:56Z,Pyrp2LXpYSo
Picking is a nightmare u gotta be fast all damn day or night and u have a fucking manager nagging at u if ur not doing good enough even though ur trying ur best,4,2025-05-30T18:12:50Z,Pyrp2LXpYSo
How can i apply for a job at this?,1,2025-05-22T04:59:55Z,Pyrp2LXpYSo
I didn't realize humans still do this work. That is easily a job a robot can do.,2,2025-05-20T20:03:10Z,Pyrp2LXpYSo
where is this id like to work where the picking is like this,1,2025-05-20T10:42:20Z,Pyrp2LXpYSo
"I work in pack single at Amazon. Was wondering how picking job was. No, I can’t do that.",7,2025-04-27T15:52:59Z,Pyrp2LXpYSo
I did this jobs lots of times,1,2025-04-21T03:35:16Z,Pyrp2LXpYSo
"i have a question if you could answer please, did you ever get returns without a qr code ? i couldnt use the amazon return service so i sent back the package myself and put the item order number on the package, very visably on both sides. will that be okay will be able to refund me with the order number ? thanks",1,2025-03-26T18:05:38Z,Pyrp2LXpYSo
"Im in stowing, I've always wondered what you guys do here. Can you explain it? Like is this organizing it to have it packed next?",1,2025-03-09T01:40:51Z,Pyrp2LXpYSo
Good job just wish managers didn't fire ppl sometimes for dumb reasons really a four step procedure before firing but they skip the first 3 and go to number 4,1,2025-03-05T15:45:31Z,Pyrp2LXpYSo
"Worst part about outbound pick is if its slow you run the chance of them making you tote run. Just pushing a cart with yellow totes up and down one side of the floor restocking the machines. It’s a good day if they send you to inventory count. Much lower performance metrics and managers don’t bother you, super chill. Told my manger I’m getting burned out tote running all the time and wanted to cross train but told there was no slots open right now. I don’t want to quit because I just got blue badged and want to use the tuition benefit. I can transfer to a location closer to my house but they only have part time shifts there and I’d lose half my hours.",11,2025-03-05T08:27:46Z,Pyrp2LXpYSo
How do you know what to grab like this for some reason looks confusing as hell is there like a # you go by ?are those like things workers grabbed so you can complete order or does it bring item to you ? 😂,1,2025-02-25T06:06:57Z,Pyrp2LXpYSo
"i had this job don’t ever lose it , you will regret it , also work harder, that beep at the end showed you got the wrong product so you had to go back in where the projector was pointing i know you are at the bottom
of the leaderboard",2,2025-02-02T07:07:47Z,Pyrp2LXpYSo
Aye! Have you ever gotten injured when doing this work?,4,2025-01-22T17:12:16Z,Pyrp2LXpYSo
"and these people claim its such a tough job, machines will be taking this fast with those strikes being the excuses to move to them",3,2025-01-17T20:11:25Z,Pyrp2LXpYSo
That has to be the most boring job I’ve ever seen 😂,2,2025-01-08T15:59:43Z,Pyrp2LXpYSo
Just gotta gig stowing. I stowed over 1000 items 2day,6,2025-01-05T12:54:55Z,Pyrp2LXpYSo
Amazon is my best company,3,2024-12-24T06:32:41Z,Pyrp2LXpYSo
For somebody I haven’t worked in years. Do you think I could do something like this? What’s this position called what I need to put on the application,4,2024-12-23T07:20:01Z,Pyrp2LXpYSo
How to apply for a job like this at Amazon ??,7,2024-12-14T21:32:54Z,Pyrp2LXpYSo
I thought robots did this job,3,2024-11-29T06:04:54Z,Pyrp2LXpYSo
"I just started my first day and I’m so stressed because I hardly understand the codes and stuff, is it a job that I’ll get use to ? I need feedback back please",9,2024-11-24T06:24:24Z,Pyrp2LXpYSo
"I do this, too, and it sucks!  The issue is the workers that pack those carts.  A majority of the carts are overloaded, packages get wedged, or missing.  And, managers bust your balls because you can’t meet quota…",97,2024-11-20T13:59:53Z,Pyrp2LXpYSo
Good job 🎉 mad respect 🙏,28,2023-11-19T16:32:05Z,Pyrp2LXpYSo
Now I don’t want to work at all,0,2026-02-19T03:15:38Z,Lyqo2uJvNO4
"Thank you, I was considered it but will look at other warehouses instead 😊",0,2026-02-17T14:47:33Z,Lyqo2uJvNO4
"As someone worked there these are my three:
1. Have a way out
2. Avoid drama from the low lives 
3. When Management tries to get you in trouble for time of task, as have an excuse ready and finesse",0,2026-02-10T14:28:56Z,Lyqo2uJvNO4
"If you work at Amazon, please take advantage of career choice, which pays for job training in other industries  and/or college degrees and certificates.",0,2026-02-10T01:34:10Z,Lyqo2uJvNO4
Wondering if Amazon will convert unused warehouse spaces to AI data centers... 😮,0,2026-02-02T22:49:40Z,Lyqo2uJvNO4
"😂 I currently work there, after 6 years of employment I'm still enjoying the job... It's not for everyone... You got the bs trophy🤣",0,2026-02-01T22:30:01Z,Lyqo2uJvNO4
"Currently working at amazon. I work Front half night shift, Sunday - Wednesday, 6PM - 4:30AM. I lucked out- Durning training I got assigned to floor 1, that's ship dock and pack, two decent process paths- I got put into ship. Ship is great because plenty of those tasks aren't tracked at all, and the bosses down there are actually pretty chill and respectful *most* of the time. Drama is low, bathroom breaks are plenty, and you can pretty much avoid most of the hassle by being respectful, competent and not abusing the trust you get. These traits could be unique to my building- It's rather new, having only opened last year, but being in ship dock has actually been one of the more satisfying job experiences I've had. You're still just a number to them, still only getting moderately decent pay, and you still sometimes get work tracked- but you're almost never going to be fired for working too slow or having time off task if you show a baseline level of capability here. 

Me- I'm an ultra special case, I'm a dedicated Cart Builder- That means I unfold ""Go-Carts,"" these big 7~ish foot tall rectangular metal and plastic carts, with caster wheels and double dutch-style doors- each a few hundred pounds-ish and come folded up into an L shape with usually around 128 of them nested into a single trailer. All I do all day, almost every day, is put my stuff away, put on my PPE, and just build carts all day. I spend hours on end inside a trailer just spitting carts out while other workers come and take them- I'm not tracked, I'm not monitored, the cameras usually can't see me on account of the massive wall of carts I typically produce after a few minutes- It's kinda heavenly for someone who enjoys physical work and likes a little independence. Brutal on your body but the freedom is awesome since every time I clear a trailer, my bosses usually go ""Hey, nice work, why don't you take a quick five minute break"" and on a good day I can score six or so breaks- enough to rest up, get snacks, and avoid overworking myself most of the time. 

Not exactly a cushy job- but there's ways to score a tolerable amount of comfort in amazon. And it can be an amazing place to go if you need a job that will keep you more physically active- I don't even go to the gym and since working here for 4 months I've lost ten pounds and my six pack is coming back, so there's that too.

For sure though- working any of the other process paths is hell, don't do it- don't listen to anyone who says ""You know, getting cross-trained into pick/stow/sort is a great way to-"" tell them to shut up and that you want to go into pack or ship and never let them train you for anything else. They cannot FORCE you to be trained in anything you don't want to- but once you're trained, they CAN force you to go back there- so be wary. Also don't let your Unpaid time off slip below zero- idk why this is so common but it's the number one way I hear about people getting fired from ship. You get voluntary days off, just grift for those and always keep a day of time off in case of emergencies.

Primary downside? People online get to call you corpo scum and you can't argue with them about it.",1,2026-01-24T00:43:40Z,Lyqo2uJvNO4
Workers having sex in the bathrooms at amazon.,1,2026-01-12T12:17:07Z,Lyqo2uJvNO4
I work sort. The day I quit Im fucking the sort up 🤫,0,2026-01-08T15:50:14Z,Lyqo2uJvNO4
From my experience with talking to many associates about what they hate the most about working at Amazon and it's the managers. There are way way too many A-hole managers that there are not enough good managers to balance the workplace to be a physically and mentally healthy environment to work in. Amazon's policies don't always make sense which is frustrating. Amazon management don't apply common sense to the way they handle the associate's.,1,2026-01-06T20:02:16Z,Lyqo2uJvNO4
"I experienced a similar experience working at a Target Distribution Center. Went in after getting murdered the day prior, saw my truck they wanted me to unload. I just left. Never again.",0,2026-01-01T05:31:14Z,Lyqo2uJvNO4
"I worked there for five years bust my ass they found safety to try to wrap me out got in trouble because of a safety rat a month later got terminated in a email saying that I was suspended. They blocked me from my app and say that I had a week of benefits left over. I tried to hit HR up several times with fixing the problem so I could do my seven day appeal I was trying to get a hold of the HR in the building haven’t called me back and when it comes to a warehouse cause I work first shift from 7:30am to 6pm and when it comes to working in the warehouse, don’t talk about a union to anyone because it’s like oh no the world is going to end. We’re all gonna have a union. People are trying to get a union involved when you know the benefit of the doubt of having a union to have better raises in a retirement plan and union dues is just like paying for your insurance other thing is you already paying your for your insurance because the union gives you what you deserve that’s why union dues as union dues so you don’t have to pay for their insurance. It’s just the union dues",0,2025-12-28T14:03:09Z,Lyqo2uJvNO4
"Video title should be “Grown men guides to be a lazy worker, and how to complain about working” it’s the easiest job ever. You got lazy friends",1,2025-12-22T11:19:38Z,Lyqo2uJvNO4
"I remember when I quit. Very clearly. I had asked for some time away because my mental health was the lowest it had been in my entire life. Every time I got in the car I dreaded going to work. Dread, actual anxiety just getting in the car and starting it. Different from exhaustion or irritation, I DREADED it. I took I think roughly two weeks away, I asked for a period to allow my health to return to normal. But when the time to return to that dreary warehouse came around, I physically could not do it. I dreaded it so much that I couldn't get in the car. I quit that afternoon. No two weeks, nothing. I quit then and there. I haven't looked back since.",2,2025-12-19T11:42:37Z,Lyqo2uJvNO4
"Actually, if you use the bathroom on yourself during shift, you have to let your area manager know and maybe they might let you off on vto",0,2025-12-07T18:11:07Z,Lyqo2uJvNO4
"100% accurate!  The manager looked at me like I was crazy after I exited the restroom because my eyelashes were frozen together after coming out of the freezer! I was shocked at that experience of having to defrost. She told me I can't go to the restroom without permission.  One of the shift leaders started laughing at me the next day when I showed up for work, he said, wow you mean you came back, lol. He said most leave after the first shift. He was right, most of my team didn't show back up. I stayed the longest before I walked off at lunch break. I stayed a whole 4 days! 😂",0,2025-11-30T08:05:00Z,Lyqo2uJvNO4
"Idk man, fourth day of work. 8 hours over time. X1.5 plus all 3/4 are surged +5$. 

25/hour to scan bags for 10 hours with over time is over 35$/hour just to scan boxes for 10 hours... easy 1500 a week.",0,2025-11-29T20:39:40Z,Lyqo2uJvNO4
"I was thinking of working for amazaon in Miami fl. But,I heard managers are not professional and firing hard working people and not being fare!! Beware people I hear that managers sleep around with women in there and abuse workers with productivity. Not producing you’re gone!!! Wish the owner take some time off to investigate or send undercovers! But if money is more important to the owner then people find yourselfs something better!! Yes slavery still exists in Amazon. Please investigate your managers and supervisors!!",0,2025-11-27T07:30:18Z,Lyqo2uJvNO4
"Well, I have lupus and hemolytic anemia, but I have been working at Amazon for two years. 

I work at a delivery station. My favorite job is unloading. I also often work as a water spider, a Non-Con unloader and sorter, a stower, and diverter. But, I also do inducting, problem solving, and straightening. Of course, I do picking, traffic control, and carts. 

I enjoy the job. I am good at it. My only complaint is that job rotation wasn't done fairly. 

Since I am an efficient and fast worker, I was given harder work regularly. I like that, because it makes it seem as though my day goes by more quickly. 

However, during times when I have severe lupus flare-ups, or I am going through an anemia pain crisis, I don't want to sort Non-Cons, or go out side in below zero temperature for 3 1/2 hours, while cute, younger women get to simply stand at a table and induct or push. 

After presenting this complaint to management about five times, nothing was done about it. So finally, I threatened to quit if I wasn't put in a rotation where I occasionally got the easier jobs too (like when I am extremely sick). They realized I wasn't bluffing. Ever since then (about 2 1/2 months ago) I get to induct and do problem solved too, instead of sorting and unloading Non-Cons all day, and going outside in below zero temperatures three or four times a week.",0,2025-11-27T04:33:42Z,Lyqo2uJvNO4
I’ve ninja quit a few jobs in my life . Sleepier out the back into the fog of night and blocked all numbers …. Shameful coward way to quit u know but it kept me out of jail and civil court a few times I’m sure lol,1,2025-11-24T20:13:56Z,Lyqo2uJvNO4
I’m currently at Amazon been doing the it for over 3yrs now I do the deliveries and I work inside of the warehouse to me personally it’s mostly who’s the manager and or if your fitness are working that day,0,2025-11-17T23:13:56Z,Lyqo2uJvNO4
"I worked there one day 😂. For me, it was the repetitive motions. The shift felt like double the time for the pay.",2,2025-11-15T14:43:13Z,Lyqo2uJvNO4
"As soon as he said he's never actually worked at Amazon and is just going off people's stories I instantly checked out. How can you judge a place based on the performance of multiple people in one, two or even three locations? You have no idea how nice someone six states over could consider their job at amazon...",5,2025-11-14T02:29:26Z,Lyqo2uJvNO4
You dont even work there and I just applied and you gotta go freaking me the fck out,1,2025-11-04T01:22:31Z,Lyqo2uJvNO4
Always do the bare minimum for any corporation but it look like your best  and never take advice from your co workers or managers in places like this it’s miserable people a step away from junkies,0,2025-11-01T16:11:44Z,Lyqo2uJvNO4
It's very very sad how I lost my job at Amazon because someone said I didn't stop at a stop sign in the parking lot after my shift( 4:30am). My friend was fired for getting mad at someone calling him a monkey 🐒.,1,2025-10-19T04:49:53Z,Lyqo2uJvNO4
"Amazon is a terrible place to work. I’ve received two write-ups, and I usually rank in the top five on the floor. The write-ups are for quality, and it’s probably because I’m one of the most productive workers. However, I tried to explain this to them, but they don’t seem to care.",1,2025-10-17T03:34:08Z,Lyqo2uJvNO4
"I’ll never understand how people complain about Amazon. It’s literally the most straight forward job there is, you get pay ok, you can make overtime, you work only 4 days and have 3 days off almost every month…. The bathroom situation had never being as bad as they make it seem… usually the people that complain about the bathroom it’s people that are literally the ones that do less😂 I’ve wouldn’t be defending them if it wasn’t because I’ve work for them in 2 different locations….",8,2025-10-11T16:46:59Z,Lyqo2uJvNO4
Don't get enough hours Felix,0,2025-10-05T02:48:14Z,Lyqo2uJvNO4
"I understand you one billion percent. I just got hired at Amazon last month on 9th of September, and I am working 10 hours a day, 40 hours a week, and in October I will be working 5 days a week, including Saturday, I have a week where I am only going to be free for 1 day and then go back to work of another 5 days, 45 min break only and then I go home, eat a little, go to sleep, wake up at 4:30 AM, do some personal task (trying to END the rat race), and then prepare for work. I pack boxes and let me tell you, Jordan... they can get heavy as sh** and you have to work fast. You have everything nearby to work and pack as fast as possible, lunch break is not big enough, I only work in the morning shift (from 8:40 AM to 6:50 PM), I get to have decent money, but man... I am already exhausted and I also have epilepsy. I only want to work just to end my bills (which is not a crazy amount), and save/invest some for myself and my future, then BYE, BYE! No sir... this is not a decent place to work, yes, people are friendly but honestly most of the people that I started working with in the same day, they quit. One guy lost weight and I'm like... WOW! Bro what's up with you?? and this is it... overworked and underpaid. Can't wait to get out of the rat race asap.",1,2025-10-02T06:07:12Z,Lyqo2uJvNO4
"Time off task , he’s right . They will find away to fire you man it’s fuckin crazy . It’s happening right now to all my buddies . Such hard workers . Fuck Amazon",0,2025-09-26T22:37:21Z,Lyqo2uJvNO4
My mgr doesn't care about tot as long as ur hitting rate. Im a kick out problem solve its Hella chill. & u can leave early or late whenever u want as long as u got time!,0,2025-09-26T03:01:11Z,Lyqo2uJvNO4
"I was recently fired from Amazon because it was my fault I would run out of work. After 3 years. They didn't care. They called it low productivity. I was a month away from my 4th year, and pay raise.....and they tossed me away",0,2025-08-28T03:48:18Z,Lyqo2uJvNO4
While watching this right now as I’m preparing my first shift tonight all i could say is that i don’t want to work there but i got no choice im in a tough situation and i need money. I’m not going stay in that job forever just for like at least a month or two because im moving out from New Jersey to North Carolina with my soon to be wife so im trying to save money much as i can. I heard a lot of bad things about Amazon but ima be applying other jobs while on Amazon hopefully wish me luck.,3,2025-08-27T23:55:06Z,Lyqo2uJvNO4
I love driving for Amazon,0,2025-08-24T13:38:28Z,Lyqo2uJvNO4
"Each thing had, “find another job”",0,2025-08-17T23:55:24Z,Lyqo2uJvNO4
"I just had to comment because wtf? 
first of all amazon has been the best employer I have ever had hands down , the fact you'd rather be treated at McDonalds for less pay says it all .
bathroom breaks are only monitored when an associate takes more than 15 minutes so yea that is a nuisance for all the non wanting to work people.
we have a lot of quitters at amazon especially the day first day ones.
your disclaimer should automatically disqualify this entire video .
I used to weigh 270 and lost over 50 pounds working at amazon and I never felt better
and for someone who says Fedex and usps enviroments are better HAHAHA you're tripping 
good god your last rule is fucking lazy thats all I can say because the same workers who don't want to put in the work in ANY place would not work harder and push themselves at McDonalds you brain dead FUCK !",1,2025-08-10T21:07:10Z,Lyqo2uJvNO4
"A coworker, after being told she couldn't go to the restroom, pulled down her pants and peed right there, at her station!  Did she lose her job? I never heard!  LOL",1,2025-08-06T21:31:42Z,Lyqo2uJvNO4
"Hey there, 

First off thanks for using your platform to call out Amazon. As a current worker there I can tell you it SUCKS. 

It wears on your body and the higher ups don't care. They go off on all kinds of stupid stuff, scan rate being the favorite. 

To whoever manages to read this, for the love of God if you really need money it's not bad but doing it for years is stupid. Have a plan to get out.",1,2025-08-05T03:04:53Z,Lyqo2uJvNO4
dont worry i work in automation all those warehouse jobs will be gone in next 5 years china alrdy has black plants meaning no living soul on site everything done by robots its coming,2,2025-07-27T14:15:38Z,Lyqo2uJvNO4
Scamazon is a disgrace,0,2025-07-23T01:09:01Z,Lyqo2uJvNO4
Flex shift is hard to get hours,2,2025-07-22T23:58:00Z,Lyqo2uJvNO4
"I remember when I couldn't find a job, my mom suggested to work at Amazon. I heard a couple horror stories about Amazon treating their workers horribly, so I refused. But I think my mom kept suggesting Amazon, just for a few months at least because ""A job is a job"". I work at a place that seems to appreciate my work now",1,2025-07-21T16:39:18Z,Lyqo2uJvNO4
"My boyfriend works at amazon in Germany and there they give you bathroom break there as much as you want, about which country are you talking?",0,2025-07-19T18:21:40Z,Lyqo2uJvNO4
Don not work  their. Thats all you need to know.,0,2025-07-18T16:42:28Z,Lyqo2uJvNO4
Let me give u guys my honest truth. It depends on your lifestyle. If u a person with kids and bills yes the job will most definitely sucks. I’m 19 and I started two weeks ago everything they said in orientation is a lie. For my situation I already knew how stressful jobs is for people who didn’t work when they were teenagers are going to get a taste. I work at little ceasers and it required more skill and was way stressful than Amazon. Amazon was easy for me yea I had to stand for ten hours overnight but like I said it depends on ur lifestyle I already use to stressful jobs and tbh I have benefits like dreads so I put my AirPods in without being notice. I do sorting which is easy ash just boring. Bathroom breaks is easy u just gotta be smart boost ur ratings up find the best products if ur dealing with sorting. I use couple bathroom breaks and stay in for 15 min every time. They do not come looking for me even tho I Been inactive they mainly to see if ur ratings are good. But that depends on the manager but don’t be lazy and they don’t be on u. If u taking bathroom breaks go to the one up front because they have trackers at the one on the side and the back. Hit bathroom breaks towards break to fit in more and use the stall don’t be dumb and just get on ur phone in the bathroom managers walk in all the time and will make u clock out. Only thing they care is being late after the paid break trust me that’s the only things that will hurt them. Try to aim for waterspider position . U won’t be track cause u ain’t scanning nothing and u moving around that’s better than staying in one place all day. Amazon is easy if u already had jobs when u were a teenager most people complain because of their lifestyle they are dealing with kids and bills but if ur young the job is gon be easy for u just a long one task job. I recommend getting cool with ur managers u don’t have to tell them stuff just get cool with them that way u can ask to switch different positions and tbh they don’t be looking for u. Now do not get on no females I repeat I see many guys try to talk to females they are the number reason to get u fire. They will snitch and get u caught up and are the most distractions . Do not make any friends if ur are make sure its the right one. They can cause u to be late and distraction u dont wanna get distracted on any job site due to the fact ur gonna get comfortable and managers gon think u not taking it seriously. Mind ur business don’t be a snitch trust me once a person knows ur a snitch u wont be liked and they’ll find anyway to get u fired. Overall Amazon is depends who can handle it or not. Now the job sucks but the money is good especially for young people. Do not try to be a person who wanted to move up quickly that will bite u quick. I’m only there cause it pays the most out my city and plus I got a degree and IT their IT jobs are easy and chill so w is win. For older people with kids I would rather aim towards flexible schedule if no choice ofc the jobs gon be suck unless ur some manager but every job is like that there’s a reason Amazon pay more they know their gonna work their employees off so find something u feel comfortable even if it pay less but if u have no choice then that’s something people have to deal with honestly living is a scam anyway. Hope this help anyone. Oh yes try to aim for fulfillment center small Amazon are much easier bigger ones are much strict and has trash manager and longer walks.,4,2025-07-08T02:31:47Z,Lyqo2uJvNO4
What was that “LL Cool J said that you know you’re just a worker and your boss is my man. That’s just terrible. You can’t even go to the bathroom while J Bezos on his yacht giving his wife  golden 😂😂😂,1,2025-07-04T07:14:54Z,Lyqo2uJvNO4
Half way through the video: “Disclaimer I’ve never worked at Amazon”,0,2025-06-23T04:47:21Z,Lyqo2uJvNO4
Amazon is only a good place if you have friends there and find a way to slack off and dodge tot aka indirect roles. Speaking on warehouse. But don’t work there for too long move to flex for and only work 4 hours a week and keep the job in your back pocket,0,2025-06-21T12:29:40Z,Lyqo2uJvNO4
Amazon is best employer people benefits and pay . I know it’s a joke but this hurts the business company. But his videos insight he should be a manger,0,2025-06-17T15:21:15Z,Lyqo2uJvNO4
"The 1st reason is bogus. I work at an XL Warehouse. We take bathroom breaks; human nature. 

It's just that some people including a guy I work with stays sitting in the bathroom for a minimum of 20 MINUTES...EVERY night. Multiple times a night. & no he doesn't have any medical issues.

He is just LAZY.

Yet, he never gets spoken to about his TOT. There's a lot of favoritism. 😉",0,2025-06-16T15:48:40Z,Lyqo2uJvNO4
"I must be lucky. I always use the bathroom and never get told anything. I've been marked tot many times, usually due to barriers. 

At least where I'm at. If they know you work, they won't question you. It all comes down to what kind of management you have, like every other job. I had other jobs that were just ad toxic and got strict with the bathroom. 

My girlfriend worked at Men's Warehouse, and they told her she had to clock out each time she had to go to the bathroom. 

Tbh, it doesn't matter what job I got. I'll take what I can get. I'll use the damn bathroom.

People don't quit jobs. They quit bad managers.",0,2025-06-16T00:36:27Z,Lyqo2uJvNO4
"I had heard from a coworker at another job that Amazon was just another shit hole, and after watching this I would say that's accurate.",0,2025-06-15T20:38:49Z,Lyqo2uJvNO4
i cant realy complain about amazon since ive worked ground zero landscaping with the worst company ever for 9 hours a day only 11.50 an hour,0,2025-06-11T00:14:06Z,Lyqo2uJvNO4
"Honestly, I agree with everything you're saying if I wasn't an AFM. I believe being an AFM is the most enjoyable fun job I've ever had. I like going to work everyday. But everything I did at Amazon before I became an AFM. I agree with you. It sucked all of it sucked but being an AFM I can become higher than that. Now. That's the only job I like there. Everything else is absolutely true though",0,2025-06-04T06:14:48Z,Lyqo2uJvNO4
"But working at subway dealing w customers, hour rush, cleaning dishes, stocking, an cleaning when it’s supposed to be a job where u share it w everyone but im morning shift so what the other shifts didn’t do I gotta do",0,2025-05-30T15:27:08Z,Lyqo2uJvNO4
"Telling yall rn Amazon u gotta be built different i was working a 10 hour shift and it was good since i was the top 10% of worker's in my department then after i slowed down becuase i realized i was over working and DIDNT get anything in return ,then my manager who was praising me for begin at the top started asking me why im slowing dowm even though i was still doing more then workers we had to pick 300 per hour i was doing 450-550 then showed to 330-390 and they still tried to make me go faster,  i then went to ship dock and it was great i was basically walking for 7 hours a night i didn't mind because i was losing weight and would go gym afterwards but then i madw a mistake i became important 4 days a week every manger on the floor is calling me then 1 day of the week i would just chill and get called every once in a while to unlock the shippping doors so my conclusin? Its hard work yeah but i had a goal buy a car n move out and thats what i did proud of myself but ill never go back unless im making 35 per hour and only day shift, night shift not for the week ,i took 4 weeks of vacation using my pto and all my time off options then texted my manager on slack im not coming back 😂😂😂😂 he never responded but it was funny asf he was stressed bout anything n everything 😂😂😂😂 good luck to everyone there right lmao",0,2025-05-28T03:00:31Z,Lyqo2uJvNO4
I love working with Amazon flex it’s not hard job it’s easy too deliver packages 📦 some customers or nice,0,2025-05-14T01:21:14Z,Lyqo2uJvNO4
"Worked at amazon for the job experience and the money. it's a back breaking job, and it is miserable 🙃",0,2025-05-11T05:41:17Z,Lyqo2uJvNO4
"I work for them as an RME tech, and I can say I actually do love it. It's different but solid. (quirks 100% exist though lol) Plus they'll pay for college and you can work your way up if your really have a good head on your shoulders, work hard, and take the quirks lightly. Just stay in your lane, improve what you can and dont take the emotions from work to home.",0,2025-05-08T18:25:52Z,Lyqo2uJvNO4
I SEE YOU HAVE TO BE DESPERATE TO WORK FOR AMAZON?EVERYTHING I HEAR FROM YOU GUYS IS TOTALY BAD!I AM A COOK AT A COLEGE AND THEIR BENEFITS ARE SECOND TO NONE!I HAVE BEEN THERE FOR ALMOST 10 YEARS!,0,2025-05-07T17:47:37Z,Lyqo2uJvNO4
I've been at Amazon for 3 years yes I 🪚 d three years and every story you here about this place it 300% TRUE,0,2025-05-07T02:35:56Z,Lyqo2uJvNO4
"As long as you know the banned words at Amazon,  never say Careful or safety these are banned words and not approved words at Amazon 👍🏻",0,2025-05-07T02:30:45Z,Lyqo2uJvNO4
Working for an Amazon DSP is literally the WORST job that you could ever work,1,2025-05-06T00:03:28Z,Lyqo2uJvNO4
"I worked for Amazon, the only issue there was, was their COVID rules. And I took shifts like crazy, was hired as a seasonal employee and then I was let go.",0,2025-05-02T04:14:17Z,Lyqo2uJvNO4
Im a water spider and an LA. Only worked for 4 months so far and i enjoy my job lol,1,2025-04-25T01:40:37Z,Lyqo2uJvNO4
LOL eat at Olive Garden for your whole shift,1,2025-04-21T01:44:09Z,Lyqo2uJvNO4
I work at one of the smaller fulfillment centers and it’s chill asfff. I love it and can come in as late and leave early everyday as much as I want.,0,2025-04-17T21:16:47Z,Lyqo2uJvNO4
Can i work the chat customer service thing from home?,0,2025-04-15T17:11:39Z,Lyqo2uJvNO4
Shitttt i mosta got lucky cause my amazon fc is amazing 😅,0,2025-04-15T03:01:01Z,Lyqo2uJvNO4
'I work in a pizza place!'😂😂😂😂🤣🤣I died when he said that!,0,2025-04-06T13:59:31Z,Lyqo2uJvNO4
"I deleted Amazon after seeing a video of a woman get run over and the Amazon driver saw her, got back in the car, and left without helping her
They also fired my mom who they need because she’s only one who knows what she knows, and now she has her own successful and profitable business.",0,2025-03-30T19:20:51Z,Lyqo2uJvNO4
"Let me summarize this real quick:

Rule one: don’t work at Amazon.
Rule two: quit.
Rule three: work for someone other than Amazon.",1,2025-03-24T00:11:57Z,Lyqo2uJvNO4
SO HOW CAN WE HELP YOU GUYS. SOMEONE SAID ONLY ORDER THINGS IN FEWER BOXES THAT CAN WAIT A FEW DAYS. ALSO DO NOT ORDER AMAZON PRIME ITEMS. IS THIS RIGHT? OTHER THAN GO ELSEWHERE - ARE THERE THINGS WE CAN DO. I'm going to look into where else to shop on line. Also not at Walmart. Same subhuman conditions.,0,2025-03-23T15:12:36Z,Lyqo2uJvNO4
"Bro I worked ar Amazon for a bit over a year, on track to be a trainer.  Covid hit, I let them know that my wife at the time got covid, so I let them know out of respect. They said I had 5 days to get tested(before at home tests), including my off days. I couldn't book anything for less than 3 days out, and then I had to wait for 2-3 days. When I got my test back and took to HR, they said I was past my 5 days already and they fired me right then and there. I actually liked and enjoyed the job but it didn't feel like the company cared about their employees at that moment",1,2025-03-18T14:24:04Z,Lyqo2uJvNO4
well just piss on the floor or keep napkins in your pocket in case ya gotta take a shit in your work area on the floor ya fuck it i would do it,2,2025-03-01T21:38:03Z,Lyqo2uJvNO4
"Gollllyyy I been working here over 3.5 years and you’re spot on 🤣🤣 I was trying to find videos to help me get through the shift and all it’s doing is stoking my passion for seeking that new job, it gotta be soon!",3,2025-02-28T18:53:50Z,Lyqo2uJvNO4
I know someone who worked at a return counter. They could use the bathroom but every other single aspect of working for Amazon was absolutely horrible.,0,2025-02-27T06:39:37Z,Lyqo2uJvNO4
"I've been there for over 3 years and I really like it.  Yes, the place can be a dumpster fire but that is because they will hire anyone with no brain cells.  Then you get entitled workers that don't care about anything because ""you don't pay them enough"".  Ridiculous!  The jobs at Amazon are definitely not high skilled. 
I have a great dept and have always had terrific managers but communication can be a problem and don't get me started on HR/ERC. 🥴
You can't beat the benefits, though. And as long as you have time off accrued you can come in late, leave early...all without hearing BS from management.  All through the app.  And you get $5200/yr for school (don't even have to be reimbursed!)

Many young people only look at the money per hour but benefits are extremely important, especially in the USA.",1,2025-02-26T08:42:33Z,Lyqo2uJvNO4
"Hello All, I currently work as A fulfillment associate at a Amazon warehouse, and I have to agree with the other comments based off what Jordan expresses in his video regarding interactions with those who worked at Amazon. As a current Amazon employee who been with Amazon going on two years from March 2024, 2025.. and I hope I will find something else soon overworked and underpaid and very much under appreciated with no offer to move up the ladder….",1,2025-02-15T21:45:38Z,Lyqo2uJvNO4
"I've been there for 4 years. My old building was good for 2 years, but it just absolutely spiraled downhill. I had to get out bc my injuries were getting too bad. I had a back injury from unload 12-15k boxes a night. My back literally would freeze for 20 sec at a time and I couldnt move. Took 6mo of PT and even now im getting random episodes of that from my desk job. Lower back is just F'ed. Then I got really bad shoulder pain. The initial injury was from doing arm circles at home but theres no shot working at Amazon wasnt to blame and was the reason I needed PT for that (but of course they didnt cover it bc I saw a doctor on my off time). But calcific tendonitis isnt something that happens overnight. Amazon did that to me. Doing a desk job there now, but im doing two peoples jobs and getting paid for the wages of the cheaper one. Really want to quit but Idk any other company that will give me the vacation time I need so im kind of trapped. 

Honestly just need to become independent or move to Europe -_-",0,2025-02-15T17:57:47Z,Lyqo2uJvNO4
This video is so good I had to scroll back up to see if there was a YouTube “information” Box claiming that Amazon is voted the best place to work.,0,2025-01-28T21:38:23Z,Lyqo2uJvNO4
Scam company yes there is no bathroom the use us as slave don’t work there it’s so stupid,1,2025-01-21T01:10:38Z,Lyqo2uJvNO4
working there put me into the worst mental state i have ever been in.,4,2025-01-20T00:38:48Z,Lyqo2uJvNO4
there are so many videos about people quitting- how are they still in business with a revolving door,4,2025-01-15T04:22:52Z,Lyqo2uJvNO4
"Ngl I’ve had a better experience at the warehouse than any other job, been in customer service for the last 4 years, and the physical strain is nothing compared to the disrespect and mental tiredness I get from dealing with people all day",0,2025-01-12T16:24:14Z,Lyqo2uJvNO4
You can land a job there in a minute so much turnover,0,2025-01-12T05:51:13Z,Lyqo2uJvNO4
I worked at Amazon Could not get down handheld computer thing. They say you run 12 miles a nite A little less  They want orders filled perfect First 2 weeks A guy left the floor and I had to talk to trainees Distracted me so I put an enema in the wrong bag Lol They called me in the back room and told me had to save the company lol They have weird cliques and people that run you over,0,2025-01-12T05:49:05Z,Lyqo2uJvNO4
Everything he’s saying is completely ACCURATE!!!! Worked there for almost a year & it was the worst job I’ve ever had,1,2025-01-08T22:21:53Z,Lyqo2uJvNO4
Amazon workers across America are going to have to go on strike because the stories are everywhere,1,2025-01-08T06:41:23Z,Lyqo2uJvNO4
"Bad advice. Just work, yo. I work at Amazon and Regal and McDonald's. Is it exhausting, fuck yes. But it's life bro. Stop being a wuss!",3,2025-01-08T01:28:30Z,Lyqo2uJvNO4
So you're saying I should work at Amazon ❤,0,2024-12-31T00:09:05Z,Lyqo2uJvNO4
Wat amazon are yu people at??!???,0,2024-12-29T10:14:03Z,Lyqo2uJvNO4
"It's so crazy you say this, because I've been at Amazon a long time and I love it. 
Every Amazon building has a different culture. I guess I'm at one of the good ones",2,2024-12-28T14:38:24Z,Lyqo2uJvNO4
"bro I cannot relate, I had a good experience at Amazon, and even if I wanted to go somewhere else where would I go?",0,2024-12-28T05:08:30Z,Lyqo2uJvNO4
"You never worked at Amazon but you say you have to be the best worker and be the person they rely on… 

Tell me you don’t know what you’re saying without directly saying it. lol “finding a way to quit in a amazing fashion by working hard” lol that’s just to spread belief in wasting effort in trying harder for people who don’t know.",1,2024-12-20T18:28:54Z,Lyqo2uJvNO4
"Great video. I worked for 3 years at Amazon at Outbound. I used to scan boxes, load the truck and  TDR. The break room was about 10 minutes from my work station. I only had 5 minutes to eat. During my 30 minute lunch break, it was a 10 minute walk. Another 10 minutes on line to wait for the microwaves and only 5 minutes to eat. No air conditioning. There were times when the food machines were empty on my break. If your unpaid time goes negative, you get terminated. So, don't get sick because they don't give any sick days because you would have to use your upt, pto or vacation time. One day they wanted me to load 2 trucks at the same time without any help. I just walked out. I wasn'tgoing to risk my physical health again. That was my last day. Before I quit, I used up my remaining PTO and vacation time. I felt so much happier by quiting.",0,2024-12-20T09:55:19Z,Lyqo2uJvNO4
I just quit Amazon the amount of work you have to do is crazy why they don’t atleast got warehouse workers to load the vans. To at least take some stress off it’s horrible had pass lunch breaks just to stay on time after a month I quit,0,2024-12-17T20:23:53Z,Lyqo2uJvNO4
This is the worst kind of person to listen to. They will set you up for failure. Amazon is the easiest most braindead job to work at. Don’t listen to this guy he doesmt know what he’s talking about.,0,2024-12-09T22:00:23Z,Lyqo2uJvNO4
They hate on your performance especially if your a fast pace worker they’ll place you a row slow workers just to stop your speed rate,1,2024-12-09T05:26:43Z,Lyqo2uJvNO4
"Working on a contract right now and in 2 months I have lost my will to live. It's hell. It's bullishit to have contradictory metrics which serve no purpose than to just make you feel worse about yourself. No type of role here is great. Especially the ones who work at higher levels have no idea the tough life with shittty pay that this company offers. Many level 5 onwards there's no respect towards the people who are literally also a part of the company too, just not at the same level. The level of service and standards they talk about and take pride on, comes at the cost of many people and their degrading health insurance all forms, psychologically and physically. FUCKIN helll, the values and principles they consider is not followed internally. It's not the same as what they make it seem like. That's why it always felt like wowwwww AMAAZZOOONNN on the first day of work. Then it's like ughhhhhh this place is AMA-ASSSS-ONNN!. Feeling so trapped here that it feels impossible to think of possibilities out there that can help and I know everyone who works there dislikes it in so many ways and cannot openly talk about things. The garbage gaslighting line of ""ITS ALWAYS DAY 1"" ... blah blah blaaah is such pseudo garbage that I wanna barf. What shit even is thatttttt... Bitch it's day 90 of me working here and although I am a strong person, y'all have taken the joy of being alive out of me. This place just makes ya feel FUCKIN shitty and stupid man. Like no matter what you're capable of, you ain't worth it. They wanna keep people in the same hell, so you never grow or move forward at all. 

I needed this rant. It's how I am surviving here too. Thanks Jordan, I feel this is like a mini thread for people to share their pain and read others comments too which are alllllll relatable. Let's start a PTSD group for Amazon workers hahaha, but I think everyone would wanna leave that too, just how much we wanna leave Amazon.",0,2024-12-08T06:55:38Z,Lyqo2uJvNO4
"One time my job agency encouraged me to apply for a job working in an Amazon warehouse doing pick packing. I felt pressured to apply so I did, but luckily I got a job offer with a better company where I would be doing better work. I think I dodged a bullet!",0,2024-12-06T08:28:54Z,Lyqo2uJvNO4
"Haha just started amazon a week ago! I love it sOooo muchh! I love stowers disrupting me at ‘pick to buffer’ while I’m stressing tf out, missing so many packages, while handing me back damaged and or misplaced packages, that they can ‘mark for problem solving’ themselves. (they have the damn device with them)

I swear, they don’t give you proper training. They just give you a quick rundown, then throw you off with the dogs. Expecting us to learn off from screen training alone, like parents handing their kids iPads to depend on.",0,2024-12-03T23:16:27Z,Lyqo2uJvNO4
"As a manager, TOT (Time Off Task) was problematic because I knew associates weren't robots. This reminds me of a tough day. My fellow managers questioned my associate about her low productivity for the day, but I felt she did her best. One of them asked if I would write the girl up, but I didn't want to. The next day, I talked to my Senior Ops Manager, who agreed that I shouldn't write her up. I no longer work there.",1,2024-12-02T09:24:58Z,Lyqo2uJvNO4
"Right when he said; disclaimer, I never worked for Amazon… I left the video",0,2024-11-26T18:56:02Z,Lyqo2uJvNO4
I almost worked two months 😢,0,2024-11-26T09:33:54Z,Lyqo2uJvNO4
I didn't quit ..my job was actually easy but I started falling asleep was my only issue..,0,2024-11-26T09:31:24Z,Lyqo2uJvNO4
Really sad today 😢I loved the job but I had only had a few absences then got an email about violating their policy,0,2024-11-26T09:29:21Z,Lyqo2uJvNO4
I bet you it's better than working at Walmart!!!,1,2024-11-25T23:41:17Z,Lyqo2uJvNO4
That is a terrible company to work for I work for Amazon and I got caught in the office today I think I'm fired because they said I stole time because I fell asleep in my car on my lunch break cuz I was so tired and when I came back in after my second break I fell asleep on my second 30-minute break woke up and I clocked out which was four or five hours later I didn't know I think I've done it twice but I was so tired my mind wasn't right I told them I'd be so tired I don't know what I'll be doing I said they were so hard I'm probably fired good great I will not ever work for that company again if they fire me I'm thinking about not even going to work,1,2024-11-21T03:32:55Z,Lyqo2uJvNO4
What pizza please are you working at? Lol,0,2024-11-16T19:50:15Z,Lyqo2uJvNO4
I'm glad I saw this before answering a phone call from someone that works for an Amazon Warehouse. Maybe I will look for something else related,0,2024-11-14T18:45:29Z,Lyqo2uJvNO4
Some people are just lazy asf if u need a job take it... the fd up part is u got people that work and people that dont the managers suck .....depends what facility u at. U swear jacks is any better lol,0,2024-11-09T19:02:50Z,Lyqo2uJvNO4
THANK YOU for this video - I have just withdraw myself from the recruitment process as they mentioned a VERY low budget for the role they proposed to me - basically they wanted to exploit my experience and skills and pay me peanuts.,0,2024-11-09T08:48:55Z,Lyqo2uJvNO4
"Just left an an Area Manager. Came in as an external hire. This place is absolutely horrible. Wouldn’t recommend to someone living under a bridge. I intentionally tanked myself to get on PIP. Got a new job, and left with 14k severance pay. Kiss my ass Bezos!!!😊",0,2024-11-08T16:10:31Z,Lyqo2uJvNO4
"i been working at amazon for 3 years its not as bad as what people say...and about TOT i have not have a problem using the bathroom, some people are just lazy and want to come in to work and slacking and getting away  withit... some people just dont want rules! i think amazon is a great job with great benefits",0,2024-11-08T15:37:28Z,Lyqo2uJvNO4
As a former Fedex Ground guy... ALSO don't work for Fedex. The pay is shit,0,2024-11-03T10:06:20Z,Lyqo2uJvNO4
"It's so funny seeing this pop up on my TL as I hit my 9th anniversary at Amazon today lmao. I discovered that not all buildings are the same and the one I'm at is pretty laid back for the most part. Maybe a bit too laid back with all the shit people get away with here. Although I don't work at Amazon FT anymore as I have a ""real job"" outside of Amazon it's not the worst place to work, like not at all. Then again maybe my perception of Amazon is skewed a bit because I'm PT there and I only work when I choose to pick up a shift and no one is making me be there. The one thing I always tell people when they first start off is Amazon only cares about Amazon and will do what is best for Amazon. The faster you understand that, the better off you'll be. Then again that's pretty much any job tbh lmao 

Another thing about Amazon I wish someone told me was that this place is literally like going back to HS all over again. Honestly, it might be worse than high school lmao",0,2024-10-28T18:40:00Z,Lyqo2uJvNO4
Stop whining. You were blessed with a job. Nobody said it would be easy,0,2024-10-27T14:14:02Z,Lyqo2uJvNO4
yea for the new people it used to be terrible hard work but now days depending on what fc you work at its actually pretty chill i js push buttons the whole 10 hr shift stowing and watching videos n netflix with my wife rt next to me doing the same thing on her station we went from 10$/hr to 20hr n were able to have an apt in highschool n get married while stil in hs,1,2024-10-26T11:46:12Z,Lyqo2uJvNO4
“I’ve never work at Amazon” 😂,0,2024-10-26T09:02:29Z,Lyqo2uJvNO4
"I currently work at amazon work 12 hour shifts get bathroom breaks , everyone cool , paid 5 dollars more than min wage, shits exhausting, but man gotta do what a man gotta do , stop complaining",0,2024-10-20T06:58:04Z,Lyqo2uJvNO4
Amazon corporate sucks too…that is unless you thrive in an environment of toxic narcissistic vampires shitting all over the office…,0,2024-10-19T19:32:19Z,Lyqo2uJvNO4
"I've worked at amazon for 6 years. 5 of those years were as a tier 1 associate, across  3 departments, 2 buildings and rotated over 30 managers due to normal manager rotation (Managers rotate very frequently here). Never once have I gotten in trouble for time off task, and I've definitely gone to the bathroom as needed, filled my water bottle as needed, etc. Time off task won't show unless you've been idle for over 50-60 minutes (don't know the exact amount).

There are definitely bad managers, and it's definitely a stressful place, both mentally and physically. It is not a place to dedicate your life to. It's a place to come, get paid, and see where else you want to go. They give great starting pay for completely unskilled labor and offer great career opportunities, including fully paid college, so it works out perfectly if you're trying to do just that. But if you can go somewhere where you get paid better, if you have that possibility, there is no reason not to go for that.

If you're unskilled and have no immediate opportunities, amazon won't even interview you and you get paid almost $20 as a base. Just expect that you will be working. And you can go to the bathroom! If a manager tells you the opposite, raise it one level, or go to HR. As long as you're doing your job and didn't take 70 minutes watching a movie on the bathroom, there's nothing that they can do.",0,2024-10-17T13:06:13Z,Lyqo2uJvNO4
"As a guy who literally just quit Jack In The Box to work there, im a little concerned!",1,2024-10-17T01:33:15Z,Lyqo2uJvNO4
“Don’t work there” yeah I’m kinda fucked bro I have no choice 💀,0,2024-10-16T18:56:12Z,Lyqo2uJvNO4
"I have no problem working Amazon. Been working there for three years started off as a scanner. Now I am a ship clerk, but I understand where you’re coming from. I think some people just not made for warehouse jobs and I can see that a lot. The thing I see more is a lot of young guys getting caught up chasing behind these young females.",2,2024-10-14T12:02:01Z,Lyqo2uJvNO4
"Here's the thing. Treat these jobs as a gig, not a career. I worked at Procter and Gamble for a winter season, and I took every single piece of overtime they would give me. I was banking around 1200-1300 a week after taxes (which for the state and city I was in was BANK). I stayed there for a couple months with my head down and ended up walking away with several thousand dollars in savings, got my truck fixed up, had a good christmas with my family, bought a couple personal toys and then moved to a new state and started my own thing.

There were people in there who looked like they were 1 day away from jumping off the roof but they weren't seeking other work, they had no exit strategy, they took every day off they possibly could, would leave everytime there were too many people on shift etc. 

There's no denying that it sucked and the people for the most part were awful. I come from the construction world too, so all the rules and brown nosing were totally new to me. But I never let anyone with a bad attitude or who was on a power trip effect me. Just nod and so yes sir/mam please and thank you. 

If you're smart about it and willing to just concede that trading a couple months of your time is going to make you a good amount of money, these types of bean counter jobs can really be a means to an end if you play the game and have some mental fortitude.

That being said, I dont recommend it to everyone lmao.",1,2024-10-14T07:24:46Z,Lyqo2uJvNO4
It's always the fat lazy fucks who complain iv been there for 2 months it's great plus I don't need to do cardio anymore just weights 😂😂😂 love it specially the shifts 4 10jr shifts 3 days off,1,2024-10-10T19:07:05Z,Lyqo2uJvNO4
Girls at Amazon be getting ran tell me I’m lying,1,2024-10-01T18:23:18Z,Lyqo2uJvNO4
Ive worked in an amazon fulfillment center for 15 years now. Im on $50 an hour now,0,2024-09-26T11:44:56Z,Lyqo2uJvNO4
"Amazon is pure evil, they’re trying to take over the planet…you summed it up perfectly-",1,2024-09-23T08:53:26Z,Lyqo2uJvNO4
"I'm so pissed off right now. I'm trying to find work and my family consistently mentions Amazon, Amazon, Amazon! I told them over and over again I'm not going to work for Amazon because it's got bad reviews. But for a long time now each of them will come up to me and say, ""Why don't you go apply to Amazon? They got a new warehouse, why don't you go apply?"" How about they open the news and read about it?",2,2024-09-19T18:16:01Z,Lyqo2uJvNO4
"Same applies for Costco. Sure, you can go to the bathroom but get permission first. You have to clock out for lunch…which is a maximum of 30 minutes. If you take 31 minutes or longer, you get warned. Three warnings, you get written up. During your first 90 day trial period, you cannot take more than two days off in a row. You have no single supervisor telling you what to do. The person you are paired with tells you what to do and how to do it. They all have different ways of doing things. If you say, I was told by “Jim” to do it this way, the reply is always “I’m not Jim.” It is a bully culture. There aren’t documented procedures or training for many regular tasks. I quit and promoted myself back to being a Costco member.",2,2024-09-16T12:55:28Z,Lyqo2uJvNO4
Amazon should be milked for its career choice opportunities and health benefits that's it,1,2024-09-14T14:44:42Z,Lyqo2uJvNO4
"Back in the day USAA corporate office interviewed me for a HR position. I was fresh out of grad school. First of all if you ever left your cubicle you would have to badge in and out to go to the bathroom, take a break or go to lunch. You had 30 minutes for lunch and if you took too many bathroom brakes I was to counsel them. In addition, it was my job to fire people based on a supervisor’s documentation. The pay was awesome but my higher self thought these employees have to be stressed out their minds! I’m going to fire them and they return gunning for me?? Halfway through the interview I politely told him I didn’t want to waste his time or mine because I could never see myself working for such an authoritarian company that abuses its employees in that manner and walk my happy out and went home.",0,2024-09-13T19:03:47Z,Lyqo2uJvNO4
"maybe it's cause I live in the midwest as a warehouse associate, but this has not been my experience at all. To be fair tho I am currently looking for a new job just because they only pay 17.50 and the only schedule I can get is start time at 3:00pm, 8:00pm or overnight. But otherwise it's been pretty chill, you can leave your station to get bathroom breaks or a cup of water and nobody will be on you, the managers are like well like people 🤷🏾‍♀ they not like mean people, sometimes if they talk to you it might be annoying because you might be on a position that isn't getting a lot of work and will move you to another that has more work, but the work itself is pretty easy to just zone out to. Tho, ig to be nice you might have a random encounter where a manager will just come up to you and ask how your doing, which gets pretty funny cuz I'm usually trynna just zone out but I usually appreciate the effort.",0,2024-09-10T19:45:53Z,Lyqo2uJvNO4
"Working at Amazon is actually worse that Working at Walmart. With similar pit falls ok? I worked at both. I lasted almost 3 years at Amazon.. lemme tell you why lasted so long. I just mentally checked out, said yes sir, no sir, never again sir.. and went full zombie mode. I can't even believe I lasted that long. I quit because my mental health was just toast. That and the absolute river of siht I waded through every day. 3 years.. you would think I'd be running that place. Well for one.. no growth opportunities due to blatant favoritism. 2, who tf would want to?! I was stressed enough with the job I had. So many supervisors there were just flat out incompetent bullies. I'm still trying to get my head straight after.. well.. surviving that nightmare. Everyone is absolutely right people! Don't do it.. the money (while pretty decent) is NOT worth it. It is literally a revolving door. I don't think I recognized one person after like 3 months. Including my boss.",0,2024-09-10T10:28:03Z,Lyqo2uJvNO4
"In desperation of a job, it's the way to go. You'll get in fast and don't have to wait for a job you really want to call back.",0,2024-09-09T20:30:24Z,Lyqo2uJvNO4
I'm in the uk and worked at amazon and we were allowed 🚻 breaks pay was gd,0,2024-09-07T03:15:27Z,Lyqo2uJvNO4
I liked working at Amazon 🤷,0,2024-08-28T18:04:09Z,Lyqo2uJvNO4
I quit after a month worst decision of a job ever made. I took vto for 2 weeks before I quit. It just wasn’t the job for me,0,2024-08-27T04:34:27Z,Lyqo2uJvNO4
I was hired there. And it was the worst place I ever worked for. Besides UPS,0,2024-08-27T03:05:02Z,Lyqo2uJvNO4
Y'all are crybabies. Amazon is the easiest job I've ever worked. I come from hardcore back breaking jobs and this is heaven. Also Amazon is so flexible i can miss a shift if i feel like it without worrying about getting fired. What other job offers that?,1,2024-08-26T03:57:07Z,Lyqo2uJvNO4
Shut up dude! You're probably jobless.,0,2024-08-21T00:56:29Z,Lyqo2uJvNO4
"PREACH! I still work at Amazon. Been there almost 3 years. But you are 10000000000% correct. and i got the 3000.00 when i first started lol. Only reason i'm still there is I need the money and my husband works there and the warehouse we're at is actually waaaaay different then our former one. He finally got a promotion and I just want to be left alone and do my job lol. Luckily this amazon doesn't really ""enforce"" the ToT the only time they do is if you are known to just fuck around and not work.",1,2024-08-18T04:44:20Z,Lyqo2uJvNO4
I worked at amazon for less than month bruh I couldn’t deal 😂😂😂 at least the pay was decent,0,2024-08-17T16:39:08Z,Lyqo2uJvNO4
Amazon work you like a Horse!  Thanks a lot Jordan!,1,2024-08-17T02:46:37Z,Lyqo2uJvNO4
The main thing i dont like about amazon is the pay rate for the amount of work we do. I take 15 minute bathroom breaks sometimes 💩 havent been written up or anything. My site started allowing approved headphones recently which is much better than before when all i had was my thoughts throughout my shift 💭 all i want is higher pay 🙃,1,2024-08-15T14:52:16Z,Lyqo2uJvNO4
😂😂😂😂 my human wants to leave carpentry and is planning to apply to amazon. I just so happened to come across this video. Im dead,0,2024-08-14T11:45:20Z,Lyqo2uJvNO4
"As a current amazon employee, if you were an athlete/just an active individual in general, it's not so bad. It will be boring, but your body will be fine. Most people who complain are older people or are just not in good shape to work in a warehouse environment. Now yes, Amazon will treat you like shit, but if you find out how the system works, you can finesse it. Still highly recommend anyone to find any other job than this though it's not for the majority of people.",0,2024-07-31T18:25:58Z,Lyqo2uJvNO4
"Starting off at $16.50.. and four years to get to $19.50 when Walmart Distribution is right down the street starting at $21-$26 is insane. 

They talking about they did a survey.. Dinwiddie county is in the middle of nowhere and apartments out here are $1200-$1600 monthly. Tf $16.50 going to do.. then since the lady left her daughter in the car.. foaming at the mouth during her shift..they pay for the membership $45 for Bright Horizons but you have to pay the babysitter. HOW sway? 🤦🏾 🤦🏾 🤦🏾

We now have 2 30 minute breaks and they’re offering VTO everyday..because they don’t have any work.. Time off task is horrible.. 

If I’m clocked out. You can take that unpaid time… idc.

The manager asked me do I wear glasses for eye protection or I can’t really can’t see. 🤦🏾

The fact Walmart offers Walmart Membership for free to every employee but Amazon offers 10% off Amazon Prime is RIDICULOUS.",1,2024-07-29T09:46:49Z,Lyqo2uJvNO4
"I've worked at two different amazon warehouses and was an amazon driver once, and I can confirm that it's absolute misery.",0,2024-07-27T05:11:36Z,Lyqo2uJvNO4
i work at amazon flex warehouse and i go to the bathroom every hour for atleast 10 mins im about to be at that warehouse now for an hour,0,2024-07-24T05:50:49Z,Lyqo2uJvNO4
I've been at Amazon 2and a half years 3 days a week for 12hr shifts. I cannot relate to any of his issues. My only issue is it's  hot in the building. The only people that quit are the 25 year olds or younger. Real adults with work ethics stay.,2,2024-07-24T00:20:15Z,Lyqo2uJvNO4
"I work for Amazon, in OBPS. I love this job, been there for 3 years.
And from what I've seen and been around, the people who get mad about bathroom breaks, probably got told to stay on task or leave. Amazon has a huge problem with people who take excessive amounts of time staying off task and people who constantly need to be on there phones or sneaking off to have a cigarette. Honestly you have to do something stupid or completely ignorant to get Fired from Amazon. So the next time someone tells you they got fired or left the company after 2 or 3 months, probably wasn't worth the company time anyway. 
This guy doesn't know anything about what he's preaching,  he can keep his little job at Popeyes making a check that will keep you just under broke.  Amazon work is for young people and adults that know what hard work is. Example: I'm allowed to put in up to 60 hours a week=40hrs+20hrs of overtime, there's always open shifts, we have  time off allowance slots for different things, everything from paid vacation time to jury duty and paternity leave- and get this .. if I want to go back to school, Amazon will pay for ALL of it-fur real... the easiest way people get them selves fired, is by using up and depleting their UPT time> which stands for unpaid  time.. if you use it up it is automatic firing,  but then u wait three months and could get hired back on..
So to end this, if you're looking for an awesome job with flexible hours,  killer pay-join our team at your local Amazon DEN. But if your thing is being on your phone,  listening to earbuds,  or taking a lot of smoke breaks you might want to stick to Popeyes, and leave the real work to the men and women that work hard and put in 100% while on shift everyday and night shift.
You can't imagine how many adults  and seniors run circles around the young lazy folks we have working with us... 
    Thanks for taking the time to read this, if you made it this far... I'm an Amazon worker, I'm a Problem solver, and Dwell Lead for OBPS, this Juggalo is out...WHOOP WHOOP",1,2024-07-01T01:40:32Z,Lyqo2uJvNO4
"I just got laid off from my Assembly group out in Olympia WA. I applied and start on the 17th for a sorter position at Amazon in a nearby town.

Now I can at least brace myself for hell while I look for something better.

WISH ME LUCK!",4,2024-06-29T17:31:05Z,Lyqo2uJvNO4
"My friend had applied to work at amazon, and she had a misdemeanor warrant out for her;  they had her come in for a second interview and guess who was waiting for her at the interview…… the cops. Amazon literally had her come in after they ran a background check and found out she had an active warrant and set it up with the cops for them to come get her",0,2024-06-28T22:28:04Z,Lyqo2uJvNO4
I work at amazon. Its the best job i ever had. And I'm one of the best employees they have. I enjoy it. But ofc. I'm not from the states. Here we get 45 minutes break. I can take as many bathroom breaks as i need.,0,2024-06-27T23:32:11Z,Lyqo2uJvNO4
"I  boycott Amazon, Starbuck's, and Walmart. it has now effect I'm sure. I will never trade with anyone that treats their help so very badly.",0,2024-06-22T18:42:16Z,Lyqo2uJvNO4
I worked at Amazon and my boss followed me around and they wouldn't raise the speed for my order picking machine so I could actually make quota,0,2024-05-28T03:38:49Z,Lyqo2uJvNO4
"Of all the places that need a union, Amazon is top of the list.",0,2024-05-20T12:19:00Z,Lyqo2uJvNO4
"worked there for 7 months, Modern slavery, Best feeling in the world when I quit",2,2024-05-16T18:19:21Z,Lyqo2uJvNO4
"But there are positions where you’re at a fulfillment, center a sortation center or a delivery station where you are literally just standing still either picking packages off of a conveyor belt or putting tape on boxes. There are positions where you are not running around a lot and doing a lot of walking so it is a warehouse you can expect to be working but anybody that complains is because they literally just don’t wanna work and if you get fired from Amazon like you’re really trying to get fired because they give you so many chances and so many opportunities by putting you in different spots in the warehouse to see what is a better fit for you, so it is definitely not a one and done and if you’re camping out in the bathroom yeah you’re gonna get wrote up. If you’re constantly playing on your phone you’re gonna get wrote up if you’re constantly not where you should be because you just don’t wanna work you’re gonna get written up so if you get fired it’s because you don’t want a job it’s that simple. It is repetitive easy work.",0,2024-05-01T14:53:38Z,Lyqo2uJvNO4
"Amazon also has tailored groups for all individuals they have the BEN which is black employee network. They have groups for indigenous. They have groups for Amazon Warriors, which is veterans they have groups for every nationality they have a group for LGBQT I have even heard of people who have groups because they like to sew, they like to cook I personally don’t have that kind of extra time on my hands but I’ve heard of groups for single mothers, single dads. I’ve heard of groups for senior citizens so again what other company offers this type of fellowship?",0,2024-05-01T14:49:51Z,Lyqo2uJvNO4
And can you tell me any company where you could literally be late every single day and you don’t get fired from because with Amazon’s flexibility policies that they have managing your own time as long as you have the UPT or the PTO to cover it then you’re fine or you could discuss your particular situation with HR and get that time or shift excused most companies don’t care you’re late you’re fired again there’s a lot of flexibility you just have to communicate with your area managers and your operations managers and let them know what’s going on communicate with your HR representative,1,2024-05-01T14:47:25Z,Lyqo2uJvNO4
"Amazon also has really really funny events like fresh popcorn day doughnut day wear pajamas to work day which if you wanted to wear pajamas every day I mean be comfortable it’s a warehouse. They also have a ice cream truck that comes. They have food trucks that come and we don’t pay for any of that. They also have Jersey Mike’s that comes again. We don’t pay for that. They have Chick-fil-A that comes to the building again we don’t pay for that and again during Thanksgiving. They have a full buffet that they offer to the employees again we don’t pay for that, so yes, it is extremely busy work, but you are compensated and anybody that’s going to complain. Honestly, they just have never worked in a warehouse and they want to be lazy and complain that they don’t get to go out to the parking lot, as often as they would like for cigarettes and weed breaks if you need to smoke that much then you need another job like a paper route where you get to be outside your entire shift lol",1,2024-05-01T14:43:20Z,Lyqo2uJvNO4
"Amazon also has what is called UPT which is unpaid time so therefore you don’t have to use up all of your PTO which is pay time off or your vacation time so say you have a flat tire or your babysitter doesn’t show up you have a choice that you can use your UPT or you can use your PTO so there is a lot of flexibility and I don’t really know many companies that give you so much flexibility in your shift or so much flexibility with your days. I know a lot of teachers work there just on the weekends or they’ll pick up an evening shift here or there I know a lot of people that work in the hospitals that pick up shifts because they are all part-time employees so you can work as much or as little as you want as a part-time associate, so I challenge you to let me know of any company that has so much flexibility not to mention the fact that you can transfer to any building in any state, and if you don’t like it transfer somewhere else again a tremendous amount of flexibility I don’t know any other company that doesn’t force you to quit and then try to apply for wherever else you’re going to go and hope that you get hired",1,2024-05-01T14:40:38Z,Lyqo2uJvNO4
When you were saying that the drivers don’t make good money I could tell you that we have what is called the Tom team and they make very good money and Amazon pays for them to get their CDL. So again not many companies do that,0,2024-05-01T14:38:02Z,Lyqo2uJvNO4
"As far as the maternity leave, it is a very very generous package and they also have paternity leave. That means that he gets time off paid time off to assist with the birth of his child again few companies offer that so I’m sorry that you have gotten nothing but it sounds like lazy people who just want to come to a job stand around and do nothing and still get a paycheck. They need to work at Walmart or target or anywhere else that you could just clock in and hide because I every time I go to a department store no one is ever to be found that works there except for the cashiers who have to stay put near the register seems to be the only ones I can ever find that are on the clock",0,2024-05-01T14:36:43Z,Lyqo2uJvNO4
"As a part-time associate they have what it’s called a short term work break which means that you can take a break from a minimum of three weeks to a full Amazon quarter which is 90 days so there is a lot of flexibility there like say if you want to try out another job to see if it works out you could go on this type of break. If the job doesn’t work out, you can come back to Amazon and still have your job and in this economy what other employers gonna offer you that securityto keep your job",0,2024-05-01T14:34:22Z,Lyqo2uJvNO4
"It is completely different working at a fulfillment center or sortation center or delivery station now the thing that you’re describing is fulfillment center work it is definitely a a job where you will get a lot of steps in, but if you don’t want something so active, then you should be a Walmart door grader. All you do is standstill and put stickers on children as they come in. It is a warehouse it is not a comfy cushy sitdown office job so to have these expectations is unrealistic, but as long as you just come in and simply do your job, which is the easiest job for the money that you’re gonna make not to mention the fact that there’s free schooling and it doesn’t matter what you want to go to school for they’ll pay for it. They also have what is called.VTO and that stands for voluntary time off so you could take any day off that you want as long as they have adequate staffing they’ll give it to you now granite you’re not gonna get paid for that day, but sometimes the day off is worth it and they also have another thing called VET, which is voluntary extra time so you could pretty much create your own schedule by picking up as many hours as you needif you’re only part time, then you can get some extra hours",0,2024-05-01T14:33:13Z,Lyqo2uJvNO4
"So Jordan I don’t know who told you that you’re not allowed to go to the bathroom ?  because your wrong !,  you are welcome to go anytime you need too .  The TOT is based on your scanner rate and if you’re not scanning, they’re gonna wonder where you’re at because a lot of people like to goof off hang out in their cars smoke weed with their buddies and then they want to complain that they got fired because they weren’t in the building working for starters or they’ve got to wander the building and talk to their boo trying to get hook ups for the weekend and again not working so this is why they go. TOT because they are not where they are supposed to Be. now if you have to go to the bathroom, all you have to do is tell your PA which is a process assistant and then you go it’s that simple so therefore when you come up TOT the area manager or operations manager knows that you’re not goofing off I can’t tell you how many people just linger in the bathroom having conversations on the phone or sitting on the floor, braiding each other‘s hair sitting on the floor, playing card games sitting on the floor, eating Burger King and then they want to complain that they got fired for going to the bathroom. These are the associates that are complaining to you that they’re not allowed to use the bathroom and that’s why they got fired.",0,2024-05-01T14:30:14Z,Lyqo2uJvNO4
Why do people always say amazon doesn't let u use the bathroom? Amazon is literally filled with the laziest bluecollar workers ever. People will literally sit in the stalls and you'll hear their videos or music playing💀,0,2024-04-30T02:12:50Z,Lyqo2uJvNO4
Bro you never worked there so why judge it,1,2024-04-29T21:51:59Z,Lyqo2uJvNO4
They pay good,0,2024-04-29T21:48:43Z,Lyqo2uJvNO4
"Ut oh...I watched the 2 videos in the wrong order.  The problem with Los Angeles, is don't even THINK about working at Amazon if you live in LA. That will just implode the universe.",0,2024-04-11T22:50:25Z,Lyqo2uJvNO4
"I have been working for Amazon going on 3 years now. Let me see what Amazon has done for me.  My income allows me to have a couple of nice cars, May not be the top of the line, but nice. A nice Apartment. May not be the Taj Mahal, but nice. I even got and IT Certification through their career choice program. And the best benefits out there. Just do what you have to do with a plan in mind and you will start to see Amazon working for you.",5,2024-04-08T04:27:04Z,Lyqo2uJvNO4
I worked at Amazon for a month n they said it was an independent workzone so we were basically our own boss but that’s really not the case n it sucked,0,2024-04-04T04:12:17Z,Lyqo2uJvNO4
"Iv known a lot of people who work at amazon.all of them would rather die then go back. Eventually, they will just run out of people in some towns.😅",0,2024-03-13T18:34:52Z,Lyqo2uJvNO4
"As a FedEx driver, I get paid a flat day rate. My days are called units on my pay stub. I’m literally the only guy there suing them and in June FedEx Ground is taking over FedEx Express in June. In fact the trucks just got new DOT numbers and the company is rebranding, so yeah let’s not okay. I’m going to get more deliveries on my truck for the same rate, false hope and empty promises. Sad, sad, sad. Did I mention that FedEx Ground is taking over Express? Yes, and because they’re threatening to organize. FedEx hates unions and will not pay more than absolutely what’s necessary for them to get the job done.",0,2024-03-08T06:21:56Z,Lyqo2uJvNO4
"I say no breaks, pee on the floor as you are working, bring a bag to wash up after shift with change of clothes, leave stinky peed on clothes in locker, hang to dry in locker change into them prior to shift, pee on the floor as you work, rinse cycle repeat!",0,2024-03-08T00:03:46Z,Lyqo2uJvNO4
Amazon is a temp job in its rights and sucks all around. It is a glorified sweat shop,1,2024-03-07T12:41:44Z,Lyqo2uJvNO4
"UPS will break you too, though. Because we like the dark side",0,2024-03-04T20:54:02Z,Lyqo2uJvNO4
I just got a job at Amazon as a delivery driver and they made us deliver in unsafe icy conditions. I was delivering a package and I slipped and broke my foot. Two months later I'm here in cast and crutches post surgery and still haven't seen a fine from workmans comp.,0,2024-02-28T17:44:22Z,Lyqo2uJvNO4
"Amazon driving I did it while I was in college part time and after graduating yes working in the warehouse is tough but driving is not so bad to be fair and it depends on your attitude towards it. Are you doing it for the exercise, getting to see different places that you haven’t seen before, remember Amazon is a quicker upper that’s all it’s not for long term",0,2024-02-26T16:55:36Z,Lyqo2uJvNO4
"A fast story I worked Amazon in the warehouse (they changed my position basically hour) here in Charlotte which I think is considered CLT4 it been a minute so I’m not sure but it’s out by the airport 

I got fired for getting hurt and going to the hospital…they literally fired me because I got hurt I was maneuvering around someone who ironically was stealing Dildos and surrand wrap and I hit a pallet jack and landed on a crushed up wooden pallet that caused a stop in work among other idk HUMAN DAMN BEINGS WITH CONCERN and one dude who really wanted my Jordan’s 

Amazon warehouses in 2020-2021 didn’t have actual managers just onsite higher ups who called themselves managers they decided to walk past me on the ground 
The next day I called and said hey I went to the ER who do I need to give my note to the doctors are strongly advising a day off for me or a shift change 
No response I called back 2 hours before my shift they hung up on me I called back the next day they said yes we see you didn’t report in that’s grounds for termination please be sure to shred or not use the badge on your person we’ve had a lot of theft lately thank you for your understanding 


Imma use Amazon for certain packages but I hope they all close and pay people as a glitch in a system",0,2024-02-26T01:05:20Z,Lyqo2uJvNO4
"In a moment of desperation I applied Once Upon a Time and because I checked the box that I needed ADA compliance - they really wanted to hire me for some kind of quota. After 6 months of being hounded by Amazon employment phone calls , I asked to speak to a supervisor and told them, 'I saw the documentary and you'd have to pay me Triple to work for you guys, please lose my number.' They never called me again! Even if I had the protection of ADA compliance, knowing how they treat their other workers would make that a crushing job for me no matter how much they paid me or what position they put me in.
I'm much happier as the nanny I was always meant to be! Moral of the story don't let desperation choose your employment, just like an MLM Amazon will eat your despair for breakfast and shit you out by dinner.
Cheers",0,2024-02-25T16:53:26Z,Lyqo2uJvNO4
I worked UPS as well. Basically same thing but a little and i mean A LITTLE WORSE,0,2024-02-25T16:31:45Z,Lyqo2uJvNO4
"I can proudly  say that I have never ordered  anything  from Amazon  and I never will.I used to work for a  huge company I won't  name, that was a close second  as bad as Amazon so I can emphasize.",0,2024-02-25T00:23:52Z,Lyqo2uJvNO4
Israeli  CEOs are the corporate version or Israeli slum lords. All of them.,0,2024-02-23T01:25:21Z,Lyqo2uJvNO4
"So, I should work there?",0,2024-02-21T23:54:33Z,Lyqo2uJvNO4
Nah cause we must be in a whole other universe I actually like working at Amazon,4,2024-02-19T21:03:47Z,Lyqo2uJvNO4
"I used to work for Amazon Web Services (the data centers) in Northern Virginia. We were treated better than the fulfillment center (warehouse) workers until somebody had the dumb idea of swapping data center management with the warehouse management. Then they started to ask us to account for every minute of our 12 hour shifts. If nothing is broken and your website isn't down, we shouldn't have much to do. Anyway working at Amazon data centers will give you the training you need to succeed at Facebook or Google. Treat it lime military service and just get the free training then wait for Oracle, Google or Facebook to have an opening.",0,2024-02-19T17:46:34Z,Lyqo2uJvNO4
I worked at Amazon for 2 years on nights and he’s telling the truth. If you go to Amazon have a plan to gtfo within like 6 months. I couldn’t keep my weight up at all. That mandatory OT during the holidays had everybody looking like a zombie. It’s crazy because Amazon pays more than a lot of jobs in my area too especially for how little requirements there are.,4,2024-02-18T13:38:27Z,Lyqo2uJvNO4
OSHA has a warning on their site telling people to not work at Amazon. They are also reported to have a 100% turnover rate. That is absolutely terrible.,1,2024-02-17T17:31:44Z,Lyqo2uJvNO4
I've been at amazon for almost 3 years ... maybe it's different in Canada but it's so not like this lol I take a break when I want and don't rush to meet a decent rate. I do believe the wear and tear on the body though is a bit extreme since you are constantly repeating the same action . It's a great job for a short period of time I think. Just my 2 cents :D,0,2024-02-17T14:48:58Z,Lyqo2uJvNO4
"I have a family friend that works at Amazon and a relative told me I should work there b/c so-and-so likes her job. I was like, ""Yeah I bet she does, she's a manager.""",6,2024-02-13T19:08:59Z,Lyqo2uJvNO4
"Best workers get the worst shifts because they are reliable to show up for them and the company needs you on that sh*T shift cause no one else is willing to take it like you are.  They praise you because that’s the honey lie that tricks you into believing you’re not replaceable.  

When you want actual respect and put your foot down, that’s when they show you the new hire that will, respectfully take your job.",1,2024-02-13T05:25:28Z,Lyqo2uJvNO4
If you are lazy don't work for Amazon. Pay and benefits are good. You can go to the restroom anytime just don't sit in the stall for 30 min like most do. So much false information even from people who work there. I work at a returns warehouse so maybe my experience is different than a shipping warehouse.,0,2024-02-10T22:56:40Z,Lyqo2uJvNO4
I quit Amazon last week. I’ve worked there for 3yrs. Everything he says is 100% accurate,162,2024-02-10T22:49:33Z,Lyqo2uJvNO4
"I've worked amazon during the off season, when I  was a sub teacher...I always went in with a goal and an end date in mind lol",0,2024-02-10T17:06:23Z,Lyqo2uJvNO4
"Amazon is the msot innovative company in United States.
They invented tech slavery.",0,2024-02-10T14:38:53Z,Lyqo2uJvNO4
"Amazon is an evil demon, a murderer, and even more terrifying is its immense size, forcing almost everyone to submit to it.
Amazon not only causes heavy losses to suppliers but also distorts the world trade system.
The worst enterprise in human history. It also illustrates the essence of human evil.
The big brother exists in a ""free country"" in such a grand and dignified manner.
I think communism is not that scary anymore.
The scariest form of capitalism is Amazon.",0,2024-02-08T11:30:26Z,Lyqo2uJvNO4
"Used to work at Starbucks. Many of my customers worked at the Amazon buildings up the way. They looked and sounded miserable. They seemed to be in pain all of the time. My husband was pushing me to work there(no, he didn’t work there himself) despite my telling him what the employees I’d met were like. I got recruited by fanatics instead. 
A lot of my trainees are former Amazon employees.",0,2024-02-07T02:51:23Z,Lyqo2uJvNO4
"As an Amazon employee, I implore you to not give them your business.  Shop elsewhere. Jordan speaks the truth.",0,2024-02-06T04:42:46Z,Lyqo2uJvNO4
I canceled Amazon prime. F that,0,2024-02-04T14:04:15Z,Lyqo2uJvNO4
"Working at Amazon was the worst choice in my life! It's so bad! It is better to work at fast food! The Amazon I work at was super immature and always had to deal with they yelling, cussing, and threats made against me because I refuse to do cocaine with them in the parking lot! I was let go because of that! So many felonies, druggies, and pedophiles! Also I wanna note supervisor was also mad and hated me because I refuse to let his white fatass to sleep with my 11yo daughter! He kept bugging me everyday about it!",0,2024-02-03T00:38:36Z,Lyqo2uJvNO4
Amazon is not for lazy people. Tot is a big deal because those same lazy ass people abuse any type of breaks.,0,2024-01-30T12:23:58Z,Lyqo2uJvNO4
"Y'all have no unions in the US? There's no way a big company like Amazon would have that many employees who aren't part of some union??? Or are things that different between the North America and Finland /Europe 😮 no matter what job you do you're supposed to be part of some union, right 👍",1,2024-01-29T23:07:01Z,Lyqo2uJvNO4
Had to quit after my ride along lol too much bs,0,2024-01-28T15:52:20Z,Lyqo2uJvNO4
When I worked at Amazon I learned pretty much everything I could at the warehouse I was at over the course of a year and they picked people who barely knew anything about the job who only were there for two months to be essentially be assistant managers which made 0 sense to me. I left came back to a different facility which I pretty much decided to quietly quit because I was just so tired of being asked to do the tasks no one wanted to put effort in.,0,2024-01-25T22:54:58Z,Lyqo2uJvNO4
Time off Task for using the bathroom is absolutely crazy. Amazon workers are basically human robots 🤖,0,2024-01-22T01:08:33Z,Lyqo2uJvNO4
"When the unions go away, the corporations make you pay!!!",1,2024-01-19T22:55:44Z,Lyqo2uJvNO4
Most people wear diapers when working at Amazon smh,0,2024-01-19T22:48:36Z,Lyqo2uJvNO4
My neighborhood had an Amazon driver that apparently quit in glorious fashion mid shift.  He dumped the entire truck of packages on my neighbor’s lawn.  Thankfully that neighbor was honest and took them all in and let the neighborhood know to come get them and show ID.,0,2024-01-19T13:58:50Z,Lyqo2uJvNO4
"I know you meant it to be funny, but you admitted you're part of the problem. Everybody trashes Amazon but continues to order from them and use their services.",0,2024-01-16T19:10:10Z,Lyqo2uJvNO4
"I love working for Amazon. Sure they have many warehouses, but DOR2 is the place to work. It is the best job I have ever had.",0,2024-01-16T17:23:07Z,Lyqo2uJvNO4
And THAT is why I avoid Amazon like the plague,1,2024-01-15T02:35:02Z,Lyqo2uJvNO4
"Stay if you wanna get overworked and underpaid ,,,get ready to bend over",1,2024-01-14T16:19:10Z,Lyqo2uJvNO4
Reading all the poepole who lost weight at amazon free gym membership !! How much is a gym fee ?? Free parking ??,0,2024-01-14T01:38:43Z,Lyqo2uJvNO4
Go Union we get breaks !!!,0,2024-01-14T01:33:27Z,Lyqo2uJvNO4
"My daughter literally got fires for the whole bathroom thing. You can't work there with IBS. They sent a male security guard in the bathroom, and he was demanding her to get out of the stall because she had been in there too long. It is absolutely horrible there!! She was literally so stressed out working there that it made her super sick.",1,2024-01-10T12:42:53Z,Lyqo2uJvNO4
"I delivered for Amazon.  Easy work, not enough pay.  It's called a job for a reason.",0,2024-01-10T02:03:00Z,Lyqo2uJvNO4
"This doesn't apply depending on the dept. For specific depts i will not mention, they give mental wellness days, let you work from home, are gratuitous with time off, and pay you over 300k a year.",0,2024-01-09T21:30:46Z,Lyqo2uJvNO4
"My first day at Amazon I wanted to pee and the group leader told me, I have to wait until the break. I immediatly quit and took the working gear with me.",0,2024-01-09T06:37:22Z,Lyqo2uJvNO4
"A woman I used to work with worked in an AZ Amazon warehouse. She said management would lock the restroom doors on the side of the warehouse where they worked. Put up signs that the rooms were out of order. The building was so long, it could easily take 8-10 minutes to walk to the side that had open restrooms. The men would pee in bottles but he women were out of luck. Until a man buillt a ""room"" out of empty cardboard boxes. He ""found"" a composting portable toilet and that is what the women used. Numerous employees called the appropriate government agencies, but nothing happened. Payoffs, anyone? She said a large group of workers walked off after they were yelled at for ""someone having the nerve to call in complaints"".",0,2024-01-09T06:03:33Z,Lyqo2uJvNO4
"Reason 4 why you wouldn’t work at Amazon (Especially warehouses): Don’t do brain dead monkey work be an actual human being who uses their brain to solve actual problems instead of doing mindless work that they could train an animal to do. Definitely not worth it.


Worst 3 months ever",0,2024-01-08T21:36:19Z,Lyqo2uJvNO4
South park made the best sketch on amazon. The song is amazing,0,2024-01-08T02:03:07Z,Lyqo2uJvNO4
"Walmart doesn't respect people that much either, especially if you work in a cap, stocker, or janitorial. They'll overwork you constantly, except if you are a cashier but they won't let you join unless you leave and come back.",0,2024-01-06T10:17:19Z,Lyqo2uJvNO4
And then Amazon got the nerve to be worried about people using there app/website for counterfeit products?,0,2024-01-06T07:42:19Z,Lyqo2uJvNO4
My aunt worked there and hated it,0,2024-01-03T17:05:23Z,Lyqo2uJvNO4
So glad i joined the military instead of going to Amazon. See college wasnt for me so it was either that shithole or Amazon. Ive enjoyed my time in the Army,0,2024-01-03T05:59:21Z,Lyqo2uJvNO4
I worked as a seasonal worker for three years and it’s something else. I’m glad I don’t have to go back.,1,2024-01-03T05:43:19Z,Lyqo2uJvNO4
"I thought about working there before then saw people's experiences, and   was a NO",0,2024-01-02T12:12:08Z,Lyqo2uJvNO4
"I went from working in the asphalt industry for 12 yrs to working at amazon due to layoffs. Anyone who tells you people are only complaining because they dont know what work is, is infact a corporate employee.",0,2024-01-02T05:35:45Z,Lyqo2uJvNO4
There is an app they use on your phone to check your schedule and put in time off. There is literally an option to quit your job on that app. I used it.,0,2024-01-02T05:03:58Z,Lyqo2uJvNO4
"Amazon's hiring practice is basically do they have 2 arms and two legs, can they pass a drug test, and are they an offender.",0,2024-01-02T04:58:21Z,Lyqo2uJvNO4
"It's like solitary confinement. There's a cage around you and the onlything you do is see a picture on a screen, then follow the light to find only that item in a tiny bin amongst many other items in under 7 seconds. Think scary movie where the person has their eyes pulled open and they're shown images every 7 seconds. Do that for 12 hours.  Imagine 100 black eyelines but you need to find the one brown one in 7 sec.  You do not have co workers. More like other inmates that keep to themselves because you don't have time to talk to any of them because your ten minute break is spent running across the level which dwarfs a football field to get to the only toilet or urinal stall on said floor. I worked there 6 months. I only ever knew my manager. 3. Forget about smoke breaks. 10 minutes is not enough time to cross that building, get through security, and make it back to your cell. You'll reach the door in 7 minutes, 6 if you power walk. 4. Leaving is like black friday. Chaos at the time clock, chaos getting through security and chaos in the parking lot. Mind you there's 400 plus people doing this all at once. 5. Management is instructed to use positive reinforcement while also enforcing a physically impossible tact time. Think scary movie where the guy is tied up while the woman says I'm not going to hurt you while using a hammer on em. 6. Amazon legs. Only Amazon people know what this means. You've never done that many weighted squats in your life. 7. Tot is a real thing. I have seen the bottles. This was months after the scandal on the news which made them change their no bathroom policy to time off task will get you fired.

It's good if you lose your job and need to feed the kids or pay the mortgage for a very short term. I left because I had a mental breakdown. Checked myself in to the funny farm where I realized that place is unhealthy, literal torture. Should be criminal.",0,2024-01-02T04:48:17Z,Lyqo2uJvNO4
I work at Amazon and restroom breaks is the least of my worries.  My issues are other things.,1,2023-12-31T20:42:58Z,Lyqo2uJvNO4
What about working at Amazon as a coder,0,2023-12-31T12:46:46Z,Lyqo2uJvNO4
Gotta admit their employees are the bomb. Hands down the best performance and make UPS look like USPS. (Yep they are a team) I worked for an airline 32 years. Stress is in every good paying job.,0,2023-12-31T01:17:54Z,Lyqo2uJvNO4
"I went to orientation. We had to watch a 3hr video and NO ONE was allowed to use the bathroom until it was done. Mind you the building wasn't even finished being built. So bathrooms were in outside portapotties. I didn't take a break, I walked away. I knew I rather be broke.",0,2023-12-30T19:38:11Z,Lyqo2uJvNO4
"Yes, Amazon sucks. Worst place to work, hands down. Starbucks comes in second.",0,2023-12-28T19:25:41Z,Lyqo2uJvNO4
"I worked for Amazon in Tracy, CA for 3 months and yeah everything Jordan says is 100% true. Respect.",1,2023-12-28T05:56:25Z,Lyqo2uJvNO4
"I worked and Quit Wholefoods’s and it was horrible! They always found a way not to give me a good raise, but only a .25 cent raise! They were cheap! Amazon owns Wholefoods now! They over work and under payed",0,2023-12-27T18:14:54Z,Lyqo2uJvNO4
"Forgot to mention. My first day was delayed because they fought me for a month about granting me for my accomodations. Then after i start it went fine for three weeks. Come our most busy time of the year. And my floor manager was rushing us and just ignoring any protocol we learned from our ""training"". One of my coworkers didnt hear me say behind him while holding a heavy product (we were assigned to package the orders) and the item was a ps5. I know he didnt mean to do it but the way we ran into each other my back got injured badly. To the point i tried ignoring but it just got worse even after lunch break. Safe to say, they sent me to the er and my managers supervisor went with me and drove me home. (nicest dude on the planet) but yeah nah its horrible. Especially around the holidays like thanksgiving, and Christmas",0,2023-12-27T07:10:14Z,Lyqo2uJvNO4
"Ooh, we need to get Bezos on that TV show that has a CEO work a shift with an employee. It’s humbling.",0,2023-12-26T02:44:39Z,Lyqo2uJvNO4
Amazon covered up a possible sexual assault while I was working there.  The perpetrator was a supervisor who was promoted even AFTER  receiving several sexual and racial complaints.,0,2023-12-26T00:22:58Z,Lyqo2uJvNO4
"Been working there for about a year and 2 months now.
You'll be hard set to find a job that has rules more set in stone than Amazon. You'll have mandatory overtime, you'll have no ability to call in sick, etc etc. Granted there are some upsides. 

If you'll be having required overtime, you'll know usually days ahead of time. There's no point where a manager will call you and go ""Hey, we need you to come in for a shift in two hours. It's urgent."" But speaking of required overtime, it can be rough. Right now (their busiest time of the year) it's referred to as ""Peak"" and everyone is working five 12 hour shifts a week.

So just call in sick right? No. Amazon has a thing called Unpaid Time Off (UPT). It ranges and has changed, so we'll use 3 minutes(what it was when I started). You accrue 3 minutes per hour worked. Meaning that if you work 40 hours in a week, you accrue 2 hours worth of UPT. The downside is obviously that if you work a 10 hour shift, just to get one day off requires five weeks of accumulated work. It's essentially your lifeline, because when it drops below 0 that's when you're fired. If there is an upside, you can use it whenever you want. Meaning if you're just not feeling like finishing your shift, you can just... leave. Clock out and head home and it'll use it automatically. (side note, there's a vacation freeze usually from November to January where you can't use Vacation time at all)


All of this being said, if you've read this far, I'm going to choose not to go into the hyper specific ones but give this piece of advice... Knowledge of the rules is everything. Because the more rules there are, the more easily you can break the system. Trust me when I say if you play by Amazon's wants, you'll have a rough time being a slave to their desires and needs. But learn the rulebook, and you can manipulate things more than you realize.
>Time off task is after 5 minutes, and Area Managers/Process Assistants don't want it happening either so if you ask many won't mind doing your job for you for a few minutes.
>Most jobs are main pathway, but some instead are side paths (there's a term, I'm just ridiculously tired rn) that aren't tracked. They're typically harder and you'll walk a lot, but as long as things are in a good state then you can chat with friends and hang out.
>Don't like your job after 3-4 weeks but still want to give Amazon a shot? Ask your manager if you can get trained in other paths. You're not stuck in one place forever.
>Talk to HR. If there's an emergency at home, a medical emergency, or you are dangerously ill, you can typically get a Leave of Absence from them.

There's a lot more to it, but if you remember anything it's to learn the rules and instead make them work for you.",1,2023-12-24T22:24:39Z,Lyqo2uJvNO4
Hii. So I currently am working at Amazon and is a new building. Everyone in my location is cool and chill we get to have breaks we get 2 30 minute breaks. In one we clock out and in and on the 2nd one we don’t clock out or in. Maybe in each is location is different plus is 2023.,1,2023-12-24T03:08:04Z,Lyqo2uJvNO4
The moment he said time off task all I remembered is the reason I got fired,0,2023-12-23T20:54:25Z,Lyqo2uJvNO4
I worked for Amazon Warehouse for a few months.  Closest thing to actual slave labor I've ever participated in.,1,2023-12-22T12:55:17Z,Lyqo2uJvNO4
To all communism haters who have their work rights systematically violated I wish a very productive work week.,0,2023-12-22T02:04:40Z,Lyqo2uJvNO4
my nephew worked at Amazon for a long time and he loved it,1,2023-12-21T17:38:29Z,Lyqo2uJvNO4
I used to work at Amazon. HE IS ABSOLUTELY RIGHT!!!!  DONT DO IT!!!!!,1,2023-12-20T23:12:05Z,Lyqo2uJvNO4
What about their remote jobs? Does that also apply to remote?,0,2023-12-20T22:31:59Z,Lyqo2uJvNO4
"If you currently work for amazon, and get fired or quit... and they tell you to sign an NDA... DON'T DO IT. Even if they offer you money to do it. They can't force you to sign it. I know a dude with Tourette's who worked there for a grand total of 3 weeks. He got fired because he wouldn't stop saying ""fuck."" On his exit, they made him sign an NDA that pretty much said ""yeah, you can't talk about why you got fired, or what you did for work here."" (I'm not sure how legally binding that can be... but I know the ADA says firing someone for a disability is illegal)",0,2023-12-20T21:03:02Z,Lyqo2uJvNO4
It's not just Amazon it's any fullfillment center for any company they all are the same and they all suck.,0,2023-12-18T22:06:19Z,Lyqo2uJvNO4
Jordan are you trying for a world record of working as many crappy jobs as possible before you turn 30 ?,1,2023-12-18T21:53:35Z,Lyqo2uJvNO4
"I read an article/expose on working at Amazon. Among other issues, workers have harmed themselves, often damaging their backs, and been fired while out on disability. Besos doesn’t give a damn.",0,2023-12-18T16:22:57Z,Lyqo2uJvNO4
"Is there an update on this (12/17/2023). My wife not only want to work at a fulfillment center, but she wants to go on night shift. She already deals with time off task and gets totally stressed by it, but I can't convince her to not pursue the job and its lower salary. Any help? :) (I have already told her most of what you said here. I'll tell her the rest too. Thanks for the video!)",0,2023-12-17T19:31:48Z,Lyqo2uJvNO4
"I live close to an amazon facility and the people turning into it are consistently extremely wreckless and scary drivers. After watching this, I'm not sure if that's because they want to avoid any penalties for arriving late to work or if they want to avoid being alive by the time they get to work.",0,2023-12-17T04:24:01Z,Lyqo2uJvNO4
The disclaimer is what killed me🤦🏾‍♂️🤣🤣🤣 I've never worked there...🤷🏾‍♂️🤣🤣🤣,0,2023-12-16T15:01:17Z,Lyqo2uJvNO4
Wish I saw this before I became a Amazon driver lmaoooo quit within a week,0,2023-12-16T00:12:39Z,Lyqo2uJvNO4
"Step 1: Don't do it
Step 2: Quit
Step 3: refer to Step 1&2",0,2023-12-15T11:01:43Z,Lyqo2uJvNO4
"jardan, are u hiding in amazons bathroom?",0,2023-12-14T16:00:54Z,Lyqo2uJvNO4
My boyfriend worked there and got fired for a stupid reason,0,2023-12-14T10:14:41Z,Lyqo2uJvNO4
"Please read my comment, its honestly worth it-
Hello, I'm steve. Its 4:00 am and I am drunk, BUT I work for Amazon! Well, a third party that is with amazon(I have received Amazon training and so on)
I am a delivery driver for a company called rdsi, they are a third party company that handles deliveries for Amazon, I am dressed with Amazon clothing and drive an Amazon vehicle.
That being said, they allow me to take bathroom breaks whenever I need, now that may be because I have Crohns, BUT from what others have told them, they still allow breaks whenever needed, just nothing crazy(over 10-15 mins). With that being said, I think working with Amazon is the best thing ever! I make roughly 20 an hour, work from 10-8ish, and do it 4-5 times a week! 
Its a delivery job, its physical, the weather sucks sometimes but its honestly, 100% worth it.",0,2023-12-14T10:10:51Z,Lyqo2uJvNO4
"i've been working at an amazon warehouse for 3 months now and it honestly isn't that bad. granted I have only seen the warehouse at night and everyone is always checking in on me, but they seem incredible so far. I say this as I prep for another shift and running off maybe an hr of sleep since my last shift, but I can at least say they hired me when every other establishment either ignored my applications or lied to my face in an interview saying they'll let me know if I got the job or not.",0,2023-12-13T00:50:53Z,Lyqo2uJvNO4
"I can help you out with that - They lie during the interview and now you and family is homeless.

Thank you Amazon for F🤬 up our lives, being homeless is ""enjoyable"" and Mother's health condition went really downhill with a lot of pain and unable to walk. She now needs a wheelchair that we cannot afford.",0,2023-12-12T22:47:16Z,Lyqo2uJvNO4
"It doesn’t matter if you use Amazon. Everyone uses and even depend on Amazon. That doesn’t mean you have to like it. It just means they managed to get you co-dependent on their service like an abusive ex.

“And I got fired from Amazon for pissing in my supervisor’s coffee and now he has life threatening aids.”
— Some Guy Who Took Jordan’s Advice to Literally",0,2023-12-11T09:32:48Z,Lyqo2uJvNO4
"In my 30's when I worked I was totally hardcore, trying to move mountains all day 60-68 hours a week. Eventually, trying to do the work of five people and the management constantly shitting on me and commiting wage theft in several sneaky ways made me not give a fuck and accept a totally hopeless future.",0,2023-12-10T09:25:15Z,Lyqo2uJvNO4
I wish I saw this video last year. I would've commented how I work for Amazon funny enough I started a year ago before this video was posted and I still work there till this day. I love being there. The managers are the best managers ive ever had and I got hounded at my last job for even doing the task I was given so this is heaven compared to my last job. I had something happen at work where I started looking for another job and was like I cant leave amazon ill never have these types of managers again.,0,2023-12-09T23:56:30Z,Lyqo2uJvNO4
Currently working for Amazon and it has been the worst thing that has ever happened to my physical and mental health.,1,2023-12-09T18:35:56Z,Lyqo2uJvNO4
CVG 3! All true for my experience except for the bathroom breaks. We went when we had to.,0,2023-12-09T17:04:37Z,Lyqo2uJvNO4
I worked for Amazon for two days and it was horrible! Someone died at our warehouse and they wouldn’t stop using the deceased person as a lesson to others instead of respecting them. So terrible! Never again!,0,2023-12-08T22:19:19Z,Lyqo2uJvNO4
"Just for the sake of argument, I feel I've had worse conditions and micro management at other logistics/warehouse jobs. I can also say that some fulfillment centers are better than others.

I will say that Jordan isn't lying, and that other problems Amazon has are their 3rd party DSP system, general lack of communication and revolving door hiring policies.",0,2023-12-07T20:15:16Z,Lyqo2uJvNO4
"I have worked there and I hated the fact I would get done with my drops and they would call saying I have to go ""save"" another driver and what I mean by save I mean I have to go take half of they delivery's and they could have over 400 package and now after me being done 200 more package they call again and say you have to save another driver at that point and 3 saves later I quit and I don't quit like ever but dey make you want to quit",0,2023-12-06T15:46:26Z,Lyqo2uJvNO4
I hate Walmart to the point where I am on antidepressants due to the stress of being over worked there for 6 years. I would still go back to Walmart over Amazon any day.,0,2023-12-06T02:18:55Z,Lyqo2uJvNO4
Guarantee Amazon workers have better insurance then all of us,0,2023-12-05T16:35:28Z,Lyqo2uJvNO4
"As a amazon DELIVERY SERVICE PARTNER (dsp) amazon as thrid partied everyone other than the warehouse 
Been a driver for two years 
I started at 16.50 AN HOUR
In the past two years we the drivers have only gotten 2 dollars base raise now it's 18.50
I can't stress this enough warehouse workers suffer but at least they are in a cool or warm environment 
Drivers we are  ""given 2 15mins breaks and 30 min lunch""
And told to finish a 180 + 54 multi location stops so around 230 individual house 
Packages range from 1- 50 lbs 
The most I've had to one house 376 lbs
20 boxes 
And we have to be back by 7 
In the winter most people don't care about the drivers at night 
We can't see any addresses 
Oh we also have to pack are own vans",0,2023-12-04T14:28:16Z,Lyqo2uJvNO4
Yea the one here does treat you like a slave. Mad you a second back from break. I use to go to the bathroom any way. I did quit though cause I got tired of being watched so closely or timed all the time and wanted to be pushed till my feet couldn't take it. Crazy job. Definitely got to be in shape for it,0,2023-12-04T01:03:18Z,Lyqo2uJvNO4
"Didn't see this video until now but as someone who's worked at both Amazon and another facory/warehouse type job this man is speaking facts. 

Just to put into perspective, long after leaving Amazon I was in a desperate pinch and took an offer for an automotive manufacturer where we would stand and repeat the same 20 second assembly tasks for 12 hours a day. And the hours were nearly criminal, 4 days of working 12 hour shifts and 3 days of 10 hour shifts, and yes that meant there were no days off unless we met quota which happened only three times in the 4 months I was there. I would STILL rather work that job again than go back to Amazon.",4,2023-12-03T05:23:10Z,Lyqo2uJvNO4
"Do the russian ghost move, say youre going to the toilet, steal some shit, pull out all the breakers in the main breaker box, leave...",1,2023-12-02T12:17:49Z,Lyqo2uJvNO4
i have been here almost 2 years and have not witnessed anything mentioned in this video. TOT is not anything to worry about. as long as you do your job then you have nothing to worry about,0,2023-12-01T11:44:44Z,Lyqo2uJvNO4
I have a friend who works there now and has worked there for years and is now in management. There are downsides like working long hours but he also works 4 days a week instead of 5. Overall never heard these bad things,0,2023-11-30T16:26:01Z,Lyqo2uJvNO4
"Former Amazon employee, my manager called me a “good girl” and I was followed by a male coworker who wouldn’t stop touching me every. single. break.",0,2023-11-29T23:12:43Z,Lyqo2uJvNO4
I work at the Amazon sortation center and it's honestly not bad at the location im at. I do hear these major issues happen in the fulfillment center and to the drivers. I might be one of the lucky minority that got a decent warehouse,0,2023-11-29T10:25:59Z,Lyqo2uJvNO4
"Um. I have no idea what you’re talking about. I’ve been working at amazon in the warehouse for 2 years now and it’s the best job I’ve had bro. I’ve always had some good people who had my back. I’ve been living in my car cause I can’t afford anything at 21 an hour but Amazon allowed me for a few months to keep my Rv on the lot. always has a clean parking lot, gives out prizes to the workers, I mean 50” flat screen tv, air fryers, AirPods, they be ordering food for the workers, pizza, some Spanish food, they have taco days, amazon pays for you to go to school as well. I can’t think of anything I dislike about this job. Also I don’t have any exemption from doing any work but I’m a diabetic (type 1 ) it’s not controlled well however if I had to use the bathroom Ive Never, ever had time or money taken from my pay. This video sounds like all cap",0,2023-11-26T21:01:59Z,Lyqo2uJvNO4
"In my apprenticeship as a warehouse worker, multiple people that liked me basically ordered me to never work there lol",0,2023-11-26T01:27:53Z,Lyqo2uJvNO4
"Never worked for Amazon directly but i worked as a driver, the DSPs are a lot better about pretending to care but will fire 2/3 of their drivers as soon as holidays are over without being transparent that thats what will happen, I would never work for Amazon or a DSP again unless i was literal minutes from being homeless, and even then it would take consideration",0,2023-11-25T18:45:57Z,Lyqo2uJvNO4
"so basically 3 things to know before working at amazon :
1) don't
2) just don't
3) seriously, don't.

They are now testing robots in warehouses and knowing them self driving car will be next (we already have drone delivery). And honestly I actually think that's a good thing, they are already treating their employee as such anyway",0,2023-11-25T06:02:35Z,Lyqo2uJvNO4
I only met 1 exe Amazon worker  and he complained so much like he still worked there.,0,2023-11-24T11:30:25Z,Lyqo2uJvNO4
"it's actually really funny that Amazon is made out to be the devil. as someone who started as a seasonal AA and is now t4, it's **really** not that bad. ofc experiences differ from place and management but my facility has been nothing but positive and much encouragement to grow. it's been a really good company for me so far. maybe i'm just a lucky apple?",0,2023-11-23T14:45:06Z,Lyqo2uJvNO4
"There’s actually an episode on the tv show “911” about this! An Amazon guy (picker?) that’s not allowed to go to the bathroom and he gets so fed up that he actually urinates on the robot in the aisle, it short circuits and malfunctions and disaster ensues.",0,2023-11-23T08:37:51Z,Lyqo2uJvNO4
"This guys rants are seamless ""I never actually worked for amazon"" 😅😅😅",0,2023-11-22T01:40:43Z,Lyqo2uJvNO4
"If you like not sitting at all ever, walking a lot, fake smiles with dead souls behind them. If you dont actually like taking breaks, because 15 minutes is too long for you! If you like to be stuffed into a breakroom way too small for 2000 employees haha well then, maybe its for you?",1,2023-11-22T00:06:59Z,Lyqo2uJvNO4
As someone who was fired from Amazon. (The only place I have ever been fired from.) I concur.,0,2023-11-21T16:25:13Z,Lyqo2uJvNO4
"Current amazon employee here and i can confirm that the job is awful and amazon doesn't care at all about their employees, but i have to say that as of the pandemic, they haven't really done anything about tot unless it was something crazy like 2+ hours, and even before then, if you had tot because of going to the bathroom, you were fine and nothing would happen unless you were consistently getting a lot of tot and always saying you were in the bathroom. 12 years ago, they were much worse and would immediately write you up for it and  the way they made us do lunch breaks was borderline illegal. But honestly, yeah, dont work at amazon. There is so much favoritism, incompetent managers,  we're underpaid and they do not care at all about their employees.",0,2023-11-21T01:43:54Z,Lyqo2uJvNO4
"Thanks, Jordan -- you saved me from ever applying to work at Amazon!",0,2023-11-20T17:10:53Z,Lyqo2uJvNO4
"I used to work for Amazon corporate was making really great money. Literally six figures but it was so so toxic and detrimental to my mental and emotional. Everything about the chaos of the warehouses exactly how the company is ran all over. Because the money was good I was going to stay no matter what, but once the Stock's plummeted they started just pushing employees out. It's not a steady companies to work for. Not unless you like building the plane while you're in it and then later on realizing that you should have been building a ship the whole time lol because that's what the experience is like working for them. And it doesn't matter if you have worked for them or not you are doing these people with service. Trust me there is no respect. Amazon does not care about its employees at all",1,2023-11-19T17:20:52Z,Lyqo2uJvNO4
"Im still with amazon as a driver for over 3 years, but i do agree that we need to get paid more.",0,2023-11-18T07:56:30Z,Lyqo2uJvNO4
"I've worked at Amazon for almost a year and it's my favorite job. A running joke among us veterans to newbies is ""find the nearest door and run through it, then keep running"" I just got my year review and now I'm getting $25 an hour. Which yes is much less than other places but I love it so much",1,2023-11-17T12:50:36Z,Lyqo2uJvNO4
"I worked at amazon, i was supposed to be getting in via the IT support for the various drones, moving cabinets, and so forth.  Nope, i got shoved into icqa.  While i was there i lasted long enough that based on my contract i should have been made a full employee, instead the 3rd party hiring company kept delaying it.

I kept meticulous notes on every part of my day, keeping my own notes on item counts, errored item checks, damaged items, cart movement errors (i got heavily hurt twice and nearly severely injured once due to their tech glitching, yet they yelled at me like it couldnt possibly be the tech, and i was the issue.  Honestly, if my reactions were not as good as they are i would have been hurt more and worse) , and so on.  

Shortly after the holiday rush they called me in, i was sick, so yeah, i wasnt breaking any records, but i was consistently hitting about double the requested items checked per shift.  My brain was running slowly so i didnt clock what was going on at the time, but they claimed i had for the last 3 shifts i was on counted less than 50 items a day.  This is so false its not even laughable.  (Daily scores in question: 847 items wednesday, 634 item thursday, 762 items friday and they cut me off half way through that day)  using this to end my position and not even give full pay, let alone the severance that was in the contract.

And honestly i think this was a manager kicking me out both to trim post holiday, but also because i reported a number of very sketchy dealings higherups were doing at the job.  (At least 1 drug deal, a 67 year old dating a minor who was too young to even legally work there, but was promoted in his lover’s department, with them often telling stories they told of what they got up to, managers fudging their numbers and working with other managers to boost scores, one manager sexually harassing the women in at least my group, forcing work in locations too hot for human work, while bald face making lies and welding shut the mandatory airflow methods they had on the building, leaving open gear work in pathways, making people work around handrailless 6 story drops, … i could go on.) , 

The restroom break issue is the least of the problems, they actively force people into work situations that have legitimately been deemed warcrimes to force upon people, (and im not joking there) and have additionally broken almost every worker safety rule i can think of.",0,2023-11-17T07:06:56Z,Lyqo2uJvNO4
"I work for Amazon. The only time ""going off task"" comes into factor when you go, is if you fuck around on the way back. 
Go to the bathroom, come back, continue the work. .you will be fine.",1,2023-11-15T06:23:16Z,Lyqo2uJvNO4
Listen to me now Amazon doesn't care about you they don't care about ANYTHING other than the packages,0,2023-11-12T05:32:35Z,Lyqo2uJvNO4
Bro Amazon slaves you been at my dispatch since June and they give ZERO FUCKS about your body. Youre hurt you're fucked. Partially torn 2 ligaments and they sent me on a route THE NEXT DAY because I had no excuse,0,2023-11-12T05:28:08Z,Lyqo2uJvNO4
😅😂 I would quit this job so well,0,2023-11-12T03:55:55Z,Lyqo2uJvNO4
I don't work there and I do not buy from Amazon.,0,2023-11-11T14:43:32Z,Lyqo2uJvNO4
I know exactly how that is. From working at Genie.,1,2023-11-10T11:49:47Z,Lyqo2uJvNO4
"Yes!! Amazon IS bad! 15 yrs ago we used to have an online book shop  on "" the  river"" ( that's what we book sellers used to call them).

 They treated their online sellers as if we were robots not humans. Horrible support .

 We do not order from Amazon nor do we have Amazon Prime. I'm not dissing anyone who does . Just our personal preference. And probably the biggest reason we think the river is a bad place to work? Jeff Bezos.

 As one person on Reddit commented "" he won at business but lost at humanity."" Meaning, his company treats his employees like dirt. 

We remember when crapazon bought Whole Foods. Wow! talk about bad changes in that once awesome grocery store.

 In our town people saw happy employees there become unhappy very quickly.  We won't shop there anymore..",0,2023-11-07T14:33:18Z,Lyqo2uJvNO4
so what you're saying is ... i can lose weight while getting payed?,0,2023-11-03T21:20:17Z,Lyqo2uJvNO4
"Worked on the dock  for 12 hr shifts. Called RT. Would put 20+ miles on foot every night. Mostly while pulling pallets.  Now, I have hip pain that I can't shake. He speaks truth",1,2023-11-02T19:12:39Z,Lyqo2uJvNO4
Worked at a place like that. Ingram Micro. It's basically prison.,0,2023-11-02T06:21:23Z,Lyqo2uJvNO4
"Lol Vacation, PTO, VTO, UPT, Bereavement, LOA (Leave of Absence), Accommodation they a**es to death! Trust me you’ll feel good about it and it’ll help your longevity there 😂! Sometimes for I miss a whole week of work and the next week I’m back working, feeling good about myself!",0,2023-11-02T01:09:11Z,Lyqo2uJvNO4
"I lost my job during the end of covid  right after thanksgiving and worked at Amazon for 6ish months. If you enter knowing you're going to be treated like a number it's really not all that bad. I used to work for call centers and they treated us better at Amazon than there. My boss didn't know my name and didn't care to. Just so long as I hit metrics. I quit and went to something else only because overtime dried up, until then I was in pack and usually did water spider for stations and totes.

It's not for everybody. But there are much worse, much more toxic places to work. Just keep your stay there as a means to an ends and don't make a career out of working the warehouse.",0,2023-11-01T19:20:20Z,Lyqo2uJvNO4
bro has never worked as a mover 🤣,0,2023-11-01T17:00:03Z,Lyqo2uJvNO4
How do people work for Amazon and not end up a serial killer?,1,2023-11-01T11:15:22Z,Lyqo2uJvNO4
"!!! TRIGGER WARNING !!!  GETS VERY DARK !!!

I too have never worked at amazon, but I have heard 100 horrifying stories cos I did business degree research projects on it. My projects were shit and I can't say I'm an expert or my research here was academic but I did alright so here we go, from memory:

- completely inhumane treatment of staff.

- you are a robot, they do not care about you and certainly not your ""needs"" or your ""wants"" lol dream on 

- accidental firings

- they have been known to randomly stop disability payments, and it turns out they were shortchanging* staff that were vulnerable (e.g. poverty stricken workers, or migrant workers with little English and little understanding of the system), as well as the sick, disabled, new parents, or anyone else on leave.

- no time for lunch or toilet breaks with the pace of work. Hold it in or piss yourself. If you take a lunch or toilet break anyway you'll likely get punished/docked pay, and yes they will instill that fear into you.

- probably no time off even if you're pregnant cos you'll get fired. A baby was delivered in a toilet and the mother dumped it in a trash can. 

Although, if I had to choose between working at an amazon warehouse and a sports direct warehouse, I'd choose amazon. You can say all of these things and much more about Sports Direct, but obviously less people know about it all. Much like Amazon, a worker has given birth in their toilets because they were afraid of what would happen if they missed their shift. She then told witnesses she had to get back to work, and they fought to keep the baby alive... so yep she was a monster too apparently. Coincidence? Not to me.

Although these are often isolated instances and the worst cases covered by the media, I can promise you that these things are universal across all warehouses: the level of treatment, how little they care about you and your needs, and the fact that you'll need to starve and hold in your piss. If you have any self respect, stay the fuck away.



*shortchanging: withholding money or giving them less than what was actually owed",0,2023-11-01T02:35:15Z,Lyqo2uJvNO4
"I worked at an Amazon warehouse in Houston, and quit after we reset the record for distribution ever for that warehouse. This was in 2017, and I started the day before Hurricane Harvey hit. The same warehouse would give you an automated pink slip for three strikes that signaled when productivity was down, because of something as uncontrollable as a truck being late. How does something like that give me a strike, if it’s something I can’t control? However, I did get two free weekends of pay, because the warehouse was surrounded by water from the storm, so I didn’t complain that much.",0,2023-10-30T03:29:02Z,Lyqo2uJvNO4
BUT DIDN'T YOU JUST SAY THAT YOU NEVER WORKED THERE!!!???😂 CATCH YA ON THE NEXT VIDEO JORDAN!!!...I KNEW A YOUNG MAN WHO WORKED THERE AND HE NEVER COMPLAINED LIKE THIS!!!😂🤣 STOP DUDE!!! NOW IT'S JUST HEARSAY!!!🤣,0,2023-10-29T17:35:10Z,Lyqo2uJvNO4
"I’ve been at Amazon for 4 years now..if you need to use the bathroom, tell manager so they can take over for you and keep your rates up, expect to lose weight-walking/standing all day and drinking water and building muscles too, most people complaints are: can’t be on my phone all day, can’t go to the other side of the building and hang out at my friend’s station, I have to work 10 hours, I can’t go out for a smoke til my break, every muscle hurts (it will but it’ll get better), have to get up early, can’t wear my earphones, it’s boring, we can’t smoke pot in the parking lot..during Peak/Prime, you do have to come in an hour early on those days but there’s sooo many benefits..you get automatic health insurance and time off on your first day, if things are really slow and not going to get better, they’ll ask you if you want vto ( volunteer time off) and  you can leave, 95% payment to whatever college courses you want, only working 4 days a week and good money!! The younger people who haven’t worked before or just used to fast food are the chief complainers!! They still live at home and rather stay there all day in bed or hanging out with friends and don’t know how to work!! But, yes, you can go to the bathroom anytime you want but when it’s many times or long trips, they know you’re screwing around..seen it many, many,many times!! Don’t be discouraged to work there..when all you hear is complaints, that’s all you’ll believe!! How many times have we heard people say crappy things about someone just to find they’re a great person and friend after you meet them? Until you win the billion dollar lottery, suck it up, Buttercup!",0,2023-10-29T15:36:01Z,Lyqo2uJvNO4
"Ive worked for Amazon for years, an it's really not that bad sorry.",0,2023-10-28T02:20:30Z,Lyqo2uJvNO4
"USPS makes Amazon seem like heaven. Believe me that is the worst place to work, even though the money is significantly better. If you can’t handle being an Amazon driver don’t even think about becoming a mailman or any other package delivery driver.",0,2023-10-27T22:32:46Z,Lyqo2uJvNO4
"Amazon sucks. I was hired to be a driver. I thought it was going to be a good side gig. Orientation day: Sat there like cattle processing. Got the briefing. Then they paused to tell amazon flex, so and so contracting, and some other unfamiliar name ""staff"" to now leave. Their intake is finished.
Then they proceeded to tell us their rules. Scheduling...that's a crap show if you are new. Want weekends holidays...a weekend...any day of your choosing off? No. Your day off is wed and thur. They couldn't print my keycard out so my time punch was manual aka penciled in.
Went on my day 1 ride along. 12 hours on the clock. I though that it would look good for me. Then day 2 ride along 10 hours! Yeah, I am showing dedication.  Wed I had my day off and got a job offer from an interview I had done a few weeks ago to be an operations manager (which is my field). Ok. Hours worked to where I could do Amazon part time as well. Start date for the new job was the first of the following month, so I wanted to at least finish a pay period out. Friday I returned to the Amazon DSP...stood outside ringing the bell because they didn't give me a keycard yet. It's day 3. Went around to the semi truck loading dock and they refused to let me pass. Went around to the Amazon flex car line and almost got slammed by the auto door for the car line. 

Called the hotline, called the person who called me to schedule the interview. Called the number on yelp. NOBODY COULD HELP ME! The phone number for the managers desk inside is coded on the cellphone they use for drop off scans and routes. I sat there 1 1/2 hours past my shift trying to get in. Finally a person came out for a smoke break and escorted me to the manager desk. This fat blob gave me attitude for being late. I told him to check the cameras. More attitude. Finally I said respectfully (because I did want the option to deliver later down the road. Honestly. This job a monkey can do it. Just deliver the frickin packages and don't return with more than one or two packages you couldn't deliver) that I have to turn down the job because I was given a manager position at another company. They gave me an attitude and I requested HR to be notified. 
A week later I got my paycheck in the mail for 16 hours. No proof that I did OT. 
THEN! I got a letter from Amazon HQ stating that I am now deemed un-hirable because I accumulated too many points for missing my shifts and failed to notify my supervisor. AND I failed to notify HR that I had terminated my position. 
Just like Amazon products, Amazon is garbage. Their staff is GED level management. Their delivery system is for the consumer. Not the employee. Their administration is garbage. They flop between locations like some old school vicodin salesperson. So getting ahold of them is impossible. Their computer and phone system for employees is crooked. 
Did I mention they FORCE you to download an app on your phone so they can monitor what you use it for. Phone calls, texts, maps, audio...all that. You release your privacy so they can monitor you. And for those who say ""how else could they make sure you are where you should be..."" they have a smart phone they issue you with the van that does it all. 
Side note: Those ""contractors"" and Amazon flex drivers. They make more and have less restrictions than working as an employee doing the same job. Don't believe you have the advantage for medical and dental benefits. They wont kick in until you've been there a certain amount of days. By then, you'll have accumulated enough penalty points to get yourself conveniently terminated.",0,2023-10-25T20:00:22Z,Lyqo2uJvNO4
"Amazon employers are s*** as well. I got accused of sleeping on the job when I was wide awake, but since it was only one guy who saw me with no backup and he was a supervisor, I got screwed. But it doesn't matter I'll never work for those bums nor will I work for the contractor that they had me with. They can run their own goddamn refrigeration system into the ground.o",0,2023-10-25T16:22:40Z,Lyqo2uJvNO4
Has Amazon be used by former employees,0,2023-10-24T00:46:20Z,Lyqo2uJvNO4
I worked at Amazon for 3 years and had a really good experience. I never had an issue where I was treated unfairly or anything like that. I understand others have had problems and have been treated unfairly and they massively underpay their employees but it's decent as a transitioning job or as a first job,3,2023-10-24T00:38:01Z,Lyqo2uJvNO4
"Well, if I worked in a warehouse for Amazon, I guess I would just show up to work, go to wherever the timeclock is, take off my pants and underwear before clocking in and whenever I got the urge to do something my body demands I do, just keep working...though maybe in a interesting crouch walk.  My working speed may decrease, but I would STILL TECHNICALLY BE WORKING!

No bathroom breaks? Okay! The entire warehouse just became my personal toilet.  And I wont be cleaning it up as its not in my contract.",0,2023-10-22T19:19:58Z,Lyqo2uJvNO4
I worked at Amazon once for three days. Enough said.,1,2023-10-21T23:49:28Z,Lyqo2uJvNO4
"I don't order from Amazon unless I truly cannot find the product anywhere else. I legit found something Amazon, researched the store, and bought the product through the store.",0,2023-10-21T23:01:28Z,Lyqo2uJvNO4
I've considered signing on at Amazon and only working during the training period.,0,2023-10-20T18:25:50Z,Lyqo2uJvNO4
"True thing though most of that is on the US. I have been working at amazon cs in germany for 5 years now (home office only) out of that i have now been 3 years not been able to work because of several psychic disorders (that i allready had before!"" xD) and i still have my job there (and got payed for half the time off, rest was on german health care system ""krankengeld"") because they can not fire me because i work there for over 2 years. 
Covid made everything worse for all of us, off cause and thats especially if you work on/with customers/patients/clients or what so ever and im not gonna lie, its harder to handle customers now adays. But even after i got back the first time after almost 2 and a half years i got  78 Days to plan for vacacion this year, because my days of the other 2 years were not lost. 
Now im trying to get into a mental hospital for better treatment (1-3month maybe) and i will not get fired because of the laws that exists. 
And even if i wont get back to any work because im not able to anymore amazon will pay me an insurance (that is purely made by them) that will get me 2years of payment. 
The US are just build on their hard workers back.",0,2023-10-20T16:53:09Z,Lyqo2uJvNO4
"Gonna necro this vid lol

I think this depends a lot on which country the amazon is located, I work in a warehouse in Canada and its pretty good, got all the benefits, the 2x 30 minute breaks are enforced at the same times every shift, time of task is only an issue if your productivity metric is below 100%. Labor laws are the big difference here compared to american amazon fc's.  The biggest problem here though is favouritism, roughly half the employee's are from India, so unless you are really good at what you do, the ones getting the training to do other stuff will be the them.",0,2023-10-19T17:01:04Z,Lyqo2uJvNO4
I worked there for 2 months. It absolutely destroyed my feet. Im still struggling with it. That was 5 1/2 years ago….,0,2023-10-19T14:30:09Z,Lyqo2uJvNO4
I worked at home for a call center position. It was my second job so I worked night shift. It was very stressful. You got ten minutes of TOT each week to go use the restroom.,0,2023-10-19T01:04:53Z,Lyqo2uJvNO4
Amazon isn't bad. I only had one bad experience with a boss and they got fired. Most of the bad reviews come from people that can't manage themselves. Amazon doesn't manage you. It's up to you to manage you. Your management of yourself is what is tracked. If you can manage yourself then bosses leave you the hell alone because they have to manage themselves too. They are tracted just like the normal associates are.,0,2023-10-17T13:18:09Z,Lyqo2uJvNO4
"yeah, I remember I used to work for the Amazon in Tracy California. I will never work for them ever again I got written up two weeks into being there because I couldn’t make rate fuck them in that time off task a.k.a. TOT  is real I remember this one girl spent like five hours just walking around the warehouse talking to people at their stations. She got fired the next day for five hours of time of task.",1,2023-10-17T09:20:52Z,Lyqo2uJvNO4
"3.5 years working at a delivery station.  I've had good times, and bad times.  Was much happier after leaving.",1,2023-10-17T01:20:47Z,Lyqo2uJvNO4
Dude....I interact with people with office jobs at Amazon and its JUST AS BAD from what we see. YIKES all the times.,0,2023-10-17T00:42:18Z,Lyqo2uJvNO4
I don’t know what Amazon you work with but we are allowed to go to the bathroom whenever we want plus we get 2 15 minute breaks and a 30 minute lunch break,0,2023-10-16T20:58:32Z,Lyqo2uJvNO4
UPS just as bad 😭 out lunch was barely 10 minutes and you had to slave to get the driver job meanwhile they took away bonuses… better than Amazon,1,2023-10-16T08:55:52Z,Lyqo2uJvNO4
That's crazy I've been there a month and they didn't say anything to me about a sign on bonus and they ain't offering anybody sign on bonus take from experience I work there no matter how desperate you are it's not worth it do not work for them they are assholes they don't appreciate you or the work that you do and they will fire you overtime for just simply being a human and going to the bathroom they are by far one of the worst corporate companies in the world to work for and they will pay you pennies for working 10-hour shifts 5 days a week,0,2023-10-15T21:23:10Z,Lyqo2uJvNO4
I work for Amazon and I've been there a month and it's by far one of these shittiest places to work man I noticed that after my first month when they started docking me for using the bathroom but at the same time I don't give a shit I'm not holding in my pee or my poop to make you a couple extra hundred bucks I don't give a damn I just go to the bathroom and if they don't like it they can stick it where the sun doesn't shine,0,2023-10-15T21:17:29Z,Lyqo2uJvNO4
I can’t imagine working in the warehouse for Amazon. I personally enjoy working for Amazon as a locker+ associate. I’m sorry you warehouse workers have to deal with all that.,0,2023-10-13T08:17:21Z,Lyqo2uJvNO4
"the ad before this said ""dont spend another time on amazon"" and then ""AMAZON IS BAD!""",0,2023-10-12T16:13:34Z,Lyqo2uJvNO4
Amazon is definitely cut throat also don't speak your mind I embarrassed a woman that worked their 1 month been their over 8 months prob a year was an ambassador and got fired they fuckcking suck no suspension they just fire you. You are a number and not much you can say or do to change that also if you try to change that you will be fired 😉,0,2023-10-08T15:56:17Z,Lyqo2uJvNO4
Just quit last week after being completely mistreated for 6 fucking motnhs never gettin a raise or a Chance for a better position just show up work your ass off don’t disappear and make sure your always moving,0,2023-10-07T14:34:20Z,Lyqo2uJvNO4
"No ethical consumption under capitalism, bro. You buy something somone somewhere in the supply chain is getting fucked. It's just how it works. Most of the silicon in the world comes from Russia and China. You own a TV, a phone, or a laptop. Congratulations, you're funding war criminals. Shop at Walmart. How much of that shit is made in China? All companies, whether public or private, have to pledge loyalty to the CCP if operating in China. I'm not saying don't buy things. All I'm saying is that moral purity is about as imaginary as unicorns and centaurs. All I'm saying is engage with this stuff as much as you feel comfortable cause that's all you can do.",0,2023-10-05T16:17:11Z,Lyqo2uJvNO4
"see ya'll must be working at different amazon see cause I work security for one I will not say where, but the funny thing is there ToT is only a thing for the people who actually do their jobs there alright like seriously most of the workers there spend 90% of their time in the bathroom or goofing off in the breakroom ok, and if they're not doing that they are throwing toilet paper all over the floors laughing and breaking stuff and most of them do not take showers or use deodorant the stench in that particular building so bad from the amount of people Men and Women who don't practice hygiene is so bad I literally have to wear a rebreather okay the whole place is this gigantic musk of ass and armpits rotten onions all around do you understand what I am trying to describe because you don't want to physically smell it! and if you say anything about the smell you will get fired like immediately this particular amazon caters way too much to the ones who don't do shit than the ones whom do. Still don't work there cause if you actually do your job you will not be rewarded ok pigpin sitting in the bathroom dragging his turds on the ground will be rewarded before you and matter of fact pigpin screwing off is gunna get you (the innocent in this) ToT write ups and fired. ok let that sink in.",0,2023-10-05T13:32:00Z,Lyqo2uJvNO4
"I worked at Amazon for 2 days, graves and 12 hr. shifts. My feet hurt so bad I could hardly walk. When I went back to turn my badge in, the gentleman asked me if I would reccomend this job to a friend. I said no, but I would my enemy.",2,2023-10-03T22:35:29Z,Lyqo2uJvNO4
I have stopped using Amazon for a long time because of pay.,0,2023-10-03T04:19:13Z,Lyqo2uJvNO4
Honest question should i work as a security or retail store?,0,2023-09-30T22:26:30Z,Lyqo2uJvNO4
I could take 5 to 10 bathroom breaks a shift and nobody would say a thing at the Amazon warehouse I work at this dude got more cap than a 10 gallon hat. This gotta be the dumbest advice from someone that never worked for Amazon. It ain’t heaven but it’s the best option for someone who doesn’t have a diploma or college degree and no experience. I get paid prolly almost double what this dude makes I’m just your average associate and I just hit my 2 years. Nothing worth it is gained without hard work.,0,2023-09-30T06:02:27Z,Lyqo2uJvNO4
Amazon will now totally pay for college after 90 days of employment.,0,2023-09-28T04:58:40Z,Lyqo2uJvNO4
I havw been working at amazon for 3 years bow it honestly just depends on your warehouse and manager some are very cool and don’t care when some just do to much and will right of for the small reason you have a cool manager he will fix your TOT,1,2023-09-27T14:01:04Z,Lyqo2uJvNO4
"As a CURRENT Amazon employee for almost 2 years, this is what I have to say. 

“TOT” (time off task) is literally you standing there, and not doing work. So, to labor track their thousands of employees, they have that system. You are saying, you are that person who sits and does nothing at work and expect same pay? 

Another thing, bathrooms. Lol I stop 4-5 times a day, when I want, when I have to go. I have never been questioned, and never been talked too. In fact, the only times I’m talked too is when they tell me I’m in the top percent of pickers. 

Another PLUS, Amazon has crazy benefits. Would not have been able to get all caught up on medical, and dental work if it wasn’t for them. Covers my son, and they have insane time off options and also give you a automatic raise every 6 months after you convert to full time. 

I’m up to $20 an hour, scanning items to put in a cart. They have a 4 day on 3 day off schedule so it works BEAUTIFUL with my lawn care, mowing schedule. 2 full time incomes, and make more probably than your average person at 25 years old. Sooo, I get now why you decided to pick up a camera a record for a living lol (no hate)",1,2023-09-27T10:22:32Z,Lyqo2uJvNO4
"Ive been at Amazon a year and I have to say the location I work has amazing management their top priority is associates safety. They accommodate for people that are having any type of health issues. I recently had a associate that had to take frequent bathroom breaks it was a known accommodation and he has never been fired. It is an active job you do need to stay hydrated. But my last job wasn't very healthy for me and I needed a job to get me on my feet and active again. I work 4 days off 3 and have had a very positive experience especially considering, I've never worked in this type of industry. Working with the public can be even more exhausting! It can be mentally and physically draining.",2,2023-09-27T01:41:35Z,Lyqo2uJvNO4
"your right I worked there twice and both times quite, they worked you like a slave and everything you said was correct! waving from Seattle's capital of Amazon",0,2023-09-26T18:01:05Z,Lyqo2uJvNO4
Amazon is like a whole new world. They charge you without you being able to defend yourself. If you try they will lie,0,2023-09-26T12:51:54Z,Lyqo2uJvNO4
"The only thing I hear, is someone criticizing a company that they never works for and it only taking advice from people who are either fired or quit for different reasons I’ve been with Amazon for three years and this stuff is control and the stuff that you’re saying about drivers they don’t work for Amazon learn your facts.",0,2023-09-26T09:56:11Z,Lyqo2uJvNO4
"Being a amazon customer is good, being a Amazon employee is bad",4,2023-09-25T19:54:13Z,Lyqo2uJvNO4
I’ve worked at refrigeration warehouse for one night and quit the next day I blocked everybody’s numbers when I did way too fast pace and people talk at you like a dog nah I’m good,0,2023-09-25T19:27:28Z,Lyqo2uJvNO4
"I worked at Amazon for 3 weeks, and I kid you not, my feet have ptsd. Every time Amazon is mentioned my feet start hurting again. The feeling has gotten less as time has gone by, but that was a month  ago, and it's still happening... its lowkey funny af to me... 😂😂😂",3,2023-09-25T01:55:22Z,Lyqo2uJvNO4
"They steal your time, and if you are a temp, even if not, WATCH YOUR PAY! They will literally see you on camera, working a day and try to not pay you. Watched it too many times for the temps. My break starts when I GET TO THE BREAKROOM, and you can g.fck.yrslf and fire me (please. it'll make my coworkers laugh bc they know I'm getting a coffee and enjoying a beautiful walk with the rest of my day) for thinking the 5-8min it takes to get to the breakroom or where you are allowed your phone on break is part of my break. Nah. Get used to telling uppers no, and keep them off your back. Pre tornado deaths, I remember being told I'd get written up for proceeding to a storm area BC OF AN ALERT I RECEIVED and local weather! You are there for your pay and nothing else-don't give them more than 75% and look out for each other.",0,2023-09-24T18:58:36Z,Lyqo2uJvNO4
I was never happier in my entire life when I tried to get a job at one of their warehouses and their system fucked up and gave my job to someone else.,0,2023-09-24T10:05:44Z,Lyqo2uJvNO4
I have two cousins who work for Amazon. I wonder if they get dirty underwear 😂,1,2023-09-23T15:23:25Z,Lyqo2uJvNO4
"Here's a creepy Amazon story: I once knew this awful guy (friend of a friend) that worked at Amazon, who stole from there all the time. He'd steal little stuff like pokemon cards, food, office supplies. They never said a word to him about it. He would find ways of getting it around their scanners, or would sneak it through a weird entrance. He worked their for months, so over the time he worked there he stole hundreds of items... When he quit, they handed him an envelope. And inside was a bill for every single thing he ever stole, down to the pencils and paperclips. He said he was sure they knew about most of the items, but he said some if the losted items there should be no feasible way of them knowing. I asked him why'd he think that, ans he said that the methods he used were too numerous and varied that one of the many ways he tried should have worked... But they knew every single thing. He had to pay for every single item.",0,2023-09-23T03:39:33Z,Lyqo2uJvNO4
I worked at Amazon and i believe the environment is different at different warehouse locations. We did work hard! The workload was rough however I could go to the bathroom whenever I wanted and didn’t get in trouble. Management would buy lunch for everyone every Friday. I could have my phone on the floor (I heard you couldn’t do that at other locations).,0,2023-09-22T13:35:03Z,Lyqo2uJvNO4
there's a story that came out that amazon has had so many people work there and quit that they're literally running out of people to take advantage of. that takes a special type of hellhole company lmao,1,2023-09-21T16:18:01Z,Lyqo2uJvNO4
My brother works at amazon and i always wondered what he did. Thx 4 making this!,1,2023-11-28T21:15:50Z,Td0vu-Und7Q
Ten hours... Whoah. You are amazing. Thank you for all you do! I don't know if the number of hours is your choice or your obligation but I really really hope you're being paid enough and have worthwhile benefits. You deserve the best.,3,2023-11-28T20:37:13Z,Td0vu-Und7Q
Good hope they fix Safety Hazards.,0,2024-04-18T09:03:07Z,QCl19BQJBV0
Who knows how to complain against amazon,1,2022-09-02T20:43:09Z,QCl19BQJBV0
Amazon Employees Workers Need To Unionize.,7,2022-08-31T21:59:30Z,QCl19BQJBV0
It’s funny how there worry about there stock but yet millions of employees get hurt and amazon won’t ….. don’t care about safety. How many amazon make you wear there ppe gloves boots vest I don’t see safety glasses.,3,2022-07-25T12:06:10Z,QCl19BQJBV0
Pretty sure we'll get a bouncy house in the break room before we get $24 an hour,0,2026-02-17T01:36:54Z,OHQqgnq7Spc
Only 24? In 2026 you need at least 45 an hour to break even.,0,2026-02-16T17:17:26Z,OHQqgnq7Spc
"Amazon really feels like High school & County Jail all mixed into one

It's an absolute Hole of hell, I have never seen anyone so happy about their work, besides managers/H.R/Supervisors/Ambassadors. Because they are obviously a higher ranking role. my first week was so Weird, Because I felt like a little Baby in a room full of 25+ Year old Men & Ladies & Oldies there. 
The experience is so unrealistically Bizzare",1,2026-01-06T20:37:01Z,OHQqgnq7Spc
Surprise! You each get 6 chips to eat after your 12-hour shift!,0,2025-12-22T00:43:33Z,OHQqgnq7Spc
Many are getting sick so I wouldn't take the food from any Amazon place,0,2025-12-13T17:15:44Z,OHQqgnq7Spc
"The company has been widely accused of aggressive anti-union tactics, including holding mandatory anti-union meetings, displaying anti-union messages, and firing activist workers.",1,2025-12-01T23:49:32Z,OHQqgnq7Spc
"In 2023, Amazon agreed to pay over $30 million to settle two privacy cases related to its Alexa speakers and Ring security cameras. The lawsuits alleged the company stored children's voice recordings without consent and that security failures exposed users' private videos to potential hackers.",0,2025-12-01T23:48:24Z,OHQqgnq7Spc
"The Federal Trade Commission (FTC) sued Amazon for allegedly enrolling consumers in Amazon Prime without their consent and making it difficult for them to cancel their memberships, leading to a $2.5 billion settlement and customer refunds.",0,2025-12-01T23:47:58Z,OHQqgnq7Spc
We have illegal aliens who need jobs,1,2025-11-11T17:34:11Z,OHQqgnq7Spc
Amazon dsps in Portland oregon have now skyrocketed to over 200% turnover rate the highest of any american based company in the history of the usa.,1,2025-11-06T23:39:36Z,OHQqgnq7Spc
"No more Amazon workers 
More AI Robots 🤖 in all warehouses.",0,2025-11-06T02:16:18Z,OHQqgnq7Spc
Amazon Artificial intelligence is coming to fulfillment center take over.     CEO wanna save money by layoff workers and replace them for robots 🤖.,0,2025-11-06T02:14:44Z,OHQqgnq7Spc
People cry about everything. Amazon is such an easy job 🤦‍♀️ I've worked at 3 of the warehouses and I currently work at the delivery warehouse,0,2025-11-04T18:37:03Z,OHQqgnq7Spc
Thats all the people that work there😮,0,2025-11-03T20:25:32Z,OHQqgnq7Spc
"will stop spending on Amazon from now on,  way too greedy .",0,2025-11-01T21:50:46Z,OHQqgnq7Spc
"I work for Amazon and I love it, and I have no complaints except for those who don't pull their own. Weight that's my only complaint",0,2025-11-01T02:14:00Z,OHQqgnq7Spc
Looks like another Warehouse will be closed down. Honestly the workers might as well just burn the building down.,0,2025-10-27T04:35:36Z,OHQqgnq7Spc
Wait until you hear they giving banana to celebrate Juneteenth,0,2025-10-26T12:18:00Z,OHQqgnq7Spc
Shame they’ll all be let go for this more than likely while Amazon sees no difference in productivity,0,2025-10-25T10:14:31Z,OHQqgnq7Spc
bruh literally just pay them what even is this,0,2025-10-23T06:25:08Z,OHQqgnq7Spc
Corn hole 😂😂😂😂😂😂 yea cause our land lord will take a bag of chips to pay the bills,1,2025-10-20T22:05:22Z,OHQqgnq7Spc
"For the sheer ridiculous amount of money Amazon brings in, they can take care of their workers.",0,2025-10-11T03:42:18Z,OHQqgnq7Spc
"Bro, i shiiih you not, they wanted us to unload and haul 35,000+ lbs on a basic pallet jack(500lb capacity) from out the truck to the far end of the warehouse and in total was estimated at 8hr+ job doing this. It might've been because of a bad mix up obtaining the proper equipment....on their end, so if a bad day is just a typical pyramid building slave day, these people are really getting crazy. It was low paying, enough to check to check, and many people there had to do this.",0,2025-09-22T20:13:52Z,OHQqgnq7Spc
Good. More people should walk out of their jobs for better T&Cs. This is why they want to import foreigners.,0,2025-09-20T07:09:29Z,OHQqgnq7Spc
"Man we went from 18 $ to 20$ still not enough but I don’t mind working for Amazon ,",0,2025-09-14T15:54:56Z,OHQqgnq7Spc
"Amazon workers deserve much more money & time to eat. To fuel their 12 hour shifts, it’s stressful & many workers died, Amazon needs to take care of their employees & need support, Amazon just care about profits over safety.. this why people leave",1,2025-09-13T20:27:13Z,OHQqgnq7Spc
Amazon treats people great.,0,2025-09-13T02:22:35Z,OHQqgnq7Spc
I’ve personally seen them work and they do don’t nothing at all that would warrant $24 😂 they are spoiled brats and this is from an outsider looking in,0,2025-08-28T09:58:19Z,OHQqgnq7Spc
Pay me enough I bring yall some chips and crackers  lol see if they like that,0,2025-08-24T20:49:09Z,OHQqgnq7Spc
If they don’t wanna work. Someone else will take their job. I used to work for Amazon. They really don’t care if you quit the job. So I fully support them going on strike!!,1,2025-08-22T03:34:24Z,OHQqgnq7Spc
"Amazon might just be one of the top worst places to work for, they are using modern day slavery…",0,2025-08-21T22:10:22Z,OHQqgnq7Spc
"The newest Amazon warehouse being built in Hesperia Ca.
 It will be fully robotic.",0,2025-08-19T17:03:19Z,OHQqgnq7Spc
"Lot of low IQ individuals in the comments getting angry at hard workers wanting more pay, when they should be angry at the company owners and greedy corporations. Probably a bunch of red hats.",4,2025-08-18T18:16:16Z,OHQqgnq7Spc
Any company makes million dollars for products you getting pay low,0,2025-08-17T15:42:55Z,OHQqgnq7Spc
"Jeffy likes to get paid, well so do the workers that make him a billionaire.",0,2025-08-13T16:21:45Z,OHQqgnq7Spc
Take the chips or find another job,0,2025-08-13T12:00:44Z,OHQqgnq7Spc
For $30 an hour I’ll do Amazon other then that suck a fat one,0,2025-08-02T16:44:59Z,OHQqgnq7Spc
Hail Amazon,0,2025-08-01T19:47:51Z,OHQqgnq7Spc
"Now that UPS stopped delivering Amazon packages they are gonna have to deliver all the big stuff themselves. Including AC’s, furniture, mattresses etc. They’re gonna need bigger trucks and more than $20 an hour. 🤷🏽‍♂️",0,2025-07-27T01:34:08Z,OHQqgnq7Spc
"The pay doesn’t really make that big of a difference, working at Amazon sucks balls and it always will.",0,2025-07-24T16:20:31Z,OHQqgnq7Spc
Stop buying from scamazon,0,2025-07-23T00:56:42Z,OHQqgnq7Spc
And then they all got fired for TOT,0,2025-07-18T02:24:40Z,OHQqgnq7Spc
Soon AI will replace all their jobs.,0,2025-07-08T23:38:13Z,OHQqgnq7Spc
America should boycott Amazon,0,2025-06-28T07:11:30Z,OHQqgnq7Spc
Maybe instead of walking out they should quit,1,2025-06-27T14:38:37Z,OHQqgnq7Spc
They still don’t pay that lol 😂😂😂😂😂😂,0,2025-06-27T03:29:34Z,OHQqgnq7Spc
"Imagine out delivering all day, busting your ass in the heat, soaked all day with promise everyone will get pizza on return. I came back late in the evening picking up someone elses slack and they said ""Sorry, we ran out of pizza"". I quit the same day.",3,2025-06-25T23:48:14Z,OHQqgnq7Spc
Amazon uses robots and AI to manage people.  Its like a preview of the dystopia that is to come,0,2025-06-15T13:58:21Z,OHQqgnq7Spc
You will not enjoy food when you work for Amazon you have no time.. Then they give such things rather than more Income because People work so hard..,1,2025-06-12T19:36:12Z,OHQqgnq7Spc
$24 bucks an hour in today’s economy is fair especially for the demands that Amazon has never had I had a job where the employees know what I do and how every second of the day,1,2025-06-11T19:31:01Z,OHQqgnq7Spc
For anybody that's reading this fuck Amazon don't work for them that place is unhealthy very toxic they only pay you $300,1,2025-06-02T06:44:52Z,OHQqgnq7Spc
"Workers: We want a raise!
Bezos: You’re not you when your hungry 🍫",0,2025-05-29T20:36:38Z,OHQqgnq7Spc
"$24/hr for a warehouse job?  I could understand if it was in San Francisco or NYC, but Georgia?  I hope they all get fired and have to work at Walmart for $10/hr until they learn to quit being entitled whiners",1,2025-05-28T03:21:15Z,OHQqgnq7Spc
me when warehouse workers that scan boxes on already autonomous conveyors and shelves want paid the same as some people in corporate or datacenters,0,2025-05-23T00:47:02Z,OHQqgnq7Spc
"JUST GO GET A BETTER JOB! JUST AN EXCUSE TO NOT WORK!
24 an hour!? GTFO!",0,2025-05-20T02:11:35Z,OHQqgnq7Spc
"Everyone deserves to live off their income, but im sorry, $25 to do amazon duties is fair in my book.",0,2025-05-20T01:22:53Z,OHQqgnq7Spc
Ive been working at Amazon for 8 years I'm now in RME. I will in fact tell you that I've met some of the most biggest cry babies in the world.  Gen Z embarrassing.,1,2025-05-13T03:55:36Z,OHQqgnq7Spc
"Remember that amazon anti-union training video where they told employees to snitch on employees who used phrases like ""Living wage""? Can't make this shit up🤣",0,2025-05-12T23:00:27Z,OHQqgnq7Spc
"America = WORK UNTIL U DIE

I SWEAR MAN YOULL NEVERVSTOP WORKING",2,2025-05-09T21:52:14Z,OHQqgnq7Spc
"24 an hour is way to much tho. 

Wage increase contributes to consumer costs and thus increases how much money is needed to live life. Endless cycle of perpetual cost increases because company owners will alway make the next person pay.",1,2025-05-08T12:30:46Z,OHQqgnq7Spc
"Our collective predecessors fought for unionization because the big corporations don’t want to share, never wanted to share, and will never want to share 👉cash 💵. Without workers, corporations don’t exist. We the people just want our fare share. Strike we will, and must, to demand a living wage.",0,2025-05-04T08:50:27Z,OHQqgnq7Spc
Amazon sells garbage,0,2025-05-01T12:43:05Z,OHQqgnq7Spc
amazon is an illegal monopoly,0,2025-04-30T16:31:02Z,OHQqgnq7Spc
I wonder which warehouse was this.  We have one on the south side of my town but I believe it's a lot newer than the building in this video.,1,2025-04-18T20:49:57Z,OHQqgnq7Spc
Fewer people would die at amazon if the company respected safety regulations. Amazon has record of the highest accident rates in New York and they got investigated by the government for it.,1,2025-04-10T19:23:14Z,OHQqgnq7Spc
I’ve seen the work these people do since I’ve worked at both warehouse and delivery driver. These mfs don’t even deserve 20$,1,2025-03-26T17:46:01Z,OHQqgnq7Spc
"I was working two jobs, 90 hours a week, holding down family responsibilities, and still got targeted by Inter-Con and Amazon.
Why?
Because I was too sharp to control. Too observant. Too calculated.
They tried to push me out silently but I’m not going out quiet. I’m building a case with timestamps, violations, retaliation acts, and will expose it strategically.
If this ever happened to you, you’re not crazy. They move dirty. I just move smarter.",3,2025-03-25T04:10:21Z,OHQqgnq7Spc
They give you a grown mans work load but talk to you and treat you like a child. Thats amazon.,8,2025-03-24T23:11:50Z,OHQqgnq7Spc
This is one of the reasons why I don't purchase from Amazon anymore unless I have to. Bezos' arrogance and how they treat their workers is insane.,1,2025-03-23T12:45:30Z,OHQqgnq7Spc
Tbh I'm not suprised when you ask for a  reasonable agreement like pay that matches the work & instead given crisps and probably some pop. It's basically adding insult to injury. Amazon basically laughed in all their employees faces and is shocked at the results.,0,2025-03-20T15:52:45Z,OHQqgnq7Spc
"I just read about Amazon, the former worker statements says they over work their staff almost like a dictatorship",7,2025-03-09T16:37:13Z,OHQqgnq7Spc
"Mcdonald's isn't something you should be asking for $20 an hour while starting a family.

btw, just so i dont have to respond back to anyone. if you didn't understand this. you didn't get the point. You can start at Amazon Warehouse straight out of high school graduation with passing C- grades. People shouldn't be starting families with those wages. Plus, Amazon has a 3 year step pay program and has annual pay increase for inflation. It's as Jeff Bezos said, this job isn't supposed to be permanent. It's temporary to get a higher education/career.

in 2022 January, I started off at $18.25 + 1.50 night shift. Today, still with Amazon March 2025, I'm at $22.15 + 1.50 night shift. For those who are blue badge for 3 years right now, you get paid $23.65 + 1.50 for $25.15 total as of March 2025.

Tons of Overtime, shift swap one weekend per month and 1 weekday per week, 80 hours PTO, 8 hours Vacation(extra 40hours per year on blue badge, max 128 per year capped at 160hours), and 170+ hours UPT (you can gain more with Overtime) with max cap 80hours. You also get AT LEAST 15 days UNPAID LEAVE for a total of 90 days per calender year. 3, no questions  asked bereavement per year with 4 months apart(otherwise you need proof). Want extra 30 minutes break? you can do that with your time off options. Want to come in 2 hours late? sure, use your time wisely. How about leave 2 hours late? no problem! We also have career choice. People mainly get their education here for RME roles, mangement positions, tech field, and CDL truck driver.

or simply to build a resume and have multiple types of training in multitudes of departments and become a Problem solver role or Learning Ambassador teaching new hires, etc. or become a Safety Associate in the Safety Community.

Other warehouses nearby are paying $23-28 but dont have the similar benefits and you MUST COME TO WORK or you're fired.",2,2025-03-07T22:47:24Z,OHQqgnq7Spc
They dont deserve that much tbh. 24 and hour is crazy for factory workers.,1,2025-03-06T19:36:23Z,OHQqgnq7Spc
Boycott Amazon!,0,2025-03-06T14:47:21Z,OHQqgnq7Spc
"Considering he’s has built a space program off the backs of Amazon, we all know that’s just a billionaires playground for wasteful spending.. and he can’t meet your guys needs but yet he expects you to remain loyal and show up to work every day meanwhile the cost of living going up and up and up and up and up and up and up and up 🎉🎉🎉🎉🎉 quit making this dude richer and more useless to normal society and stop supporting his stupid agenda bc he obviously doesn’t care bout you now that he’s a mega wealthy billionaire. Remember he lost his way.. not like one particular individual who’s working I believe very hard for the interests of average Americans citizens when he has so much already going on which seems his interests are not all bout himself and showing off what he’s got while maintaining a family life these days.. the guy I’m talking bout hasn’t forgotten bout humanity and as fortunate as one is they remain humbled and grateful. For some reason I just don’t see that in Jeff bozos, his smirk to me says a lot bout him… you’re extremely lucky but I remain to see anything worth mentioning about you. You made it 1 billion times over in life and watch when you die you’ll either be broke or debt up ya assss.. or ya will have done nothing but copy off the backs or buy what ya need, nothing actually coming out of you bc with the little time you’ve became wealthy you’re projections should’ve been off the charts the way ya blow up out of pretty much nowhere ya think keep that energy moving but nope you built yourself A ROCKET 🚀 😂 and haven’t done much since. If it wasn’t for the inside investors and money laundering I really don’t see how you’re capable of going from where ya was at 20-30 years and before that all the way up to now sorry I don’t believe you have that in you. You don’t seem the type of person you’re socially awkward and corky. Really not someone who’s a real people person and a go getter. Nobody has done that so think bout that for a sec. Every industry has their Avagard and those people protect the interests of their businesses.. they’re not gonna just stand by and watch a guy like Jeff to come up and achieve the level of success that fast without stopping or having some kind of involvement in it so think bout all the corruption doge is uncovering.. put 2 to 2 together with now 3 4 567….. and it’s not that far off these days seems more that was our reality but hopefully everyone says enough ☝️ and done. No more of that bs and we all choose more for humanity without that dog eat dog mentality. Wish everyone the best peace",0,2025-03-01T18:20:53Z,OHQqgnq7Spc
"Unions are what drives up our prices 
You don't like the job leave and let others work 😊",1,2025-03-01T05:06:37Z,OHQqgnq7Spc
Give them what they're paying for,0,2025-02-21T21:45:21Z,OHQqgnq7Spc
im so glad i dont work at amazon anymore,0,2025-02-16T19:01:11Z,OHQqgnq7Spc
"Amazon selling Trump chicken eggs for $19.99 for a dozen with tariff included from
Mexico. I miss Bidenomics!",0,2025-02-16T12:08:27Z,OHQqgnq7Spc
They didn't walk out.  The went on strike.  Weak ass workers.,1,2025-02-15T18:12:12Z,OHQqgnq7Spc
"I think Ray Charles can see Amazon's long game:
Complete automation at DC by 2030.
Play mind games with actual human employees , get a few months labor from them , pay no benefits.
Repeat process until automation.",0,2025-02-11T17:25:56Z,OHQqgnq7Spc
24 bucks an hour for doing an unskilled job? GTFO!,1,2025-02-10T20:38:21Z,OHQqgnq7Spc
"their warehouse managers get paid like shit too, except the warehouse manager- L7, so if they raise the salary of L1 associates, they gotta raise the salary of the managers and assistant managers too...",0,2025-02-07T17:39:47Z,OHQqgnq7Spc
This is why we have H1-B's to replace these workers.,0,2025-02-06T15:04:56Z,OHQqgnq7Spc
"If you want to get paid more being a driver then get a CDL. If you just a package loser, your job isn’t even worth $24. A monkey could load packages.",0,2025-02-05T21:58:02Z,OHQqgnq7Spc
Corporate greed toxic management said it 20 years ago no one listened,0,2025-02-04T17:12:52Z,OHQqgnq7Spc
"Next they'll pass out Chalmers jelly of month club for 50% off  coupons .
How insulting this is Amazon employees should just walk out nation wide .
Send Jeff Bezo world crashing down.
People like him should be in jail for human rights violations.
Sad how there people are to employees.",0,2025-02-02T05:41:40Z,OHQqgnq7Spc
I’d work for chips and corn,0,2025-01-27T17:41:04Z,OHQqgnq7Spc
If I still worked at Amazon I wonder what my landlord would say if I handed if a few bags of chips 🤔,0,2025-01-25T14:47:17Z,OHQqgnq7Spc
Amazon is a vile company that does not care about you. They care only about profit and as long as desperate people continue to work at amazon they will continue to run. Theres simply too many people in the world to boycott anymore,0,2025-01-23T04:45:55Z,OHQqgnq7Spc
"Every workplace has the terrible habit of treating their workers like schoolchildren. Literally every workplace. From kiddy size chips, participation trophies, silly micromanagement, and “team building” games and parties. None of these ever pay anyone’s bills.",0,2025-01-17T19:38:38Z,OHQqgnq7Spc
Imagine getting another job,2,2025-01-16T21:17:16Z,OHQqgnq7Spc
Should've also taken the chips and cornhole to piss amazon off even more,0,2025-01-15T03:08:30Z,OHQqgnq7Spc
"Fucking Amazon! They’re making billions every year, and can’t afford to give raises to their employees?! How does that work?!",0,2025-01-12T02:49:29Z,OHQqgnq7Spc
Totally True. They call these snack attacks. This and other crappy quality item give a ways to make workers feel Amazon cares. NOT!!👎👎🤬🤬🤬,0,2025-01-11T17:51:16Z,OHQqgnq7Spc
"If you unionise, prepare to be fired. It’s pretty simple.",0,2025-01-11T12:07:50Z,OHQqgnq7Spc
All of a sudden outsourcing and robot workers seem like a good idea. Automation is the future of a transaction based society. You only have to pay the robo repair man who has a good job and a vital purpose that took schooling.,0,2025-01-10T10:39:20Z,OHQqgnq7Spc
And they all went back to work and didn't get a cent for it.,0,2025-01-09T23:59:19Z,OHQqgnq7Spc
"The funny thing isn’t, it’s just a tax right off .. so he didn’t even pay outta pocket 🤡",0,2025-01-08T11:19:39Z,OHQqgnq7Spc
The rich need to start giving back big time at a certain point why do they need so many mansions and shieeet workers need to be able to live comfortably the people who built the pyramids were treated like royalty they weren’t slaves so why are workers treated as such when they help build these multi trillion dollar companies 🤦‍♂️,1,2025-01-05T07:24:25Z,OHQqgnq7Spc
Amazon warehouses look like a prison. Walmart and Amazon have businesses around the world but pay people 💩. That’s how you can tell the world ain’t right.,0,2025-01-04T14:46:45Z,OHQqgnq7Spc
They want to replace all of them with robots that will pay for themselves in a year and don't complain.,0,2024-12-31T17:34:27Z,OHQqgnq7Spc
"I would take the chips over a raise any time,lucky Amazon Workers.",0,2024-12-31T04:27:39Z,OHQqgnq7Spc
lol complainers get your asss back to work,1,2024-12-29T00:01:38Z,OHQqgnq7Spc
"Now I feel that is a fair wage to request for these workers. Why clown them in this video like a ASS HAT ?  To workers in georgia. They have to remeber state laws dictate what the company SHOULD PAY. They should be protesting at city hall not amazon front doors
 Be careful what you ask for. They boosted the minimum wage here up past 20.00  and increased the rents $500.00 per month houses jumped by 3 times the cost
  AND CLIMBING.  Be happy what your making down there NOW. Your time is coming soon where the average worker there will be HOMELESS.",1,2024-12-28T02:43:11Z,OHQqgnq7Spc
Ungrateful Workers 😂😂😂😂😂😂,1,2024-12-27T16:01:54Z,OHQqgnq7Spc
How much money does Amazon still make per day as the strike goes on? All I heard was how much money was being lost per day due to the Longshoreman strike. I haven’t heard one reporter say that Amazon is losing any money during this. How is that possible.,0,2024-12-27T13:29:10Z,OHQqgnq7Spc
Thats a big F U to the workers faces,0,2024-12-26T22:06:55Z,OHQqgnq7Spc
Keep walking out someone else will take the job,1,2024-12-26T20:38:58Z,OHQqgnq7Spc
"It amazes me they would spend thousands of dollars on 
Food trucks
Food catering
Snacks like you see
Some DJ to play music 😑 
Amazon apparel 
Amazon products
Amazon pins
gift cards
Ect… 

All this stuff they spend money on but refuse to up the wages or heck even give monthly or quarterly bonus. Nah that stuff went to management for keeping good numbers even though we were the one getting hurt, being over worked, unable to go use the restroom, ect…. All too keep those number the way they were. 🤦‍♂️",0,2024-12-25T23:07:53Z,OHQqgnq7Spc
"Haha they do that all the time. At my old Amazon location, they gave us expired chips from RSR. The chips literally expire that month.",0,2024-12-24T21:45:07Z,OHQqgnq7Spc
It’s time to make Jeff Bezos pay!!!!!,0,2024-12-24T20:18:10Z,OHQqgnq7Spc
"I would just quit & find a different job.
It's a waste of time to put or give this company any energy",0,2024-12-24T17:57:52Z,OHQqgnq7Spc
Bezos offered bananas in the past. That guy thinks he's omnipotent. Amazon is going down.,0,2024-12-24T15:17:53Z,OHQqgnq7Spc
"Imagine thinking as a warehouse worker, you’re worth anything more than minimum wage 🤭😂",0,2024-12-24T15:13:40Z,OHQqgnq7Spc
"Except these guys aren’t employees of Amazon! The drivers are working for a 3rd party! It doesn’t t after. Amazon gives them $24 an hour, they’ll demand $28 in a year. It’s never enough. These are minimum wage jobs, not professional jobs!",1,2024-12-24T10:08:24Z,OHQqgnq7Spc
We’re a family here at Amazon. Now take your chips and get back to work! It’ll be a good day when Amazon is brought to its knees.,0,2024-12-24T09:37:37Z,OHQqgnq7Spc
Glad I don’t rely on Amazon or Uber,0,2024-12-20T05:28:04Z,OHQqgnq7Spc
"Shame on any company paying anyone less than 20$ a hour, don’t know how anyone in the country can survive off that shit",0,2024-12-19T17:25:56Z,OHQqgnq7Spc
"so today my amazon dsp robbed all employees in broad daylight. apparently a lot of us aren’t clocking out for our lunches, funny part is we don’t take our lunches we mostly hustle through our route to get home sooner. they have taken hours from us which we worked.",0,2024-12-19T03:11:29Z,OHQqgnq7Spc
I feel like CEOs should spend a month working the same jobs/pay under the same conditions that they expect their lower level employees to abide by. And see how well they hold up.,0,2024-12-13T20:11:39Z,OHQqgnq7Spc
"If your union works, great. 
If you dont have a union, great. 

I work in a union workplace and our union is useless. They might as well have a written stipulation to bend over for the mgmt. 

Unions once had a role before OT pay, rest breaks, etc. werent codified. Now that those things are law, unions basically save the jobs of people who should be fired and impose salary caps for top performers. 
Which union is advocating for a 4 day workweek? I'll wait",0,2024-12-04T03:06:51Z,OHQqgnq7Spc
"Those guys have never worked in a warehouse all their life liftin 80+lb boxes 7k a day, 10 hrs a day for a DC that boxes ups and and fedex parcels lol. Amazon is entry level work and y'all complainin?",1,2024-12-03T02:36:15Z,OHQqgnq7Spc
"On the other hand, blue origin, also owned by bezos is one of the most sought after companies to work for here on the space coast. They pay well and treat their employees like they matter. As far as I'm concerned Blue Origin should be the standard for any company that wants to retain quality employees.",0,2024-11-10T16:42:55Z,OHQqgnq7Spc
"Bro Amazon pay more than most companies today, give some of the best benefits like u can choose when to take pto and upt. They pay for your education and give u a job once your done. So many things. Plus they give opportunities to felons and people with disabilities. Why some many people hating???",1,2024-09-05T04:42:12Z,OHQqgnq7Spc
"That's crazy, that's my warehouse. 💀",0,2024-09-01T09:58:02Z,OHQqgnq7Spc
I hope he pays for disrespecting his workers like that,1,2024-08-25T07:29:48Z,OHQqgnq7Spc
"All warehouse workers deserve a raise. How do I know that? I've worked at 2 different warehouses, easily the most difficult jobs I've ever had. Then I got a job in manufacturing where I make the same money which just happened to be the easiest job I've ever had",1,2024-08-23T13:00:25Z,OHQqgnq7Spc
bunch of babies lol.. this job is for kids ..nd its easy job at that ..,0,2024-08-19T22:34:11Z,OHQqgnq7Spc
"I mean for the work you do there getting paid 18 or 19 is ok, now 24hr? That is crazy unless you are a lead or doing something other than your general pick and stow. 

Not every job you do deserves a 20 or more hour pay😅 😂

Like people say, if you do not like your salary...look elsewhere",1,2024-08-19T06:49:37Z,OHQqgnq7Spc
"""The warehouse there pays $24/hr, why doesn't ours?"" 
amazon and bezos are indeed horrible, but they had a point with this",0,2024-08-17T17:36:29Z,OHQqgnq7Spc
"I love how Amazon thinks the term ""liveable wage"" is a problem",0,2024-08-16T02:08:52Z,OHQqgnq7Spc
Amazon you're no you when you're hungry have a Snickers.,0,2024-08-15T03:36:28Z,OHQqgnq7Spc
Honestly I want to work for Amazon just so I can sit down for 5 minutes and get fired.,0,2024-08-14T07:02:54Z,OHQqgnq7Spc
Bruh I had a Market Manager (person who makes more than 100K) come to academy and tell us that money is not that important and its not the main reason people complain and/or quit Walmart 😅😂,0,2024-08-09T14:25:44Z,OHQqgnq7Spc
Those are snacks provided for the strikers…not from Amazon.,0,2024-08-03T08:31:23Z,OHQqgnq7Spc
"An Amazon assembly employee is not worth 24$. Sorry, not sorry. What people aren’t realizing is the continued wage increase is raising prices for everything. Else so your still in the same financial position you were before the raise. It actually affects the average income earners more because they don’t get a raise to match the low income earners raise but they pay the increased price hike.",1,2024-08-01T17:04:16Z,OHQqgnq7Spc
"The average amazon worker makes around $18/hr. $24 would be a $6 raise. Say there are around 1000 people in a given warehouse that qualify for this raise. That would be an extra ~$48,000 everyday, if all of them work an 8 hour shift. That sounds like a lot but you need to remember that amazon had an annual revenue of nearly $575,000,000,000 and a gross profit of OVER $270,000,000,000 in 2023 alone. So do i think they can afford an extra $50k a day per warehouse to give there workers a liveable wage? Absolutely without a single doubt in my mind. They would hardly even notice the expense.",0,2024-07-31T21:52:26Z,OHQqgnq7Spc
lol you go amazon. good trolling,0,2024-07-31T14:22:10Z,OHQqgnq7Spc
$24 an hour is insane. There's no world in Amazon worker deserves that kind of pay rate,0,2024-07-24T08:24:55Z,OHQqgnq7Spc
"""We want a raise!""
Amazon: Alright team looks like we're getting some more fresh employees because some spots just opened up.",0,2024-07-13T15:38:06Z,OHQqgnq7Spc
$24/hr for working at Amazon?! Good luck with that😅,1,2024-07-08T14:10:08Z,OHQqgnq7Spc
"Some workplaces do the “bread and circus” thing with staff picnic/barbecues and a few other events within the workday. Oh, and another set of mandatory meetings.

But potato chips instead of a raise? Hahahahahahahaha!",0,2024-07-08T02:45:34Z,OHQqgnq7Spc
Imagine being mad because you’re not making $24 working at amazon,1,2024-06-25T00:01:35Z,OHQqgnq7Spc
My father was in a union. The union would actively reject proposals which brought better work-life balance and increased productivity because the increased productivity was beneficial to the company. I understand Amazon's viewpoint.,0,2024-06-24T05:11:30Z,OHQqgnq7Spc
I get 17 bucks an hour working at Amazon. It's a damn shame.,0,2024-06-23T19:24:03Z,OHQqgnq7Spc
I mean Amazon is a horrible company but 24$hr..?? Go work somewhere else.,0,2024-06-23T18:00:45Z,OHQqgnq7Spc
"I had a manager that bought pizza on her dime for our team when we had to work extra days for several weeks. It was the only time I appreciated it since she was down there working with us to try to pull us through it. She doesn't have the power to give us the raises we wanted. But, she still does things to help keep the light on for our moral when things were looking bad.

When it comes from the team, pizza works well. When it comes from corporate, it feels disingenuous.",0,2024-06-23T12:05:59Z,OHQqgnq7Spc
"Amazon should have given them ""raisins"" instead of chips 😂",1,2024-06-19T06:55:23Z,OHQqgnq7Spc
"You're all fired, blacklisted and your positions have been filled by more desperate people.",1,2024-06-19T06:49:32Z,OHQqgnq7Spc
Their first mistake was taking a job with Amazon 😆😆😆,1,2024-06-16T12:58:18Z,OHQqgnq7Spc
"If these workers keep complaining, they are going to get replaced by innovative technology :D",0,2024-06-14T20:11:01Z,OHQqgnq7Spc
Amazon is honestly not even that bad,1,2024-06-13T14:04:58Z,OHQqgnq7Spc
Yo dawg we heard you wanted a raise at work so we decided to give you a bag of chips instead only one per person by the way,0,2024-06-11T20:14:26Z,OHQqgnq7Spc
"“This is a family, let us make it right. You don’t need a union to talk to your family.”
*buys the workers $36 in snacks*",0,2024-06-10T13:53:26Z,OHQqgnq7Spc
What a nice parting gift. Most employers wouldn't be so generous. Wait...are they getting paid to walk around? Paid $24/hr? By whom? Not Amazon. They shoulda just kept the sign waving job at little Caesars. Or do they consider that work and not this?,1,2024-06-10T01:40:06Z,OHQqgnq7Spc
Have you seen American employees lately 🐒 work IS NOT they're strong suit😐,0,2024-06-08T14:07:22Z,OHQqgnq7Spc
"Corn hole. I fucking hate corn hole. I work in a factory that has these tournaments they're always practicing for and advertising to get more people to play. It's so wierd. I just want to work, make money, then go home and forget I work there.",0,2024-06-03T21:15:08Z,OHQqgnq7Spc
"Unions are money leeches, and Amazon know it. Company that were unionized, can't even maintained their buildings or invest in new technologies anytmore. Amazon is built on new technologies, you can't take that away from them.",0,2024-06-01T08:37:42Z,OHQqgnq7Spc
"If you work at Amazon I literally don't care. 
We need to stop fighting other people's battles online. 
Do better.",0,2024-05-29T20:14:08Z,OHQqgnq7Spc
We got gifts like these instead of a raise at my warehouse when I worked there. And sometimes we did not get it because only the day shift got it,0,2024-05-28T22:59:22Z,OHQqgnq7Spc
Let me just pay my rising rent with chips...,0,2024-05-24T18:40:31Z,OHQqgnq7Spc
People are complaining about how much they pay instead of learning a trade or looking for a new job. They’re clowning Amazon but I think the real clowns are the people protesting,0,2024-05-21T21:11:58Z,OHQqgnq7Spc
Want to make more? Get a different job,0,2024-05-21T18:58:01Z,OHQqgnq7Spc
If they paid warehouse workers 24 an hour amazon gon need to raise pay for delivery too cuz that shit way harder,0,2024-05-21T16:42:40Z,OHQqgnq7Spc
Havent the workers heard about the cornhole for power subsidies? You call your utility company and tell them how much fun you had playing cornhole and your bill is paid! Amazon is a good company.,0,2024-05-17T22:11:32Z,OHQqgnq7Spc
Good job guys just keep solidarity 💪,1,2024-05-17T16:52:07Z,OHQqgnq7Spc
amazon warehouses are a fucking joke to work at,1,2024-05-16T19:02:13Z,OHQqgnq7Spc
"Lol. Yall are irrelevant as all hell, they making room for the illegals to want to work for 5-10$ an hour. Why would they pay you want you want. Instead of looking for new work you waste time by going outside and protesting for free....okay!",0,2024-05-16T12:32:45Z,OHQqgnq7Spc
Everytime any of my jobs used to feed us I would tell my co workers this why we can’t get no raise stop eating they food 😂,0,2024-05-16T11:19:33Z,OHQqgnq7Spc
Happily have been without amazon's services for 3 years at this point,0,2024-05-14T15:46:31Z,OHQqgnq7Spc
"Your job will NEVER pay you more than the market value. And you will never have the financial freedom to enjoy the better things in life that money has to offer whenever you want.

If you're not okay with that, the best thing you can do is to better yourself and become valuable to the market. Do something that will actually have a great impact on your financial situation and gains.

Because begging or protesting outside of the building and company that may be your only source of income, aint gonna do it.

Instead of trying to control things that are outside of your control, use that energy and start putting in the effort to invest in yourself. More skills, more knowledge, more networking = more money than your job will ever pay you. Especially if you're part of the poor working class like an Amazon assembly line/production worker/fast food.",0,2024-05-13T07:23:00Z,OHQqgnq7Spc
A multi billion dollar corporation can’t pay their employees more money???,2,2024-05-12T18:48:50Z,OHQqgnq7Spc
This is why People dont work anymore,0,2024-05-12T17:03:45Z,OHQqgnq7Spc
Amazon will just replace all of u,0,2024-05-12T00:51:25Z,OHQqgnq7Spc
Amazon employee turnover rate is 150%. That means every 0.8 years they have 100% turnover. And you think they are going to give you $24? No they are going to replace you for $16. Then in a couple years they are just going to replace you. For a robot.,0,2024-05-11T11:53:54Z,OHQqgnq7Spc
Wow that’s a lot of money for a low skill job. I know because I used to work at an Amazon. A couple years ago it was only $16 here. All they are going to do is get their job automated and then they can walk the unemployment line.,0,2024-05-11T11:45:46Z,OHQqgnq7Spc
World class working environment,0,2024-05-10T19:19:04Z,OHQqgnq7Spc
"Yes electricity company, hi, I got some cheetos I would like to use as payment…..hello?…..",0,2024-05-10T18:46:23Z,OHQqgnq7Spc
"I don't know how weak the dollar is or the cost of living (I know it varies wildy from state to state) but 24 bucks an hour seems an little demanding
Not justifying amazons scummy business practices but gotta look at both sides here",0,2024-05-09T22:28:19Z,OHQqgnq7Spc
Amazon needs the union in there fast. All of this crap would stop.,0,2024-05-09T16:07:21Z,OHQqgnq7Spc
I hope they get it. And better working conditions.,0,2024-05-09T12:46:35Z,OHQqgnq7Spc
"Amazon driver I quit the first day. They expect you to:

Turn off van

Run with packages and deliver them take a picture 

Run back to van

Turn on van and buckle up

Next two houses

Turn off van

Run to deliver picture 

Run back to van buckle up

Next two houses

Turn off van

Run to deliver/ picture 

Run back to van

Make U turn 

Deliver to house next door of house you just delivered to

Make U turn 

Deliver to house next to one you delivered to just before. 

Rinse and repeat 200 times a day. 

And if you’re not running you’re too slow. 

NO BREAKS. PEE IN BOTTLES AND HOPE YOU DONT HAVE TO TAKE A SHT.",0,2024-05-09T12:09:39Z,OHQqgnq7Spc
"It is insulting. However, at the same time, I've seen what some positions entail at Amazon, and some definitely shouldn't be as high as 24 an hour.",0,2024-05-07T02:52:32Z,OHQqgnq7Spc
I no longer buy anything from amazon. Remember when Amazon didn't exist?  I do.  Sure call me old. Whatever. Stop giving your money to this institution.,0,2024-05-06T17:09:18Z,OHQqgnq7Spc
"I don’t get it they have chips and games, why are they mad, they get free chips! Not only that but they get paid while playing games, I would bring my Xbox to play with everyone and ask the manager if they can get a bouncy house",0,2024-05-04T08:16:56Z,OHQqgnq7Spc
"The insult and ridiculousness of this offer for chips instead of a raise will become the focus of conversation for a number of people, that's on purpose, Amazon knows how to play this social media generation

Even top comment is a joke about that specific detail",0,2024-05-01T02:25:16Z,OHQqgnq7Spc
Amazon wants them to walk out so they don't get their vested stock shares.,0,2024-04-30T19:31:30Z,OHQqgnq7Spc
I work at an Amazon facility and my department is ship dock a few weeks back they forced me to cross train in AFE pack and the p/a over there was offering to buy lunch to the person with the highest rate I’m over here like I can just buy my own lunch I’d been more motivated if they offer a nice home cooked meal lol but seriously some thing that stupid I only purposely worked slower,0,2024-04-21T03:51:45Z,OHQqgnq7Spc
"Amazon TUL2 Updates: I am still working here for a financial reasons. However, I am not comfortable to someone like Anthony P.(With “Blue Bee” nickname on Amazon vest) who has a serious issue with ASC(associates safety committee) employee over a 20 year old girl named Isabella Brevilla King who just got fired. Anthony should know that every EPJ(electric pallet jack) belongs to Amazon warehouse policy which means every employee who licensed to use EPJ for work not being childish of the favorite. The only thing Anthony kept taking a EPJ code named “Wall-E” without accepting other EPJ that available because of Isabella. I am assuming that Anthony flirting to a young girl for ridiculous and romantic reason against a hardworking person by bullying ASC in mentally way. The only reason that Isabella got fired because she broke the safety rules in this warehouse. One, She failed to attempt to proceed a safety of equipment while the manager and a trainer monitoring every area after being certification. Two, She didn’t sound the horn of EPJ as what the operator should do under the training program have ruled which this could lead most employees in non-safety of surroundings. Three, Isabella was actually attending a murder an employee in provoking way over her dumbest reasons to get tallest male(and with lots of money) in this warehouse to bully someone for romantic attention. Anthony should get a title of Sex Offender on a minor and charged misdemeanor. Isabella should be also charged for misdemeanor, intoxicated behavior and reckless endangerment to employees. I don’t know if these two are still in touch in phone or other social networks but hurting someone who just mind their own business and not causing trouble over someone else is 100% wrong. I am hoping that the whole world needs to see this review.",0,2024-04-18T13:40:28Z,OHQqgnq7Spc
Damn when i worked at a fulfillment center i loved the way they talked and treated us like half-breeded retards lol,0,2024-04-11T20:36:04Z,OHQqgnq7Spc
Then you have Jeff Bezos billionaire raising Amazon Prime Video prices to not have commercials... that guy is going to have a special judgement on him reading his employees like robots and still scamming customers to not watch ads already covered in their membership...,0,2024-04-08T01:06:56Z,OHQqgnq7Spc
I worked at amazon if u want to do it for 5-6  months its ok  but if you want to do it for lifetime its not worth it,0,2024-03-26T21:57:22Z,OHQqgnq7Spc
This trick isn’t working anymore!!!!! The younger generation is not playing either!!! Many of us don’t eat pizza or chips! We want raises and bonuses on our checks! Folks making billions off our work but will give us chips. Mild slavery,0,2024-03-23T14:45:37Z,OHQqgnq7Spc
Because tossing a beanbag on break pays the rent?,1,2024-03-17T23:23:32Z,OHQqgnq7Spc
"Its ok, Biden is brining in more illigals that will work for 10$ in hour none stop",0,2024-03-17T20:14:09Z,OHQqgnq7Spc
I work at Amazon and get stale snack all the time this shit sucks,0,2024-03-15T01:27:13Z,OHQqgnq7Spc
"I rather work at the Walmart warehouse, they pay better than Amazon that's for sure.",0,2024-03-14T04:11:11Z,OHQqgnq7Spc
those people coming from other countries will take your job cheaper labor,0,2024-03-13T00:24:51Z,OHQqgnq7Spc
SCREW amazon. I don't nor will I Ever do home deliveries. That Aho.. ceo has Enough money. So does his upper management. So UP HIS,0,2024-03-09T13:01:14Z,OHQqgnq7Spc
Digit will out them all outta the job Amazon does not give a fuck,0,2024-03-05T19:00:17Z,OHQqgnq7Spc
"Take advantage of the benefits such as schools and everything, once you got your certificate get better job. I take my trucking school they paid the tuition like $5,250.00",0,2024-02-29T16:32:10Z,OHQqgnq7Spc
500 thousand robot workers were hired this year by Amazon. Costly the company $3 per hour wage equivalent per robot,0,2024-02-26T08:54:59Z,OHQqgnq7Spc
Amazon is not unionized.,0,2024-02-25T16:57:51Z,OHQqgnq7Spc
At least they got chips and cornhole. All my warehouse got was a tray of walmart cookies for generating 50.4 million while still being below 20 during off season and during the peak part we get an extra 2 dollars and forced OT,0,2024-02-23T23:46:56Z,OHQqgnq7Spc
"Workers at $8.00,/he jobs demanding $24.00/hr. 
Amazon: Go F yourselves, we'll hire new workers just grateful for jobs",0,2024-02-23T23:08:30Z,OHQqgnq7Spc
"Well they could unionize, or find a better job but not unionizing they are telling management to abuse them.  Stupid but their choice.",0,2024-02-22T13:07:22Z,OHQqgnq7Spc
Amazon is holding on to these employees just long enough to be replaced with robots. Workers ought to cot their losses and leave now.,0,2024-02-21T00:18:29Z,OHQqgnq7Spc
amazon ant the factory we need to be looking at we need to start looking at the ones that are still pay $13h not amazon that starts at $22h,0,2024-02-20T06:34:52Z,OHQqgnq7Spc
Why does cornhole seem like such an extra insult from Amazon?,0,2024-02-19T18:32:06Z,OHQqgnq7Spc
I thought entry level positions with no experience pay less.,0,2024-02-18T22:54:10Z,OHQqgnq7Spc
"You know what's funnier than that? Actually forcing Amazon to shutdown. I mean, Jesus. Look what we did to Bud-Light. Cancel culture works both ways.",1,2024-02-15T13:37:05Z,OHQqgnq7Spc
I have never worked for Amazon but I hear it's hard work just give them what they want.  Jesus Amazon you can afford it!!!!,0,2024-02-14T19:51:05Z,OHQqgnq7Spc
They want $24 just to do half ass work and come up with fake ass injuries to get accommodated lmao fuckin lazy bums,2,2024-02-09T19:53:34Z,OHQqgnq7Spc
So computers obtain data from workers so they can use that data to make robots to replace you!,0,2024-02-09T17:11:37Z,OHQqgnq7Spc
"lack of IQ, if jobs start paying laborers 24/hr don't you think cost of living will increase thus making your 24/hr still below livable wages.",2,2024-02-08T22:22:59Z,OHQqgnq7Spc
Worked at Amazon and was told I'd be written up for obeying a storm warning by proceeding to the shelter area. This was before they literally murdered employees in the heartland via intentionally ignored warnings. Fuck Amazon and all its managers.,0,2024-02-07T02:54:50Z,OHQqgnq7Spc
"It's insane to me that employers think that the things that work on sixth graders will work on adults. Yeah, field day and a pizza party may motivate elementary school students. But they don't have bills to pay.",20,2024-02-06T15:06:48Z,OHQqgnq7Spc
"This is one of the reasons this country is allowing so many immigrants to come in, so they can work for nothing and replace the citizens who know they aren't getting livable wages",1,2024-01-31T13:46:25Z,OHQqgnq7Spc
Do you wanna make 24+ an hour learn a trade. Amazon for the most part is an entry-level warehouse job I’m in southern California I haven’t looked at the cost-of-living but I am pretty sure it’s higher than in Georgia and we aren’t making $24 an hour to start here at Amazon,1,2024-01-30T00:42:49Z,OHQqgnq7Spc
Amazon can afford more than 24 how about 30,0,2024-01-26T23:20:36Z,OHQqgnq7Spc
"Every worker that can organize, should! Never be obedient to the owners. You don't owe them your obedience. They owe you everything.",0,2024-01-26T01:19:05Z,OHQqgnq7Spc
would be nice if JEFF invited workers to his HOMES....,0,2024-01-25T23:32:13Z,OHQqgnq7Spc
"Some of you mfers dont deserve more than $20 an hour. And ive worked at Amazon, shit is easy 😂😂😂",1,2024-01-10T21:39:56Z,OHQqgnq7Spc
How do u demand more money for a job you literally barley doing any work no need to strike my thing is you don't like the wage go fins another job no need to complain,1,2024-01-07T03:31:11Z,OHQqgnq7Spc
$24/hr??? WHERE’S MY RAISE?! I work WAY harder than multiple Amazon employees combined and I barely make over $24/hr.,1,2024-01-06T16:42:59Z,OHQqgnq7Spc
They really do think everyone working there is stupid,0,2023-12-29T22:21:51Z,OHQqgnq7Spc
amazon is the easiest job no brain required to work here and they promote just any one thats unfit for the job too a blue or orange vest... you shouldnt even be getting payed more than 14$ an hour get a real job. lol,1,2023-12-19T06:48:28Z,OHQqgnq7Spc
"They don't deserve $24 an hour, straight up they don't deserve it. California has higher expenses than Georgia all-around and they don't get paid close to that here. $18-20 is range from what people say. This is an unskilled labor job.",1,2023-12-18T14:55:45Z,OHQqgnq7Spc
"Those chips are expired Amazon returns, cant let them go to waste",0,2023-12-12T21:00:05Z,OHQqgnq7Spc
"The general rule is that if you accept a job at a pay rate you have made an agreement. If you took the job with raises at a certain point then you deserve that raise if was part of the agreement. Not every job pays a living wage that's just the way it works, if you want more money be willing to get experience in a career that offers better pay.",1,2023-12-11T17:38:54Z,OHQqgnq7Spc
"If you think you’re worth more, then leave and go make more money somewhere else! You’re free to choose where you want to work.",0,2023-12-10T06:41:45Z,OHQqgnq7Spc
yall agreed to the pay you were hired for 🤡,2,2023-12-07T12:15:55Z,OHQqgnq7Spc
"Poor jeff bezos, hes always being pushed around by those damn greedy amazon employees and their ""oh having to piss is a normal and required body function please youve made me work for 3 days straight.""",0,2023-12-05T00:56:08Z,OHQqgnq7Spc
Who wants chips and games? Those chips gonna pay my bills.,0,2023-11-30T12:57:26Z,OHQqgnq7Spc
Damn wtf we only got 16.5 an hour and if you work the last shift you only get 17.5😅,0,2023-11-26T08:09:08Z,OHQqgnq7Spc
One of the easiest jobs on the planet with no special skills needed and they want to get paid like someone in a trade like a truck driver for amazon 😂,1,2023-11-21T23:00:31Z,OHQqgnq7Spc
"Ha ha ha!  I worked for a company which had over 22k employees worldwide-wide.  When (NOT IF) we would produce a record quarter, the company would serve us walking tacos or pizza.  Then, HR people would stand at the cafeteria entry way to make sure that we did not take more than one walking taco or more than three pieces of pizza.  Meanwhile management people would walk away with five or six digit bonuses. I won’t go into my viewpoints on management.",0,2023-11-19T13:37:23Z,OHQqgnq7Spc
My jobs says if we sell 200 pounds of coffee we will get a pizza while they are cutting everyones hours at the same time.,0,2023-11-17T18:26:24Z,OHQqgnq7Spc
"I think this needs to go both ways, companies can charge for less on things causing a massive downward move in price for the economy but there are certain jobs that can’t make more than a certain amount y’all have to remember if they give y’all raises it’s never free they’ve already factored/will factor it into whatever they sell charge or fee to get it back causing the economy to go upwards in price again that’s why we’re always running on the treadmill. Financial freedom comes with being frugal/having multiple income streams or both",0,2023-11-16T14:50:08Z,OHQqgnq7Spc
Amazon is treating all of its employees nationwide like slavers and robots they haven’t even put in some of the AI’s yet and they want robots for employees,0,2023-11-15T18:41:40Z,OHQqgnq7Spc
"Tbh I get paid 20.75$ dam near the same for a construction job, so I rather do that but 24$ an hour 💀💀💀",0,2023-11-15T08:24:49Z,OHQqgnq7Spc
"I remember when I first worked for Amazon and one of their incentives were Amazon bucks which isn't actual money but if you work really hard and collect the most items in a given hour (rarely happens) then you were allowed some of them. If you saved up enough Amazon bucks you could get these crap prizes such as a cap, t shirt, keychain or lanyard all with the Amazon logo and word on it. At one point the manager decided to join in for an hour when they were gonna give the winner the Amazon bucks and after that hour he won and went back to doing his normal work.",0,2023-11-08T05:29:15Z,OHQqgnq7Spc
I have nightmares about my days working at Amazon overnight shift. So many people taking all sorts of stuff to continue to perform. I fought to work on the same station as my husband most nights to have something to look forward to even though we couldn't talk for fear that they'd need to assign one of us to a new workstation. Just having to walk from one side of the buidling to the other side after standing was torture. I dont even know how my husband still uses Amazon after that experience.,0,2023-11-07T18:39:41Z,OHQqgnq7Spc
I work from home for Amazon and make almost $30 this is sad what the do to the warehouse works,0,2023-11-06T18:18:44Z,OHQqgnq7Spc
"Warehouse workers get paid $25 then the driver should be getting paid $35.
You're in a stationary building. we are out driving in stress AND dealing with mistakes that the warehouse workers make",1,2023-11-05T17:06:49Z,OHQqgnq7Spc
Freaking cooperates running country. They rather pay the lobbyists millions to create policies so they don’t have to pay the employees. System is corrupt! Design for them!,1,2023-11-04T18:25:55Z,OHQqgnq7Spc
"Come on now guys!! How can Jeff Bezos pay for his $55 Million yacht, his fiancés diamond engagement ring, all of her botox and plastic surgery, the new multi million dollar mansion he just purchased if  he gives you guys a raise and not just chips and cookies??😂😂😂😂",0,2023-11-03T16:28:02Z,OHQqgnq7Spc
That’s Amazon,0,2023-10-25T05:32:26Z,OHQqgnq7Spc
"Amazon... That business definitely has bad reputation, can't trust em to be fair to there employees 😅",0,2023-10-23T17:08:33Z,OHQqgnq7Spc
"$24/h for working at Amazon warehouse??? That's insane, some junior engineers get the same amount of money. If Amazon workers could get $24/h why did those engineers grinded through universities???? Why didn't they just drop out of high school and work at Amazon?",2,2023-10-20T20:20:38Z,OHQqgnq7Spc
"When they Screwed me by my Recinded Promotion- I Blew-Out All of  Payed Time Off, Went in to HR, Had them Reset my Oayed-Time Days & Then I blew all of them out too. 
HR did it for me again- I blew that out as well. Then when i was confronted by HR-They wanted to ""Seperate"" &
Threatened me & tried to have me Sign my Rights Away from Claiming Unemployment benefs.
After laughing in their face & refusing to sign-They told me that I would ""Never get Unemployment from Amazon"". 
When my UE-Claim was Excepted for Benefits, I sent a Copy with a Middle Finger Mylar Balloon to the Amazon HR Manager.",0,2023-10-20T13:30:28Z,OHQqgnq7Spc
"Worst Company I ever worked for. Here's the  Long & Short-
I was hired directly as a Tier1 ICQA. After a few weeks, I was asked to do ""Stow Etiquette"", ""Audits"", Help Train Newbies & many more additional Responsibilities.....I wanted to do more because I wanted a Promotion. 
After about 2 Months one of ""PA""'s brought me to IT & gave me Access to every system in the Fulfillment Center -because he promoted me. 
He said since I was doing the work anyway I should be ""Upped"". 
I went home with a Promotion & when I came back the next week to start my shift? The Floor Manager had Recinded the Promotion because he got moved & had planned on taking me with him. 
Outraged, I went to HR & I fought it.
 No Promotion. Then they tell me I have to work ""Mandatory OT"". Earlier Hours,More Days,Later Hours,Weekends.......
Amazon is all Talk about ""Moving Up Fast"" & ""Bonuses"" & ""Flexibility"". It's all Total 100% Pure Uncut Bullsh*t.
 If you want to get Lied to, Be Forced Overworked  & Underpaid- If you desire to have absolutely No Personal-Life & be treated like a Slave? 
Go apply to Amazon.",0,2023-10-20T13:13:39Z,OHQqgnq7Spc
Totally reasonable pay request. Should be 35$,0,2023-10-18T05:46:53Z,OHQqgnq7Spc
"We are the highest paid warehouse workers in the Savannah,Pooler, Port Wentworth area. No one paid me 16.50 now 17.50 to stow. Its easy money and I'm hopefully to transfer to a fulfillment center and make 20.40 in Pooler. We are paid weekly and can pay into benefits 2 weeks after hiring. People just like to complain.",2,2023-10-16T12:48:40Z,OHQqgnq7Spc
That warehouse so easy it be the easiest jobs that want the most,1,2023-10-15T23:49:41Z,OHQqgnq7Spc
"Bezos: Nobody wants to work
Cornhole: I'm here for you, big boy",2,2023-10-14T17:30:16Z,OHQqgnq7Spc
"Better than what I got my overworked self....chips, I want chips...Joking, I support them ALL THE WAY GO UNIONS",0,2023-10-10T19:33:59Z,OHQqgnq7Spc
"Workers: hello we would like a living wage
Corporations: beep beep lettuce",0,2023-10-09T19:20:42Z,OHQqgnq7Spc
"24 dollars per hour? wtf? am i missing something?
i mean all the power to extreme pay, why not",0,2023-10-09T11:25:01Z,OHQqgnq7Spc
"⬇️ *WHAT I USE*
 ⬇️
My *Lava Lamp* : https://amzn.to/2WLRk4y
Wireless *Earbuds* I Use at Work : https://amzn.to/2ZOc9y6
My COVID *""Mask""* (Covers Earbuds) : https://amzn.to/3fU0uDt
My Work *Shoes* : https://amzn.to/3jtr1tz
And *Join -->* youtube.com/nfzproductions/join for emoji's like these! ",56,2020-07-22T21:38:27Z,_kVao-XyKgQ
Thank you man then we're good tips I'm supposed to start an Amazon warehouse this January 17th have a great one,0,2026-01-04T01:56:00Z,_kVao-XyKgQ
"Amazon is for people living under a bridge who have lost their dignity.
You can't go any lower than Amazon..",0,2026-01-02T07:38:18Z,_kVao-XyKgQ
How to find jobs near by our location,0,2025-06-12T22:02:32Z,_kVao-XyKgQ
You can clock in 5 before and after your shift starts / ends. Just know if you are clocking in 5 min early and out 5 min later every day then your OM/ and HR will def start to notice if those 5 mins at the end of shift are just you just fucking around. It's called time off task (tot). I wouldn't advise listening to that piece of advice he gives if you want to keep your job,0,2025-04-25T16:42:11Z,_kVao-XyKgQ
Are there any hot girls at Amazon?,0,2025-03-18T02:54:40Z,_kVao-XyKgQ
6-6 isn’t that 12 hours ok if you minus the breaks that’s 15 by 15 by 30 mins how is it a 10 hour shift,0,2024-10-24T04:21:40Z,_kVao-XyKgQ
"Tip number one ever working At Amazon, they’re terrible",0,2024-10-16T16:24:39Z,_kVao-XyKgQ
"So if I do an extra shift, it would be overtime after 40hrs but the shift says my regular pay, will it correct itself?",0,2024-08-21T19:16:23Z,_kVao-XyKgQ
"This video makes me want to delete my Amazon account.
Yuk!!!!!",1,2024-08-09T02:14:17Z,_kVao-XyKgQ
"Your #1 tip can be wrong
If u have over 12hrs of work 
If you go over the 12 hour and let say 1 minute your going to be having a conversation with the manager 
Or if you go over 60 hours in a week 
HR will be talking to you",0,2024-07-20T20:39:08Z,_kVao-XyKgQ
Good information I just started working at Amazon and it is amazing how much they forget to say in training.,0,2024-07-08T15:12:39Z,_kVao-XyKgQ
"The last one doesn’t make any sense. You’re saying you can just clock in, stand around 15 mins before starting as well as standing around 15 mins after your shift ends but before you clock out. That is bs",0,2024-06-30T18:13:55Z,_kVao-XyKgQ
"Seems neat , there’s no Amazon warehouse in my area though :(.",0,2024-05-09T04:37:43Z,_kVao-XyKgQ
"Man i dont know why Amazon is strict. If they eased up on their staff, they would get happy workers. Its all about morale",1,2024-05-06T03:01:44Z,_kVao-XyKgQ
"While I appreciate this video and I know its been a few years, there was some of these tips our learning ambassadors told us on day one. I'm not knocking the video, I learned some things here. Overall great video, they are pretty sneaky with that last tip and the one using PTO to cover negative hours (my AM actually told me about this 2 months in!)",0,2024-02-29T22:21:42Z,_kVao-XyKgQ
You can’t use earpods???? 😥😓 what’s the point of working alone lol,2,2024-02-23T03:12:50Z,_kVao-XyKgQ
People get mad because i get praised by the managers for walking around only because when i do work im the top employee everytime,0,2024-01-23T14:44:44Z,_kVao-XyKgQ
I went in and worked a shift I wasn’t scheduled for I didn’t realize I wasn’t supposed to be there until the end of the shift. Yet  the time I worked is not added to hrs worked that week does this mean I’m not getting paid for that shift?,0,2024-01-19T21:15:43Z,_kVao-XyKgQ
Job sounds like hell,2,2023-11-05T05:55:36Z,_kVao-XyKgQ
Number one tip is don’t work there !!!😂,1,2023-10-20T01:25:28Z,_kVao-XyKgQ
When I worked at a locker they heavily discouraged the whole clocking out late thing. Idk if i'd risk that cuz they don't want to pay overtime and you will get spoken to,0,2023-10-05T04:35:25Z,_kVao-XyKgQ
it sounds like working in a jail,2,2023-09-25T16:54:36Z,_kVao-XyKgQ
In other words just like a slave you just getting paid for it don't work for Amazon,1,2023-09-05T21:59:56Z,_kVao-XyKgQ
Do you need manager approval to clock in early?,0,2023-08-25T01:08:20Z,_kVao-XyKgQ
Who really cares about rules amd getting fired from amazon ? Ha,4,2023-08-22T04:17:26Z,_kVao-XyKgQ
"id ve fired after a week just with the point system, its litterally my lifestykle to be late LOL",0,2023-07-21T04:14:56Z,_kVao-XyKgQ
Thankyou for giving us tips working in Amazon,0,2023-07-21T01:09:28Z,_kVao-XyKgQ
Quit after 14 days.,6,2023-07-04T17:29:10Z,_kVao-XyKgQ
Does that include if you work like 25 hours in a week for flexible schedule for seasonal employees?,0,2023-07-04T01:44:16Z,_kVao-XyKgQ
"Wow Amazon is really bad in the states. Most of the stuff you said doesn't apply here in Canada. They don't care if you are incompetent here. Rates don't matter. Safety matters a whole lot more. The whole 6 points getting fired & that, that applies here. Majority of the workers here don't even reach their Stow rate at 3.0 or the Pick to stage if you are day time like me at 15.

You can't just stand their obviously & do nothing. Just as long as you are working & do what you can, rates don't matter. I don't even get the 3.0 stow rate cuz that's hard. I do get 20 consistently on the Pick to Stage. 20 is very hard to do. I do that majority of the time consistently. Nobody else does that. Most people don't even get 15 & they are still there.

I remember when I 1st started for the 1st 3-4 months I wasn't even hitting the quotas. I remember doing 10-12 at the pick & stage. 

I got my blue badge today to be a permanent worker now. I would say in Canada it's the best work place to work at.",2,2023-07-03T01:02:33Z,_kVao-XyKgQ
"I just got hired as a seasonal employee for amazon as a ware house sorter and was surprised when I went to the amazon career center in Minnesota they did not do any interviews at all and it felt like a military recruitment center as they hire anyone who has a drivers license and state ID and social security card and can pass a background test and drug test. And the recruiters were super nice and gave free shoes but one thing I learn in life as they say in Hawaii ""not everything that glitters is gold"" Which means it may look really good on the surface but when your in it can be hell on earth. Of course I knew this as I heard many people complain about amazon. Working long hours and low pay and I'm not sure about now. What's funny was I almost got a got at amazon as a forklift operator and never showed up for the interview and got the job offer. fast forward to 2023 I can see why they constantly need people the job is located in remote places that is difficult on bus route or impossible but thankfully it is not complete hell. I like the fact they allow you to chose your days you want to work. And even if its 19 hours a week the pay for seasonal employees are good $20.50 an hour. I do not start until the 28th. And first I did not know what I'm getting myself into but after seeing the videos I think i will be ok I went out and bought dr soles inserts and back pain medication. The lady there did say Fridays we get paid I think every Fridays if that's true then that's sweet! It makes a good side job for now. :) I hope at lease",0,2023-06-26T22:50:11Z,_kVao-XyKgQ
Make sure you pay attention to the rate to put in the pod.,0,2023-06-08T20:07:18Z,_kVao-XyKgQ
"Jesus, this is draconian. These sort of working conditions are legal in the United States? Many of these are against the law in my country.",2,2023-05-26T04:53:56Z,_kVao-XyKgQ
Hey new follower! 👋 I have a question 🙋🏻‍♀️ when u flex is there times you have to work night shifts? Or can u get all day shifts?,0,2023-05-23T23:05:36Z,_kVao-XyKgQ
So getting off at 7:45pm I can sit around in the break room for a while before I clock ⏰️ out...ok 👍🏾,0,2023-05-20T20:25:03Z,_kVao-XyKgQ
"I heard people got in trouble for having bathroom breaks there, is that true?",0,2023-05-05T23:43:13Z,_kVao-XyKgQ
Thanks man your channel is so helpful I just got hired for seasonal work,1,2023-04-20T01:29:09Z,_kVao-XyKgQ
against policy to listen to music😂you mean what sustains the human soul? yeah makes sense not to enjoy your capitalism enforced labor time. what fuckign corporate bastard cucks🤡,2,2023-03-16T12:36:06Z,_kVao-XyKgQ
I will be employed by Amazon working in a warehouse before the end of March 2023,0,2023-02-28T00:14:18Z,_kVao-XyKgQ
my first appointment is today before my first day wish me luck it's in 3 hours,0,2023-02-27T11:34:33Z,_kVao-XyKgQ
Fuck Amazon I was going to drive for them but I left during the class because it’s a bunch of bull shit,0,2023-02-18T01:18:37Z,_kVao-XyKgQ
"If you would have had a better work ethics , the 6 point would not have mattered :(",0,2023-01-30T00:59:54Z,_kVao-XyKgQ
I need a job for amazon warehouse so tell me the procedure.,0,2023-01-24T07:17:49Z,_kVao-XyKgQ
"I worked at an FC when it first opened up for four years and never got written up even though my numbers were mediocre at best. My biggest tip is be a wallflower: keep your mouth shut, stay busy and, most importantly, NEVER be late to your station after breaks. If you're able to, change departments frequently as well.",6,2022-12-11T13:31:02Z,_kVao-XyKgQ
"Hi, I'm about to start my 1st day job at amazon today, just wondering if they do have all the same policy? I'm from UK by the way. :)",0,2022-12-02T14:06:23Z,_kVao-XyKgQ
Idk know about that 3min early/late clock out. My amazon instructors have been adamant that you better be clocked in from break on time and that they will be watching anyone who comes back late. I'm not taking any chances with that one.,0,2022-11-26T05:36:27Z,_kVao-XyKgQ
"They capped the PTO to 70 total hours in the year, and I was giving all 70 at once in the beggining of the year, nothing accumulated anymore",0,2022-11-11T16:42:30Z,_kVao-XyKgQ
"My very first week, I worked 6 days in a row, it was brutal",0,2022-11-11T16:40:31Z,_kVao-XyKgQ
"I had 40 points at one point, still work there",0,2022-11-11T16:36:30Z,_kVao-XyKgQ
So since your new you wont have rates until you appear to not be improving in a 30 day period.,0,2022-11-08T10:43:19Z,_kVao-XyKgQ
"That last one is terrible advice, that is time theft and is a category one infraction that will get you fired and unhireable in the future.",0,2022-10-31T17:58:03Z,_kVao-XyKgQ
"Dude, if you are late more than once you shouldn't have a job.",0,2022-10-10T21:10:13Z,_kVao-XyKgQ
This job suck,0,2022-10-02T14:58:21Z,_kVao-XyKgQ
Amazon give you per month salary or weekly or daily plz comment must,0,2022-09-21T01:30:30Z,_kVao-XyKgQ
I quit after 3 days..,0,2022-08-16T21:12:05Z,_kVao-XyKgQ
#1 is you get paid for the time you work?  Woooooooow,0,2022-08-06T12:27:01Z,_kVao-XyKgQ
I need a job for a few months until I can lose enough weight to leave for the army.,1,2022-07-16T08:07:28Z,_kVao-XyKgQ
"In June, they got rid of the point system. Now it's UPT hours. If you're even one minute late, they will take away a whole hour. But you get an extra 20 minutes of UPT with each shift, I think. Not sure how it is at the FCs. But I'm coming from the delivery station part time.",0,2022-07-11T04:06:50Z,_kVao-XyKgQ
For example you arrived at work one hour early you clock in. 1 how do you know what station to work at when you arrived early and started working?  So you get paid for working working that extra hour?,0,2022-06-21T07:46:56Z,_kVao-XyKgQ
im bout to start working for amazon n thanks for the tips do u ready get paid weekly or biweekly,0,2022-06-10T15:46:35Z,_kVao-XyKgQ
"I start my job at Amazon Warehouse on 14th June and this was very helpful.
Thank you so much!",0,2022-06-08T21:10:21Z,_kVao-XyKgQ
So I just started yesterday… 4 days 10 hours… so there not paying me OT after my 8 hours each 4 day???…,0,2022-05-08T04:13:19Z,_kVao-XyKgQ
"All were useful , thank you very much only one which is the one that you work for shift you were not apply for it",0,2022-04-19T07:56:02Z,_kVao-XyKgQ
Do you still work for amazon ?,0,2022-04-04T22:53:38Z,_kVao-XyKgQ
Some of this stuff is actually labor law in the US. Max of 60 hours a week. Can't work more than 6 days in a row. You get paid for the actual clocked on time. Many places choose to ignore labor laws but they are supposed to be upheld. Good video. Thanks,1,2022-03-24T22:53:18Z,_kVao-XyKgQ
Get some real good running shoes otherwise your feet will fail you. I would recommend some brands but their not paying me….,0,2022-03-06T23:11:48Z,_kVao-XyKgQ
"i start next week and i’m working 6-630am and like, if they change it i’ll be upset",0,2022-02-25T00:21:31Z,_kVao-XyKgQ
What fuck is it prison politics 😆 🤣 fuck amazon,0,2022-02-21T04:55:32Z,_kVao-XyKgQ
"Speaking Amazon in California..... 
1.) 1:15 minutes a week of PTO is common for full-time...
2.) Tip 2 & 3 are shared by learning when you start.
3.) OT pay starts after the 8 hour mark and after 40 hours in California.",1,2022-02-13T06:11:41Z,_kVao-XyKgQ
Manager’s love your kind. I can tell your whole work ethic by just this one video .,1,2022-02-10T14:44:18Z,_kVao-XyKgQ
Amazon Correctional Facility. This Is Run Like A Prison. Just Listen Closely.,0,2022-02-09T09:41:10Z,_kVao-XyKgQ
SLAVE LABOR!!!!THEY WILL WORK YOU INTO THE GROUND!!! BRING ON THE UNIONS!!!!!,3,2022-01-28T02:26:27Z,_kVao-XyKgQ
Thats proof that amazon is serting you up to fail by manipulating the time you signed up for,0,2022-01-13T00:31:08Z,_kVao-XyKgQ
Ok..so what is better working in a fulfillment center or a sortation facility.,0,2022-01-03T01:38:57Z,_kVao-XyKgQ
Number 4 ( I think ) is technically called insentive pay. Companies have been doing it for years. As the name intailes its just to give you hope for paid time off. Life will throw a curve ball at ya from time to time messing the 'saved hours' all up!,0,2021-12-24T13:02:48Z,_kVao-XyKgQ
The last tip… ur manager pull you and talk to you if u do that.,2,2021-12-20T22:58:39Z,_kVao-XyKgQ
"They do give $100 to buy shoes from Zappos. The selection isn’t the best looking but you can easily find comfortable shoes and that’s the only thing I look for in work shoes. The point system is only for seasonal workers. Other full time associates get paid time, unpaid time, and vacation time. You’re only allowed to accumulate 48hrs paid time/year. I forget for unpaid but I think it’s 60. And then 160 for vacation but you only will be given .86 hour per pay period so you can’t even accumulate the 160 hours",0,2021-12-17T12:09:38Z,_kVao-XyKgQ
Thanks for the info I'm thinking about doing the 3day work shift possibly getting more hours to get 40hr. Do you know anything about the pay for school benefits?,1,2021-12-13T11:07:15Z,_kVao-XyKgQ
U still working at Amazon,0,2021-12-06T14:31:51Z,_kVao-XyKgQ
Amazon is nothing but a sweatshop,2,2021-12-06T04:39:26Z,_kVao-XyKgQ
shitty AMAZON !!!!!!!!!!!!!!!!!,0,2021-12-06T03:29:31Z,_kVao-XyKgQ
shitty amazon,0,2021-12-06T03:28:58Z,_kVao-XyKgQ
"9:00 not at our Amazon FC.  You have to swipe your clock card, just to go to to toilet.",1,2021-12-05T19:36:36Z,_kVao-XyKgQ
"My Amazon I worked at is -

3 points all operatives (slaves)
7 points all managers 

Per year, maximum, and you be fired.

You can go to the toilet at anytime, but if you kpi drops you could get a point.",1,2021-12-05T19:27:44Z,_kVao-XyKgQ
Be careful with tip no.1 I started last week n was stated in first thing I signed that you can only clock in 5 mins before shift / five min after shift ends and exceeding that can result in warnings I believe,3,2021-11-18T00:53:41Z,_kVao-XyKgQ
Great top 10 advice for my God has been doing it I start working for Amazon November,0,2021-11-12T19:00:53Z,_kVao-XyKgQ
"What if you have to leave your shift early for a special reason? Like for example: you got sick/injured, called of a loved one’s passing, or family emergency? Would you still get docked points for that??",0,2021-11-10T10:11:59Z,_kVao-XyKgQ
Bro by law if you work after 8hrs in a day it's overtime,1,2021-11-10T02:43:09Z,_kVao-XyKgQ
"I'm going to be starting with Amazon on November 21st here in my city, I live in Ontario Canada so the overtime pay dosen't start until after 44 hours.",0,2021-11-09T14:40:02Z,_kVao-XyKgQ
"Out of curiosity, I start working Thursday next week. Thursday, Friday, Saturday and Sunday from 1 am to noon. Will I be paid on Friday for Thursday my first week, or does the weekly paycheck mean we get paid for the previous week?",4,2021-11-05T18:20:32Z,_kVao-XyKgQ
Basicly just come in and do your job do what you are suppose to do and don't be late.,4,2021-11-05T15:57:30Z,_kVao-XyKgQ
12 hour shifts?  Low quality of life.,1,2021-11-03T21:21:22Z,_kVao-XyKgQ
Great Tips!  I have viewed a few of your videos.  Are there employees at Amazon over the age of 40?,2,2021-10-28T23:13:18Z,_kVao-XyKgQ
Is it true that one minute you are late coming back from break then an hour is deducted from your pay?,3,2021-10-28T04:51:32Z,_kVao-XyKgQ
Sounds like a cut throat company.  They act like they own you... fuck Amazon,1,2021-10-26T07:06:28Z,_kVao-XyKgQ
The rate system is a bit dumb.,1,2021-10-25T00:18:32Z,_kVao-XyKgQ
00:50 the point system is for temps not blue badge employees. Blue badge employees have Upt (unpaid time) you start out with 40 hours UPT. You run out your fired. UPT can be stacked up. I currently have 73 hours UPT. PTO (Paid time off o/ personal time off you only get 40 hours a year no roll over like UPT  use it or lose it,1,2021-10-24T14:02:35Z,_kVao-XyKgQ
"#5 you can clock in early and clock out late and you'll get paid for that time???!!!🤔 That's just common sense at every job. Is this your first hourly paid job? Cause my previous and present employer , if I clock in say 10 minutes early, it goes on my time, as I get paid for it. If I'm late by 5 -10 minutes clocking out, it goes on my time. I get paid for it. Here's another tip : just like if you clock in late by 5 minutes,  or clock out early by 5 minutes, you'll lose that time. So clock in early you get paid extra time. Clock in late you lose that time. Gain money lose money. Thanks for the great tip.",1,2021-10-24T04:47:58Z,_kVao-XyKgQ
I got a interview I already work in a warehouse time to make more money,0,2021-10-22T01:18:50Z,_kVao-XyKgQ
WHY on Earth would anyone want to work for Amazon ???   It sounds like a prison and slave labor... how is this legal ?,1,2021-10-21T08:44:36Z,_kVao-XyKgQ
I wonder if tip number one has changed cos we all know damn well Amazon has seen this video,0,2021-10-19T21:04:34Z,_kVao-XyKgQ
Tip # 1 they don’t do that anymore when your shift is over you have 5 to 6 minutes to clock out,1,2021-10-18T17:13:41Z,_kVao-XyKgQ
Detektive pikachu 1. The Han! It is. German peacock. It is a peacock they just did not say they want to get hand some my theory is tight. It is! A Hühnervogel they even call themselves Hahn. With Absicht! They are absichtlich so stupid. It is not I Repeat. Not unabsichtlich. Then 2. Today pikacku Resultat not so funny  they termites only vincable when we ants. Becoming ants. Meaning Independence from feeding workers and other way round,0,2021-10-12T18:33:25Z,_kVao-XyKgQ
I just passed the Ramsey maintenance tech 2 test. My recruiter is pushing me hard on Amazon. Did two online interviews. I'm 55 years old. What is the average day for a maintenance tech. I'm semi retired. Have other job offers but a little less pay. But I think this work environment isn't my kind of thing. I guess I'll try it but still keep my options open . Thanks for any advice,0,2021-10-09T06:50:36Z,_kVao-XyKgQ
"Watching this because I'm thinking about whether or not I should work for Amazon next year while I do college (studying cybersecurity), thank you so much for making this!",3,2021-10-08T05:33:50Z,_kVao-XyKgQ
Thank you so much for all of the great information bc I'm on the fence about whether or not I should work there.,5,2021-10-07T06:00:01Z,_kVao-XyKgQ
Im going to apply and join Amazon just to fuck with them amd mess thier whole process up that week on purpose and leave walk out during my shift 🙃,0,2021-10-06T10:27:06Z,_kVao-XyKgQ
Just gonna work a few days get the money and head out. Sounds like a place I’m gonna hate. I’m coming from a job that treated their employees like crap.,3,2021-10-06T02:28:16Z,_kVao-XyKgQ
All I hear is young ppl thinking amazon is a frat house instead of a real job.,1,2021-10-02T22:39:11Z,_kVao-XyKgQ
Music policy is bullshit no difference between an AirPod/ ear plugs and someone being def in terms of safety,2,2021-10-01T02:18:08Z,_kVao-XyKgQ
Thanks for the pointers man because I’m trying to work at Amazon,1,2021-09-30T00:35:41Z,_kVao-XyKgQ
"So I was a grocery shopper and during my 1st 2 weeks I was pulled aside and basically told I was too slow.  They were nice abt it but if you are not scanning you are not working.  period.  and it's a big warehouse so if you have to walk to put on ppe gear to go in the freezer (that's whole other story) and then walk to another section, prep 16 brown bags (so much time wasted here even if the pros get it down to 10 mins the bags should already be prepped.) and then scan your bags scan your printer and then scan you first item to shop that all takes time.  they really don't acct for prep time and b\c of that you have to move faster to get your order completed.  a lot of my time was wasted looking for ladders.  I'm short and almost every other item i had to pick i had to go up on a ladder for.  so much so that I would start to get dizzy by the end of my shift.  I couldn't keep a ladder with me.  and quess what if you're not scanning you're not working so if I spend 2-3 minutes looking for a ladder it looks like I'm not working.",6,2021-09-29T17:58:37Z,_kVao-XyKgQ
Ive heard nothing but horrible things about working for these people....the new Amazon Fulfillment in Clay NY is a 2 minute drives for me. What they did to the person who owned the property was shameful. It was a golf course before.....Amazon ran him off....,1,2021-09-28T02:47:48Z,_kVao-XyKgQ
6? lmfao walmart only gives u 3 and youre fired,2,2021-09-27T01:08:39Z,_kVao-XyKgQ
"so..... if I'm late at my shift for 14min. I could use 14 minutes EXACTLY of pto to correct that? or does it have to be over it? 
like 15 min of pto or 20 to cover it? (used to work at walmart and I have to over spend unnecessary pto to cover it.)",1,2021-09-17T02:01:58Z,_kVao-XyKgQ
"So having said all that is Amazon a god place to work or does Management treat you like crap and no different in working at a sweat shop so-of-speak but in North America ??
Would you recommend working there ?? Why or why not ??
It sounds like Amazon treats their employees like shit while Jeff Bezos is the world’s richest person and he knows this is how his company works !! Wow 😯 !!!",1,2021-09-16T17:21:00Z,_kVao-XyKgQ
What is vendor receive at Amazon ? Start next Wednesday,0,2021-09-15T23:58:06Z,_kVao-XyKgQ
"I need to listen to music while I work, it would suck so bad without it",0,2021-09-08T07:08:13Z,_kVao-XyKgQ
"Hey bro, watched you vids for a while, so any way.
Im from Ontario, Canada,
 There is an amazone comercial that shows this guy how proud and happy he is, because they gavd him a job, he took it,... "" ive had multiple promotins, the managers care about us, I want to teach my son comitment, 
I want to be manager, need a few more promotions"" 
Really.. working 70 hrs a week, and had muliple promotions, really and need a few more...
 What clean floor with tounge, moved up to toilets... 4 th promotion what..., pack carts,  and a few to be manager fric uff",0,2021-09-04T02:56:45Z,_kVao-XyKgQ
I heard that you work reduced time. So the benefit of reduced and full time are the same or the reduced time has less benefit than full time? Hope you can see me question. Thanks for your video 👍,1,2021-09-01T02:54:47Z,_kVao-XyKgQ
I start at Amazon on Friday I'm kinda freaking out I'm on the sorting center any advice 😬😬,0,2021-08-29T16:57:41Z,_kVao-XyKgQ
"One thing I’ll say is that most of these tips only apply if you’re on a rate.
So. If you start on a rate, Work hard, don’t take time off, don’t leave early and after a few months move to an area where there’s no rate. Amazon has a lot of jobs where you aren’t scan to scan, there’s no rate, there’s no TOT. You just need to put in a little time to show them that you work hard",1,2021-08-28T12:23:56Z,_kVao-XyKgQ
That number 1 tip is really clutch. At Wal-Mart they would make us go through a metal detector that created a long line to get out of work so we started clocking out after the metal detector and got at least an extra 40 bucks a week.,13,2021-08-23T22:19:18Z,_kVao-XyKgQ
My number 1 tip is unload the trucks and feed the belt. This is the least pressure position. Heavy and hard for the muscles but work at your own pace. Sometimes there is no spot to put your package and you have to wait and just stop. It is the best position in the warehouse. Go to where the trucks come in and work there. Trust me it is the best.,0,2021-08-23T05:07:04Z,_kVao-XyKgQ
"We have VNAs at my Amazon and the people that drive the order pickers will actually put their phones in the cup holders and listen to music as they work and pause when they drop off. When I’m working Pitt Boss, I put in music through the computer and the managers don’t really care.",0,2021-08-22T15:52:41Z,_kVao-XyKgQ
I got no warnings at all. I was let go because of a class 1 Safety violation.,1,2021-08-22T05:12:32Z,_kVao-XyKgQ
I appreciate you taking the time out to give new employees much needed information. I won't be getting any write ups or warnings do pay attention especially to rules and polices of any company upon hire.,6,2021-08-18T16:13:20Z,_kVao-XyKgQ
I used to work for Amazon for ten years and the point system that I used to work for they got rid of so and i now left Amazon the best decision I’ve made was to leave,1,2021-08-17T21:17:53Z,_kVao-XyKgQ
How do you know when you need to start or finish? Since you cant have your phone when working.,0,2021-08-17T16:04:05Z,_kVao-XyKgQ
you guys should be getting 7 hours paid leave per month.  companies should actually pay more paid leave,0,2021-08-17T01:11:35Z,_kVao-XyKgQ
This is a toxic work environment and the point system has been proven to cause more problems. Example is Boeing tried this system and found it made employees worry more about points and it made the points the focus and not the job they were doing. Boeing ditched the point system they paid millions to implement. The anxiety it caused made morale and production go down and quality suffered.,1,2021-08-14T13:54:41Z,_kVao-XyKgQ
Amazon makes me like and appreciate Uber and Lyft even more.,17,2021-08-13T01:08:24Z,_kVao-XyKgQ
"Six(6) points and you will be fired, please. Amazon is not even worth someone’s time, PITIFUL!",0,2021-08-13T01:05:17Z,_kVao-XyKgQ
"It doesn't bother me being watched while working.  If I get berated for something, I am going to berate that person back, then see how much they want to berate someone again for going to the bathroom or tying their shoe.  They might not care, but I don't have to care either.  Luckily, I don't have to work at amazon, but I think it would be an interesting experience.",0,2021-08-11T02:33:07Z,_kVao-XyKgQ
"#1 Tip - DON'T DO THAT. I know you advised against it but i think it explaining it and showing the extra pay makes it tempting. Amazon really doesnt care if you accumulate a couple/few extra minutes of paid time or vice versa (if you have a 12 hr shift and punch in 5 minutes late but leave on time making your shift 11:55 minutes for example) But once you start accumulating an hour or hours of extra work every week Amazon will notice and you will get written up, or at least notified and told not to do this. I saw this happening when i first started my manager walked around and told everyone who did that. Basically because it goes against the state labor laws of 12/6/60. They don't want to get in trouble for having their employees work more than 12 hours in a day. If its just a couple minutes its nbd but if its 15 minutes per day, every day, thats a problem.",0,2021-08-10T19:30:37Z,_kVao-XyKgQ
"Peace be on to all, there are pros and cons with everything in life. To pull a silver lining out of a dark cloud, just be thankful you are working as it could be a lot worse reading and adding comments with no job on deck. My advice is be looking for alternatives for employment while working, that way when you have reached your peak you can step out and into something that's more suitable for your life style and needs.",15,2021-08-07T15:05:44Z,_kVao-XyKgQ
i've heard amazon ambassadors like giving transgender employees a spanking for not reaching their numbers,0,2021-08-06T03:32:16Z,_kVao-XyKgQ
Does Amazon not go over these things in your onboard training?,1,2021-08-04T22:30:49Z,_kVao-XyKgQ
"So I signed up for a Thursday, Friday and Saturday shift 6:30 -6. Is it possible to change a shift to a Friday, Saturday, Sunday, are they flexible? I haven’t started yet.",1,2021-08-04T10:46:12Z,_kVao-XyKgQ
The shift grace period is with Whole Foods too,1,2021-08-03T02:46:11Z,_kVao-XyKgQ
This is the same for every company. It’s part of working life.,1,2021-08-01T11:15:22Z,_kVao-XyKgQ
Do amazon offer programs? Like IT or robotic technician?,0,2021-07-26T19:54:08Z,_kVao-XyKgQ
another tip from a fellow amazon employee is portable neck fans. when i first started id over heat and end up using PTO to take off early bc i was starting to get sick. but since i got the neck fan it's gotten a lot better.i bought a $10 one off of amazon and it's perfect,74,2021-07-20T19:49:07Z,_kVao-XyKgQ
"Incredible!  I've been listening to Amazon's audio book, and in fact the whole policy and requirement to please the customer is quite interesting, but everything loses its beauty when this requirement falls on the shoulders of dissatisfied workers and with terrible working conditions!  I was an Amazon fan, I get tired of shopping there, for me our story ends here 🤦🤬",51,2021-07-19T19:16:00Z,_kVao-XyKgQ
"People have a lot of bad things to say about Amazon, but it sounds a lot better than the last job I had where you could get written up for clocking in one minute early or late (same with out).  In the morning everyone started at the same time so it was a scramble to the clock to not be 1 second past the minute to clock in.",2,2021-07-19T03:30:53Z,_kVao-XyKgQ
"No 4 is know as flexi, and is used quite often. As for No 1, my shift ends at 5.50pm, and by 5.55pm I've got my stuff from my locker, have left the building am in my car and and on my way home.",0,2021-07-17T16:33:22Z,_kVao-XyKgQ
I start on the 29th thanks for the tips before I start work I know now😆 thanks for the advice.💯,0,2021-07-16T08:55:45Z,_kVao-XyKgQ
"1) are you seasonal? If so that’s when the point system matters
2) weekly rate does matter but no write up unless you’re in the bottom 5%
3) if you get 3 write ups in the same category then you’ll be liable for termination. You can get 3 write ups in different categories and still counts as first writtens. First write up 30 days to fall off. Second is 60 days and 90 for third/final.
4) go by your a-to-z schedule. Your original schedule was correct but they did staggered times for covid
5) there are cameras typically everywhere. The turnstiles in front of the building logs entry/exit so don’t clock in/out outside the building.
6) PTO you get 48 hours a year. Save it for peak.
Also for your last tip be careful once covid is over HR is going to be strict again. When I started 3 years ago, I clocked out 1 min after my 5 min grace period and hr sent my manager an email to talk to me about clocking out late.",7,2021-07-12T21:32:17Z,_kVao-XyKgQ
"+++  In the current job market, I would strenuously recommend any Amazon warehouse worker to find a better job!  +++",1,2021-07-11T04:47:55Z,_kVao-XyKgQ
tip #1 does not work in Poland :(,0,2021-07-06T23:52:54Z,_kVao-XyKgQ
Tip #1 - Don't apply to work at Amazon,1,2021-07-06T06:05:31Z,_kVao-XyKgQ
This is hell! I quit it,2,2021-07-03T17:33:02Z,_kVao-XyKgQ
Can amazon in shopping game?,0,2021-06-30T09:47:37Z,_kVao-XyKgQ
"I worked for them in the UK Coalville branch for 18months... NEVER again.. would rather be homeless.  - modern day slavery, unfair, physiologically damaging, ... DONT DO IT.",0,2021-06-27T16:34:17Z,_kVao-XyKgQ
"Tips
1. Wear very comfortable shoes. 
2. Wear shorts and thin t shirts. 
3. Hydrate constantly. 
4. Don't bring a lot w you. It's a nuisance. 
5. Make friends so you can bitch as a group 😆. 
6. Constant turnover. Ppl come n go. Get used to it. 
7. It's a factory. Constant background white noise. Get used to talking LOUD! 
8. Caffeine
9. It's a job, not a vacation in key west snowflakes. Grow the F' up n show up. 
10. A to Z app. Download. NOW! 
✌ ☮",0,2021-06-17T23:01:31Z,_kVao-XyKgQ
"Sooo... and when you add all the tips together, the tip-of-all-tips is not to work at Amazon.",0,2021-06-17T21:47:59Z,_kVao-XyKgQ
🤢: Amazon 💩,0,2021-06-17T09:32:09Z,_kVao-XyKgQ
"So we can go OT everyday and still get paid, so if I wanted to just say f it and work 20 hours I will get paid for that?",1,2021-06-16T17:48:57Z,_kVao-XyKgQ
I always hear nothing but horrific things working for Amazon warehouse,0,2021-06-14T05:55:18Z,_kVao-XyKgQ
blues have 20 hours of UPT given quarterly and used in 1 hour increments.  the times shift start are the covid shift offset to reduce congestion at temp check stations. It has since been rolled back.   PTO accrues up to 48 hours yearly.,0,2021-06-12T17:38:34Z,_kVao-XyKgQ
"Tip 1: stay away from stow 
Tip 2: direct pathers are tracked during break and recieve time off task writeups if not managed properly. Get in an indirect role by finessing your manager with a smooth tongue and hard work.
Tip 3: stay away from stow.
Tip 4: Contact the ERC with serious issues, retaliation is very common if the serious issues revolve around leadership. 
Tip 5: stay away from stow.
Tip 6: keep your UPT at 20+ anytime you apply for another role if you wish to ever move up.
Tip 7: never trust a VTO worked properly until you see your time the next day.
Tip 8: please stay away from stow.",9,2021-06-09T22:31:22Z,_kVao-XyKgQ
"And that #1 will get you fired ASAP at my facility. I would not recommend doing that in the least. Within a week they'll be finding you and asking why you are clocking in 15 minutes early and 15 minutes late and unless you have a reason that matters to them, you won't, they'll fire you right then for stealing time from the company. DO NOT do this.",1,2021-06-08T20:36:40Z,_kVao-XyKgQ
"We get 48 hours of PTO a year, and we get exactly one hour and 41 minutes every Saturday, until May, when your PTO has added up to 48 hours of PTO. Also get 20 hours of UPT a quarter, and vacation time every week too, but that amount is based on how long you've been there. Also, you cap out at 80 hours of UPT.",0,2021-06-08T20:33:15Z,_kVao-XyKgQ
Thanks so MUCH. I love to have the one up on Corps cause they really try to play you....why idk if they want you to work there 🤷🏾,2,2021-06-03T16:28:37Z,_kVao-XyKgQ
hi thank you for all this tips.i will be having my interview tomorrow and im praying to get the job.good luck to me,7,2021-06-01T18:08:18Z,_kVao-XyKgQ
Nice I had a job we’re I clocked in 5 mins early and they would get mad at me,1,2021-05-30T02:07:30Z,_kVao-XyKgQ
Amazon are lucky to have you. You look a very smart guy. Good luck you deserve the best👌👍👏💪,1,2021-05-30T01:04:11Z,_kVao-XyKgQ
How much do they pay,1,2021-05-28T17:19:12Z,_kVao-XyKgQ
"I passed all the tests and they refused accepting me because of a couple of years old selfharm scars (didn't tell them, they noticed while measuring my blood pressure and it was obvious the were sh scars.) So I said bye bye bitches and found a different job. That happened less than two weeks ago",1,2021-05-28T14:46:55Z,_kVao-XyKgQ
Do you get paid every week or ever other week working for Amazon?,1,2021-05-27T02:10:17Z,_kVao-XyKgQ
I hope I can work day shift Monday- Friday,1,2021-05-27T02:08:25Z,_kVao-XyKgQ
Ok so I’m a heavyset dude only ever worked in a warehouse once in my life but is this job like hard like super psychically demanding? I don’t mind it but I just want to make sure they’re not going to pick on me I’ve tried working in other warehouses before but because of my size they always find a way to get rid of me,1,2021-05-23T16:48:01Z,_kVao-XyKgQ
See man. Amazon be lightweight making their employees go crazy. He legit thought a lava lamp might help the lighting in his car 😂 I just worked a 10 hr overnight shift and ive been home for 3 hrs and can’t sleep cus I have no fuckin time to myself ever while working there.  Shits wild what they expect of us.,2,2021-05-22T14:56:58Z,_kVao-XyKgQ
My friend is a driver for Amazon and says all OT drivers get free meth,2,2021-05-21T02:37:40Z,_kVao-XyKgQ
It's great to know.  Do they have lockers ?  How are the break rooms ?  Any microwave oven?   I'm up in the air about applying because my money is about to dwindle down further.   Do they pay weekly or biweekly?,0,2021-05-21T00:09:29Z,_kVao-XyKgQ
"I was at an FC for 1.5 years. Had the same experience for the lack of communication about rates. I only knew that I wasn’t keeping up with their expectations when a manager told me.

Got the same shift I signed up for when I previously worked at an FC. It was a great schedule.",6,2021-05-20T08:09:04Z,_kVao-XyKgQ
bruh idk what amazon y’all working at but the one am at sound like paradise compared to your’s lol,0,2021-05-19T07:53:17Z,_kVao-XyKgQ
"I think Amazon saw this video, at my site they now do write-ups for people who clock in more than 5 minutes early or out more than 5 minutes late. So tip number 1 has been closed off unfortunately.",6,2021-05-16T07:13:32Z,_kVao-XyKgQ
I wanna work in the mornings from 6:30 am to 5:00 pm!-  mon-fri 🙌🏼 no weekends 😁😁🙌🏼🙌🏼,1,2021-05-13T03:32:54Z,_kVao-XyKgQ
This is all number 1 bs! Only one that can fire me is Jeff Bozos!! I have picked and stowed at whatever fuckin rate I want! I also told several managers to fuck off! Amazon is great! I also take 10 min 💩💩 cause idga💩💩!! 🤣🤣,0,2021-05-12T04:24:10Z,_kVao-XyKgQ
I start to work amazon few days ago ..like a stower. Wow ...when is very busy is very hard work.,0,2021-05-09T21:09:58Z,_kVao-XyKgQ
I missed my first day of training due to a misunderstanding about the time I need to come in do u think I will still be able to get the job with no points?,0,2021-05-09T20:18:39Z,_kVao-XyKgQ
I am about to get started at Amazon in 2 weeks. So as long I follow all the rules you good?,1,2021-05-06T22:13:45Z,_kVao-XyKgQ
"I worked at Amazon for 3 years. Every building has slightly different rules. My building. No phones allowed on the floor keep it in your locker. If you went through the metal detector and it pinged your phone it would be a warning. 

A huge thing with overtime is they have Mandatory Overtime.  You don’t show. You get pointed. When the holiday season hits it usually starts the week of Black Friday and go to Christmas Eve. My place started at 5 10hr shift. I worked 4 10hrs shifts. 6:30pm to 5am. Then it would go up to 5 11hrs shifts to then to 5 12 hr shifts and if it got really bad 6 12 he shifts. 

I also was a PA. (Process Assist they call it basically assist supervisor). They do have there favorite people. They will talks about who’s struggling and if they are a regular and who they want out. And they will find a way. 

Never forget you are a number there not a person. My building had horrible moral. 90% of the people there were depressed and just grinding throw because of the benefits and pay.",11,2021-05-03T22:03:29Z,_kVao-XyKgQ
Starting my first day may 15th if all goes as planned. Im only working twice a week so there’s a decent work-life balance. Gonna save for a car and help my family with bills.,14,2021-04-29T21:58:32Z,_kVao-XyKgQ
What amazon you are working on,0,2021-04-27T13:44:29Z,_kVao-XyKgQ
"You must be a white badge or flex person because you guys are on the point system-I’m a blue badger and we’re not on the points system. We have UPT. Also, Amazon’s policy is that you can only clock in up to 5 minutes early and up to 5 minutes after your shift ends. If you clock in anytime sooner or later than that 5 minute grace period, they will write you up for it UNLESS it was a legitimate reason as to why you punched in or out way beyond the grace period.",0,2021-04-23T05:09:23Z,_kVao-XyKgQ
image stowing for 60 horus per week.. holy shit xD I barely making my 5h shifts ahaha,1,2021-04-23T03:17:46Z,_kVao-XyKgQ
thanks for the tips i about to work at amazon. it was very helpful.,0,2021-04-22T04:45:33Z,_kVao-XyKgQ
"This sounds like any regular job for those unsure of a career path . I’m not seeing where all the dislike is at 🤷🏻‍♂️. You go to work , they pay you . What am I missing ?",0,2021-04-02T14:05:53Z,_kVao-XyKgQ
Sounds like a prison working for Amazon while Jeff Bezos is  living it up in Barbados!😂😂,160,2021-04-01T00:10:20Z,_kVao-XyKgQ
"I was thinking of getting out of the military to go work for amazon but then I realized I get paid less, get less benefits, work longer shifts, and it's more physically demanding.

Yeah I'm re-enlisting, I dont care if others brag about their DD-214",3,2021-03-30T07:14:12Z,_kVao-XyKgQ
"Thank you for this video I have the same shift 3 days 12 hours just waiting for the results of the drug test and background check but I already did the photo badge etc, I was wondering do they let us keep our shift that we picked? Or they change our shifts whenever they want? I’m asking because the shift I picked is perfect for my kids that I do online school with, was just worried that they might change ur shift whenever they need",1,2021-03-26T17:25:59Z,_kVao-XyKgQ
"#1tip)..1.5 times original pay, per hour .?",1,2021-03-24T20:04:18Z,_kVao-XyKgQ
"The warnings and write ups are a joke. They won't fire you for production unless you are super slow and even then they will try you at stowing and packing first. You will only be fired for attendance, showing up late and TOT. (Time off task, which means you aren't working while on the job)",8,2021-03-23T02:00:53Z,_kVao-XyKgQ
Would I be able to move from full time to part time when I’m a blue badge? I’m a builder/water  spider and some days it’s cake but for 10 hrs a day it’s kind of getting to me. What’s nice I’m already getting recognized as a reliable hard worker,0,2021-03-15T18:45:24Z,_kVao-XyKgQ
"Going off of tip #1, how much earlier can I clock in before it's too much?  I don't plan to abuse their system or anything like that, but if my shift starts at 8:45pm, I'll get paid for clocking in at 8:30? (when I've been clocking in) or 8:20? (usually around the time I arrive at my location) I am a very new employee.",1,2021-03-14T16:22:39Z,_kVao-XyKgQ
"Got hired, but wondering from all the differentiating opinions if this is a good job. I am a 20 year old with only 9 months of work experience. Is this a good job if you are a sensitive person? I am a hard worker, but I don't work well in a high stressed or hostile work environment. Do the managers really come over and yell at people? I guess what I'm asking is this a harsh or more rough environment or is it pretty mild for being warehouse work? Thanks!",0,2021-03-11T04:59:59Z,_kVao-XyKgQ
the shift change where it shifts 15 mins is so STUPID,1,2021-03-10T06:30:47Z,_kVao-XyKgQ
don't work for Amazon.,1,2021-03-10T06:04:25Z,_kVao-XyKgQ
I am working 2 years on Minneapolis amazon were do you leave,0,2021-03-02T01:34:23Z,_kVao-XyKgQ
anybody know exactly how much they pay per hour ?,1,2021-02-24T16:35:27Z,_kVao-XyKgQ
"i actually did the #1 tip by accident, i have a night shift and thought lunch was 30 minutes instead of 45 so i would clock in earlier and did get 1 hour of overtime",0,2021-02-19T20:45:25Z,_kVao-XyKgQ
"Another tip:
Don’t work in Amazon if you’re fat",29,2021-02-19T18:27:41Z,_kVao-XyKgQ
"Does anyone work at the Bolton, Ontario Location? I’m think of applying but I seen ppl say it sucks. I’m confused 😕",0,2021-02-19T16:59:29Z,_kVao-XyKgQ
"Super helpful. You're great at sticking to the point! I need to listen to music, so the time-window for the 30 day was really insightful

I have an estimated start date on March 3rd for the Amazon Fresh Warehouse Team. I was emailed back after my Orientation and it said that I will be working as a ""FLEXPT"". I applied to the shift that says 8AM-1PM. If anyone has any experience it would be appreciated!",14,2021-02-18T06:13:02Z,_kVao-XyKgQ
It’s a job what did you expect to happen !? Turn up when you want and fuck about time to grow up !,0,2021-02-17T15:27:39Z,_kVao-XyKgQ
I've never heard of a weekly rating system where I worked. The only thing they ever told me was to stay over 100% every quarter,0,2021-02-10T11:20:12Z,_kVao-XyKgQ
"They only start watching you take 'a break' if you haven't scanned anything in awhile. The warehouse I worked at started accumulating minutes if you haven't scanned anything for 5 minutes. So if you want to take a break and talk to your friends, you just have to scan something every 5 minutes and that will reset your time or if you have to use the restroom, you scan something nearest to the restroom so that you don't get in trouble for that. And most of the time, managers and PAs don't care. They only care is if it shows that you didn't do anything for 35 minutes that day",0,2021-02-10T11:17:42Z,_kVao-XyKgQ
You think working in the warehouse is bad? You should try being a delivery driver/DA. I did that for a while and there isn't words in the english language to express how terrible it is. No one cares about you as a driver. Even though you as the DA are the most important part of amazon. Without the DAs amazon would be nothing. They don't care! It's harder to be a DA trust me,1,2021-02-09T14:06:13Z,_kVao-XyKgQ
smh this job is so easy and yall wanna have the most perfect job like if they have a high pay I'm in my mom had a much harder job than this and only earned 13 an hour be grateful she could have gotten covid as well,0,2021-02-09T02:15:15Z,_kVao-XyKgQ
"OUTSIDE OF THE DETROIT 1 FACILITY IT SAYS: HEROES WORK HERE. Then they fire  you and your hero ass and leave you fucked in the middle of a Michigan winter. In a pandemic. It's unforgivable to do that to anyone anytime, but this is a new level of cruelty.",1,2021-02-07T18:43:14Z,_kVao-XyKgQ
"They let me go today. I worked midnights at the Detroit 1 Facility. I was becoming a seriously fast and skilled worker in short order. They lied to me about the seasonal time span. i asked the woman at orientation how long the season was. She said 9-11 months. I asked so I could make a backup. I thought I had more time. Then as I got better, I thought my job was as secure as AT WILL EMPLOYMENT was concerned.  And that made me FOOL OF THE YEAR. AND AMAZON IS SCUMBAG OF THE YEAR. THEY LET ME GO DESPITE WORKING WELL, OPERATING WELL ABOVE THE LEARNING CURVE AND MANAGEMENT TOLD ME SO DAILY. IN A PANDEMIC IN THE MIDDLE OF A DETROIT WINTER WITH MOVING PENDING, CAR NOTE STILL DUE, FIRST AND LAST RENT STILL DUE,  WITH ALL MY BILLS,  THEY USED ME AND WOKE ME FROM MY SLEEP IN A PHONE CALL BEFORE MY LAST DAY OF THE WEEK WAS DONE TO NOT COME IN. THEY FLUSUHED ME DOWN THE TUBES.  I thought I was doing well. I was told ""you worked at a phenomenal rate last night."" And honestly, the job was a good deal of pressure, but any learning curve is. But I have learned the big lesson. TO HELL WITH AMAZON. I WILL DO VERYTHING IN MY POWER TO NEVER USE THEM AGAIN FOR MY LIFE'S NEEDS.",1,2021-02-07T18:38:56Z,_kVao-XyKgQ
"Its anything over 13 points, unless your blue badge, then you get UPT hours",0,2021-02-04T12:33:22Z,_kVao-XyKgQ
Does reduced time shift pay more,0,2021-02-02T05:09:42Z,_kVao-XyKgQ
"What I would like to know how does vacation time accumulate and if they can roll over into the next year?  (I have worked at places that will not roll over, but rather just a payment at the end of the year.)",0,2021-02-01T23:51:22Z,_kVao-XyKgQ
Bro i want  join Amazon job can i join,1,2021-01-30T00:13:17Z,_kVao-XyKgQ
"well, #1 is not really free...as massive as their damn warehouses are, they should reimburse your for the extra mileage you put on your shoes and your body. If they don't want to pay you for the time it takes to get the hell out of their prison, then too damn bad. Not your fault that yo are forced to walk like 2 miles just to get to and from your cell.",3,2021-01-29T22:19:00Z,_kVao-XyKgQ
If u dont have direct deposit do they pay you in paper check?,1,2021-01-29T22:16:38Z,_kVao-XyKgQ
I decided to go back to Amazon but I was able to get part time. And I will be working on Customer Returns. I’m hoping this will be a lot better than last time. Can’t wait to see your videos again,28,2021-01-28T21:43:35Z,_kVao-XyKgQ
Is the pay weekly or Bi-Weekly?,1,2021-01-28T14:33:11Z,_kVao-XyKgQ
"Honestly I didn’t like stowing for 10 hours, and I felt like I was treated like a robot. They are constantly coming over to say that I had made a mistake but didn’t tell me how to fix whatever I was doing. TBH I felt like I didn’t receive a good instructor, but everyone’s experience is different.",5,2021-01-28T08:33:33Z,_kVao-XyKgQ
How does the unloading process work at Amazon,1,2021-01-26T22:11:26Z,_kVao-XyKgQ
Gosh I know someone that worked at Amazon warehouse and he told me that they make you work like hell and that the manager are nasty!,2,2021-01-26T19:07:38Z,_kVao-XyKgQ
Is it possible to work at a warehouse over 10 YEARS?,2,2021-01-25T19:10:28Z,_kVao-XyKgQ
"Former employee, OKC1. The thing about clocking in early in tip #1 was wrong for us because they had the clocks set to only allow the exact time or the 5 after grace period. However, I DID take advantage of that extra time at shift end by going to the smoke pit and hanging out with all the incoming workers about to start their shifts because I had to walk to work and wanted to have a little more light than what was there at 7am before I walked home. My shift was from 6:30pm-7:00am and I would usually stick around the building an extra 15-30 minutes waiting for the sun to rise more before I clocked out and went home.",17,2021-01-24T13:59:00Z,_kVao-XyKgQ
Just got a seasonal sortation job do you know how long seasonal employees are kept for?,0,2021-01-21T22:26:15Z,_kVao-XyKgQ
"Not like others days this time I worked extra hours just to earn more money ‘ I never violated any of their terms and policies but I got deactivated. After a week of waiting I got help from my friends about *mithtools* so I contacted directly on lnstagram and he got my account reactivated, I back to work now",0,2021-01-16T01:51:13Z,_kVao-XyKgQ
Do you still work at Amazon?,1,2021-01-15T17:18:49Z,_kVao-XyKgQ
Working at an Amazon Sortation centre is a very bearable job don’t let people with negative attitudes scare you !,0,2021-01-14T11:16:31Z,_kVao-XyKgQ
Thank you for the tips. I start my job at amazon in 2 weeks and this video really helped me a lot. Can't wait to start on uses these tips for a good work day.,10,2021-01-14T02:25:12Z,_kVao-XyKgQ
The number 1 tip for Amazon is dont work for that company,2,2021-01-11T07:40:50Z,_kVao-XyKgQ
How do they find out if you came late from lunch? Or if you take an extra lunch break,3,2021-01-10T00:50:35Z,_kVao-XyKgQ
Is this point system for white badges or blue badge cause they have pto ( blue).  I think points are just for white. Don’t they just take upt for blue badge. Rates can be seen on certain computers in the warehouse just scan your badge.,1,2021-01-09T20:06:28Z,_kVao-XyKgQ
"I’m fine with this job, I mostly do problem
Solving and I’m ok with that but man I can’t shake the feeling I’m gonna get fired even if I’m not doing anything bad and they don’t tell you anything either",14,2021-01-07T20:13:59Z,_kVao-XyKgQ
I’m nervous af but ready to work. Ill be working 6:30pm-7:00am Thursday-sat. Great video! Wish me luck!,3,2021-01-07T07:36:54Z,_kVao-XyKgQ
Whatever you do....don't go to stowing. Try to go against the stowing department. It's awful. Not to be discouraging. Try outbound packing or outbound SHIP dock.,1,2021-01-06T03:06:48Z,_kVao-XyKgQ
"A lot of people quit at the warehouse I work right after Christmas, I don’t think they could afford to fire anyone irregardless of points acquired.",0,2021-01-05T02:50:16Z,_kVao-XyKgQ
Is the point system for all employees or just the seasonal ones? Also if I use my pto during the middle of my shift because I’m not feeling good will that still go against me?,0,2021-01-05T01:19:04Z,_kVao-XyKgQ
"Hi ! Thanks for your videos , but I think I don’t agree with you on tip 1 : Normally you should respect your schedule , because of the cost Labor management . & that ( You can go walking so low as you want from your work station to End shift station ( log out ) to earn more : it’s completely bad character mentality . I worked in the biggest warehouse( Auto Parts )  in Europe in Italy ( Fiat -Alfa Romeo - Lancia ) in the 90s , & today I’m working in cool big name company e-commerce warehouse in Chicago , where I’m so happy to work ( doing 3rd shift ) ! They are happy , respectful & professional & I’m the same too . To conclude : when I finish at the station ,  I walk fast to go to log out , before even wearing my jacket . You said it already : they watch you , so why not watching my self too as a worker smart understanding responsible specially if you are paid correctly . I’m sure you will have different perspectives if you are the owner . Warehousing in general : there’s only 2 options is:  you love it or you hate it . Ho",3,2021-01-04T19:07:15Z,_kVao-XyKgQ
What are bathroom breaks like?,0,2021-01-03T02:52:07Z,_kVao-XyKgQ
Do they drug test ? Im bout to turn 18 in highschool still and i was wondering if i can even work there while still in school. Can anyone help ?,2,2020-12-28T20:44:58Z,_kVao-XyKgQ
"I work at the warehouse and the only thing I don't like is that your forced to work different departments. In accordance with state laws, your suppose to be given a document confirming your daily duties. If you do anything outside of your duties from what you where hired for, it's illegal. This is going to hit amazon big time.",1,2020-12-28T04:01:16Z,_kVao-XyKgQ
"I worked at an FC for three months as a picker. I just quit this week, lol. Couldn’t even wait til the end of Peak, I was so exhausted. This particular FC is known for heavy/bulky items but you don’t learn that while applying for the job. I’d applied back when they were doing mass-hiring for Peak. Anyway, as a former picker, just wanted to leave my two cents here. My tips might be location specific so keep that in mind.

1) So the biggest thing I learned (just last week!) is that as a picker, your rate is definitely determined or at least affected by the highest picker in your category (i.e. Single/Multi tray, XL Pick, Sioc). They will literally tell you that any barriers you have “don’t matter” especially if that other picker was able to make/surpass rate. What I mean is, let’s say your side of the building is having issues with conveyors jamming up or you’re running low on trays to load up with items that you picked and it kills your rate. Doesn’t seem to matter much to them even though they say they take that into account. If you’re at the bottom of the barrel (typically ranking in the last 3), you’ll get a write-up and it won’t go away for at least a month. So you can break your back trying to make rate but some days it is just impossible. This attitude of “well if that other picker had 5000 uph, why can’t you” is pretty demoralizing.",45,2020-12-23T15:02:10Z,_kVao-XyKgQ
"Hey there @NZM Productions, these tips are a great way to introduce people to certain key points of what usual new hires would potentially ask later on. I am concern that majority of these tips should have been mentioned on a Day 1 Safety and process school. If your site does failed to mention these, they either did not comply with New Hire orientation standards or it was omitted for the sake of quick hiring and having a new hire to jumpstart on their function. At our building, we stress all your tips to each new hire, even I have mentioned the same information for 500+ new hires for 3 years now. Aside from standards, it is a great help for FC associates.",9,2020-12-22T20:29:24Z,_kVao-XyKgQ
I’ll give you a huge tip: 🖕amazon and don’t work there!,13,2020-12-22T12:04:32Z,_kVao-XyKgQ
"If you like to work 60 hours a week, will amazon provide this work continuously for you?",3,2020-12-18T10:30:22Z,_kVao-XyKgQ
Great information. Keep up the good work.👍🏿👍🏿,1,2020-12-16T13:56:19Z,_kVao-XyKgQ
"One time I had a job at a John Lewis factory, and the machines kept breaking down!",9,2020-12-15T22:17:30Z,_kVao-XyKgQ
On a scale of 1-10 how stressful would you say working in the warehouse is? My first day is on Dec 26th,0,2020-12-14T01:01:12Z,_kVao-XyKgQ
What if you wanted to quit for another job ? For future terms ? Can you get rehired if you wanted to work in amazon again ?,0,2020-12-12T15:28:39Z,_kVao-XyKgQ
If I got fired can I get rehired ?,1,2020-12-12T13:44:54Z,_kVao-XyKgQ
"I have a big tip, try to do your best the first month and make yourself visible to the P.A. and Leaderships,  I have worked at Amazon for 3 months and the first weeks I worked really hard to reach the expectations and they noticed and I was only 3 weeks packing before they offered me a Job on IOL, they told me they were asked to recomend someone and they tought about me and other 2 guys and I got picked, so now my work is less stressful and I have been able to learn the most of the warehouse process, so my boss is happy because I can do problem solving, rebin, induct, Hero, etcetera., so I'm sure it wont take long before  get an offer  to become a Process Assistence.",10,2020-12-08T21:02:13Z,_kVao-XyKgQ
I never signed for a point system and the people I work with soon confirmed there is no system 🥲,1,2020-12-05T04:57:53Z,_kVao-XyKgQ
"Just go work at inbound, easiest job ever",1,2020-12-05T00:38:18Z,_kVao-XyKgQ
I start tomorrow at 1:20am to 11:50am which is a weird shift but I’m kinda excited but nervous 😬,17,2020-12-03T18:46:58Z,_kVao-XyKgQ
I start tomorrow working at 6:30 PM to 4:30 AM I am actually very excited,53,2020-12-02T04:15:40Z,_kVao-XyKgQ
I’m about to apply for a full time job at Amazon in Germany - hope your tips will help me,1,2020-12-02T01:17:45Z,_kVao-XyKgQ
"My schedule is for 41 hours, does that mean every week I'll be getting paid that extra hour at 1.5x?",15,2020-12-01T04:06:04Z,_kVao-XyKgQ
I wonder what easier lift driver or prime warehouse,1,2020-11-29T18:03:21Z,_kVao-XyKgQ
Do they check if you’re there? Like let’s say you go to the shift and leave early but don’t punch out. What happens after that? Anyone done it?,3,2020-11-28T20:42:31Z,_kVao-XyKgQ
here is a question - what does it mean to be a picker in a warehouse this is something i don't understand since so far i've been working in farmwork and picking prolly has a completely different meaning to it,0,2020-11-27T15:24:17Z,_kVao-XyKgQ
How long before you got fired?,1,2020-11-26T00:05:15Z,_kVao-XyKgQ
"I feel sorry for ALL the people that work for Amazon and Jeff Bezos.  I have ordered quite a bit of items from Amazon and they do a wonderful job in getting the items I ordered and shipping them to me, I have no complaints. It’s too bad the U.S. Department of Labor doesn’t/can’t be more harsh on Amazon regarding employee treatment from people that used to work there, otherwise Jeff Bezos will be pulled down from his high horse for employee rights violations.",1,2020-11-25T15:10:54Z,_kVao-XyKgQ
Hey i just applied today and made my appointment. Just waiting on my drug test results then I start December 10th. I’m excited and I know I can survive here. My work ethic is outstanding and my time management is on point. All I need to do is get my car and continue to build my credit. So 2021 is the year for me to build financially plus this will be my first job with benefits at the age of 19.,2,2020-11-25T04:00:14Z,_kVao-XyKgQ
Your weekly rates are given only if you had top or bottom performance. Top receiving something called written positive plus swags and bottom training or letter of concern depends how many times you were at the bottom of the list. Anything in the middle manager is not obligated to feedback.,3,2020-11-23T08:15:12Z,_kVao-XyKgQ
I'm going to start working at amazon soon and so 👉👈,1,2020-11-23T06:26:17Z,_kVao-XyKgQ
I'm ex-Amazon and I'm laughing.  Is it just me or is this guy funny?,1,2020-11-23T00:29:26Z,_kVao-XyKgQ
"In the UK they are shocking. I has to tell the security do one for everyone because their rules for distance are just impossible. They've got a network of people, which cannot cope",1,2020-11-22T03:36:18Z,_kVao-XyKgQ
"Points are only for seasonal workers.. if you want to see your weekly rate, you can check that at one of the computer hubs.",1,2020-11-20T18:51:38Z,_kVao-XyKgQ
I worked at Amazon for 6 months and I actually miss it lol,3,2020-11-19T06:23:03Z,_kVao-XyKgQ
"My God if those make sure you working rule in my place, it will be jail and also this make sure treat everyone right",1,2020-11-18T05:09:27Z,_kVao-XyKgQ
Just got hired at San Bernardino locations. Kind of nervous but excited. Can you do a video on how the benefits work?,16,2020-11-15T00:45:38Z,_kVao-XyKgQ
"this dumbass just said 15 mins before work... and 15 mins after work... is an extra 15 a day lmao for an extra hour a week... it's an extra 30 a day and an extra 2 hours a week, but it's also called embezzlement lmao this dudes probably already fired from Amazon",0,2020-11-13T01:45:15Z,_kVao-XyKgQ
Does Amazon give some days off if you ask politely as I want to start working there ?,1,2020-11-12T19:27:43Z,_kVao-XyKgQ
"Reminds me something from 20 years ago... yes, now I remember, the matrix endless human farms. Keep up the good work, I'll be ordering something.",37,2020-11-11T15:33:56Z,_kVao-XyKgQ
The best video ever on how to keep your job at amazon 👏 🙌 👌 ty brother🧸bear🧸,1,2020-11-11T01:24:14Z,_kVao-XyKgQ
"Ugh ima about to start on Wednesday, I so  had to watch this video. Can’t really complain, cause these are warehouse labor jobs. Learn a skill and move on if you want to leave. Meanwhile just work and do your job. Right now it’s already tough times, you don’t really have a choice..",3,2020-11-10T05:09:37Z,_kVao-XyKgQ
"I go to an interview tomorrow to work in a Amazon warehouse, should I wear something in particular or any tips ?",2,2020-11-09T07:59:13Z,_kVao-XyKgQ
"I just pray this time around, the 3rd time, there's no offensive strip club music blaring while everyone is on the attack trying to get routes out ahead of each other and clawing for bonus rewards that they cut one out of by intentionally redirecting one who somehow slid ahead of the pack running circles around EVERYONE. Damn right it pissed me off enough to walk out early. I set standards and break records on level playing fields. Now I'll see if they have their game together at an air gateway facility. God forbid any stupid 🤬 after everything I've been through to relocate to another state even. 👻🌎",1,2020-11-08T10:34:50Z,_kVao-XyKgQ
where do I sign up for specifically the Stow position?,3,2020-11-08T06:13:25Z,_kVao-XyKgQ
Can you explain number 9 with more details. What is a weekly rate?,1,2020-11-08T05:58:07Z,_kVao-XyKgQ
You almost have to be an athlete to work for Amazon!,0,2025-12-09T19:44:30Z,SMQ9jIypeOA
Thank you for sharing. I’m debating on getting a job at Amazon.,0,2025-10-11T11:59:42Z,SMQ9jIypeOA
Amazon sings like Eron,0,2025-08-10T02:28:22Z,SMQ9jIypeOA
What are you talking about? Amazon cares about getting customers their items quickly.  They couldn't care less if they grind their employees into a fine powder and destroy their health.  Also the people buying the products don't give a fat frogs ass jack shit squat about the employees...,0,2025-07-18T00:23:26Z,SMQ9jIypeOA
Damn Amazon is ran by a bunch of rich pricks,0,2025-07-10T01:04:45Z,SMQ9jIypeOA
Anyone else here to feel better about their current job NOT working at Amazon? 🤣,0,2025-06-25T16:25:03Z,SMQ9jIypeOA
It really is that bad. Imagine working 4:30 PM to 4AM and having to travel a hour to get Home. Every WEDNESDAY - SATURDAY. Those 3 days are not enough days to get your energy back,0,2025-05-03T01:15:13Z,SMQ9jIypeOA
"Also Big Fan Of Amazon!
Willing To Share-Hold Some Of It Someday!",0,2025-04-22T21:59:09Z,SMQ9jIypeOA
Amazon is great,0,2025-03-24T04:57:48Z,SMQ9jIypeOA
The scariest thing you could hear as an amazon warehouse executive is “I have my OSHA 30 card”,0,2025-02-08T21:05:08Z,SMQ9jIypeOA
"Doing 8 hours shift then alternating with 10 or 12 hours shifts makes a chaotic life/work routine, it messes ul your life balance and health. Here, in Germany, Amazon pays around one euro extra (compared to other companies) and hired even without reading your resume, just because so hard to find workers, most workers just do not want to do this miserable, exploiting work.",0,2025-01-31T06:30:18Z,SMQ9jIypeOA
Sounds like a shity place to work. Is there more concerned about timing people than they are about the employees. No employees should ever be time to go to the bathroom. That's why I learned to drive a forklift and I work in a real Warehouse,1,2025-01-25T21:07:23Z,SMQ9jIypeOA
Work in a real warehouse.  Drive a forklift bro.,1,2025-01-25T21:04:48Z,SMQ9jIypeOA
People who are Trying to loose weight should work here and then quit.,0,2025-01-08T09:43:10Z,SMQ9jIypeOA
You're getting $23 an hour because you're doing robotics. That's not the same work as with the workers on the line. 😐,0,2024-12-24T22:31:24Z,SMQ9jIypeOA
"Losing weight means you weren’t using any energy prior. I work a full time job and 30+ hrs at Amazon prepping for early retirement and I pick and I love it. It’s easy, I’ve never had any pain or problems. TOT = theft of time. They are paying you and you aren’t working. From the 4th floor I can get to the bathroom and back or I typically just go on my break. This your experience but it’s not for every one and wish that narrative would stopped being pushed.",0,2024-12-02T18:08:32Z,SMQ9jIypeOA
Well I guess maybe you better stay at Amazon. Because you're complaining about that kind of work you never make it out in the real world working manual labor jobs and have to think. For about the same pay you're making now would probably with no benefits,0,2024-12-01T20:37:34Z,SMQ9jIypeOA
"I see the silly rainbow flag in the back, another entitled Gen Z complainer.  Yes, warehouse work is tough, working in ANY warehouse is tough.  It's moving quickly, heavy stuff, lifting and squatting, it's low-level, low-skilled, low-paying.  Stop complaining and grow up",0,2024-11-25T17:37:02Z,SMQ9jIypeOA
OK. Never working here. Period,0,2024-09-20T07:43:04Z,SMQ9jIypeOA
You have to use damn-near half of your breaktime walking to the lunchroom 🤦‍♂😆,0,2024-08-24T14:27:03Z,SMQ9jIypeOA
Forget working for Amazon!  Way too Stressful!,0,2024-08-17T02:43:38Z,SMQ9jIypeOA
"I worked for amazon for a year. I am also in the reserves, every single month, even with the proper amount of time and checking up with HR to get time off I STILL had to fight to keep my job because I would go into negative UPT. I was fired once because of it, I took it to court and they just kept on doing it so I quit. That place is one of the absolute worst places I have ever worked at.",0,2024-07-07T17:06:26Z,SMQ9jIypeOA
This and other videos like this make me want to try harder to avoid buying from Amazon.,2,2024-06-22T17:16:54Z,SMQ9jIypeOA
"The worst part about all this is knowing that these types of jobs exist out there for very very important reasons related to societal coercion.

The system literally needs to use coercion in order to function properly",0,2024-06-10T22:06:07Z,SMQ9jIypeOA
"that is horrible, when I worked at UPS in the warehouse, I could go to the bathroom whenever I wanted, I was not told when I could go.",2,2024-06-04T16:11:00Z,SMQ9jIypeOA
The goal for amazon warehouse is to get in and get out to a better job/career...you're an idiot if you plan on being there for years,1,2024-06-01T18:52:32Z,SMQ9jIypeOA
I’ve been working at Amazon  for almost 5 years and now Amazon pushing me out. Clearly I’m just a number to them and my number not good enough. Leadership sounds like a robot they are very scripted and they do not acknowledge what so ever.,0,2024-05-31T23:23:26Z,SMQ9jIypeOA
Amazon ain't worth a (S word) as a company to work for and I make no apologies for saying it. (F word) Jeff Bezos and (F word) Amazon and (F word) any company that don't treat there employees right and with respect.,2,2024-05-16T02:14:05Z,SMQ9jIypeOA
"My heart goes out to you.😢 I worked as a certified nurse's assistant, C.N.A,  for ten years and that job broke me physically and spiritually. Always short of staff.  That would force us to be responsible for 12 or maybe even 14 residents or patients who were mostly helpless. I was living paycheck to paycheck and had to endure verbal and physical abuse by these residents. Some nurses cared but most didnt.. They were only going around passing meds and writing reports. We were stuck doing all the dirty work. I'm so happy that I'm free from that job and  I'm now retired.",2,2024-05-04T17:09:39Z,SMQ9jIypeOA
"Some warehouses are not as bad as he says. It’s depends on the type of warehouse and management. 
Like some warehouse’s, the pickers rate is like 65 i/h, they tell you 80. You push a cart around with a tote, and grab items out of the bins, drop item in the tote, then put the tote on the lines when full or promted. Easy job, just a lot of walking. And as long as you quality is good and rate is above 65, they’re not gonna say anything to you if you go to the bathroom for more then 8mins
This comes down to management.
Some just want their numbers looking good as long as you do your job and don’t make them look bad. Though you go over 30min of ToT during the shift, they will come say something.",0,2024-05-02T20:54:59Z,SMQ9jIypeOA
"why it's bad to work at amazon. 
Amazon has a strict No fighting or harassing policy and Strict HR polices. 
1. You can't say anything offensive to anyone even if the employee is misbehaving like not working or refusing to work or refusing to help.
2. Even Managers can get fired for starting arguments or fights with regular employees even if they are being lazy. Managers can't fire employees. HR has to do the firing after an investigation and managers are only encouraged to do write ups. 
3. If someone wants to start an argument and you argue back and it leads to a fight than both of you are fired even if the other person started it. After argument lets say where you told someone to do something and they refused and you lets say you cussed them out before walking away. That person can go report you which will lead to a warning that next time you will get fired or they will fire you on the stop lets say if you threatened that employee. 
4. If someone wants to fight you at amazon, you can't fight back or use self defense. So both are you are fired. Who want's to get risk get injured just to not lose your low wage amazon job?
5. Females at amazon like reporting people to amazon especially men. If they get in arguments even if they started it and it led to a heated argument in which they got their feelings hurt. HR will take there side. You really have to cautious around woman and shouldn't even try giving them compliments because it can lead them to reporting you. 
For example male employee told lady in front to hurry up on vending machine because break is only 15 minutes and she was just standing not buying anything which led her to reporting him and than HR told him next time he is fired. 2nd example. Guy was taken to HR for greeting women with hi sweet heart with some female encouraging the other females to help her report the guy over it. 3rd Example. Area manager told lazy female employee she had to work instead of walking around. She kept refusing and argued back. He got angry and wrote her up. She decided to tell HR she was being treated unfairly and he was bullying her. HR gave manager a warning and took her side. 
6. Half of the employees are lazy at amazon esp. the sortation and delivery stations. Most of these employee's get promotions to become process assistant or area managers by doing favors for managers which involves sex.  80 percent of the lazy employee's are woman who do the easiest tasks or get some sort of promotion where they barely do work.
7. Amazon hires anyone off the streets, that includes highschoolers and bums so most are lazy and don't care if they get fired and most are temporary.",0,2024-05-01T14:51:20Z,SMQ9jIypeOA
"Some managers are callous they don't care if you get hurt .Amazon need to fire anas firadaoussi dfw6 copell Texas   Icqa his wickedness had made many left the department and Amazon  it self. 
His department is unsafe with faulty equipments from ladder to robot bin when you report it to him instead of notifying top management he will set you up for faliure and frustrated many to quit their jobs ,using associates to fight each other and promise females of promotion, uses and dump them. which is retaliation. Amazon said its against the policy but when you voice they retaliation continues .",0,2024-04-21T10:26:03Z,SMQ9jIypeOA
CNN can you help me sue amazon for firing me and making me non eligible for rehire because i was dehydrated and i passed out at work. I was working 6 days a week 10 hour shifts and they fired me and made me non rehireable because i was dehydrated.,0,2024-04-18T23:27:26Z,SMQ9jIypeOA
Amazon is a great example why unions exist.,1,2024-04-18T16:34:04Z,SMQ9jIypeOA
I was assaulted with stacks of Totes on a Tank just like those on 0:48 for complaining about “TOT” and heat making older ladies faint. Then was transferred to Pick to further injured me now my dominant hand is not the same. That task can be done with only a scanner but they want a wack a mole type process under radiation from laser to scan and projector while going up and down a ladder like Stow.,1,2024-04-18T08:34:07Z,SMQ9jIypeOA
The easiest job in the world. And I'm not in good shape. Which shows your looks don't determine that you in good shape. I did lot of endurance training and flexibility,0,2024-03-24T21:46:14Z,SMQ9jIypeOA
Friend of mine worked for Amazon they refused to pay him for 2 months then when he asked about it they fired him,0,2024-03-21T18:30:21Z,SMQ9jIypeOA
Warehouse work is hard work!  There is no sacking off because the computer monitor you!  You need to be a human robot since you are constantly working do stuff!😊,0,2024-03-03T02:26:43Z,SMQ9jIypeOA
"Amazon publicly promotes their black sellers over their white sellers with their ""Buy the Black"" campaigns...  after seeing that I don't doubt they racially discriminate in hiring, job promotions and in the workplace too.   Glad I don't have to depend on them for a job that's for sure",0,2024-02-27T17:06:26Z,SMQ9jIypeOA
I felt like a robot when I worked there,1,2024-02-08T06:33:23Z,SMQ9jIypeOA
"Admittedly, I did not watch the entire video. Why on earth would this guy do a media interview where is name, face and voice is shown while he still works there? Like begging to get fired.",0,2024-02-03T14:18:20Z,SMQ9jIypeOA
"i lasted a month at that exact same amazon, hell no lol",0,2024-01-17T18:44:05Z,SMQ9jIypeOA
"Tier 1 and labor shared almost everywhere. It’s nice to go to a different department because using the same movements everyday can be tiresome. Amazon offers a grant towards a university or cc they’re partnered with. They support you all the way up to Bachelor’s Degree. It’s worth it, but you need to keep working there.",1,2023-12-12T15:21:25Z,SMQ9jIypeOA
"This is madness. As long as workers are putting in solid efforts, there's no reason to micromanage like this. Everyone has bad and good days at anything. I get that people should be working at work, but this is excessive to put it kindly. I'm not one to rally fully for unions either (I'd need to know everything about a union before I'd support it) but people get hurt, people pee and poop, people need rest breaks, etc. Let them work to the best of their abilities. Example: Jack doesn't have the work speed of Joe but Jack can lift more than Joe. Sally might be slower than Sandra but Sally has more accuracy. Everyone has their own attributes they are good at. Let Jack, Joe, Sally, and Sandra work to the best of their abilities!",2,2023-12-10T08:59:37Z,SMQ9jIypeOA
"Last leg fulfillment is awful.  A lengthy shift of scrambling and bending over and over again, like working a rice paddy field.  Then, at the end of all this bending up and down, you have to heft all of these incredibly heavy bundles that you just filled.  I am so thankful that I left that behind.",0,2023-12-04T03:35:28Z,SMQ9jIypeOA
Lmfao he’s describing ANY job,2,2023-11-21T11:44:23Z,SMQ9jIypeOA
I’m an Amazon warehouse worker and he complain way to much I work 4 11 hour shifts and sure my feet hurt but that’s it,0,2023-11-20T12:16:16Z,SMQ9jIypeOA
Workers should get food provided because their salary is mainly for buying food and fuel to work at Amazon. A food allowance for the workers would be nice. 😔,1,2023-11-16T13:57:51Z,SMQ9jIypeOA
"Wow, this was an eye-opening insight into the daily routine at an Amazon warehouse. It's crucial to shed light on the experiences of those working behind the scenes. By the way, I recently shared my perspective on workplace dynamics and some useful tips on my channel. If you're interested in more discussions on the topic, feel free to check it out. Keep up the great content!",0,2023-11-14T16:51:37Z,SMQ9jIypeOA
"TBH… We have a society of soft, useless, entitled kids in their 20s. This guy is acting like his job is tough while he supervises robots lmfao. Inflation was caused by massive spending by the Obama administration, curbed by Trump, and then Biden shows up to throw gas back on the coals. 8 minutes to go to the bathroom isn’t enough?? Lmao, once in a while I’m sure it’s tough but outside of that, i can’t imagine it being that difficult. God bless, hard work is sometimes fun but always tough. Grow up. Take care of yourself, because we all know that’s all you’re worried about.

Goodnight.",1,2023-11-06T00:55:25Z,SMQ9jIypeOA
About time amazon gets exposed,0,2023-11-05T01:38:47Z,SMQ9jIypeOA
Amazon is a deplorable company that treats their employees like dog shit! Shocking.  It's concerning how money and power will buy you immunity from almost anything. Even basic human rights. And not paying tax on all the counties that Amazon's testicals have touched. Shocking.,0,2023-11-03T23:29:52Z,SMQ9jIypeOA
"Warehouse work is no joke, I've been in a warehouse for 5 years, i make good money, but make no mistake it's hard work. I'm only 28, idk if ill be able to do it long term.",2,2023-09-30T21:27:21Z,SMQ9jIypeOA
“Amazon says Time off task metric is to understand issues that arise” bitch please they literally write you up for a few minutes “off task” which could literally be anything.  They say “make sure you’re taking care of yourself” and then they say “so here I see you were not working for 9 minutes what happened?”  Um I had to piss and the warehouse is a quarter mile long…. “Well you’re not in trouble but here’s a write up if you get too many of these they will terminate you” that’s an actually conversation I had at Amazon.  Now I work at a new Amazon warehouse where they don’t have time off task because we don’t use many machines so they can’t really time off task and a large amount of people are lazy and don’t do anything or disappear for hours and it’s like why can’t their be a good i between and it’s because of people like that they implemented time off task other places.,1,2023-09-24T12:53:22Z,SMQ9jIypeOA
I spoke to my technician who used to be an Amazon manager. I’m sickened by the culture of the beast. I’ll be reducing my purchases with the company,0,2023-09-24T08:18:02Z,SMQ9jIypeOA
3 years of my life i worked at amazon. Its definitely hard work. I was on the 6pm to 430am shift. I decided to take the buyout after covid outbreak haven't looked back.,0,2023-08-24T21:10:42Z,SMQ9jIypeOA
If there's no Air conditioning then i can see why battery devices at Amazon sucks.  I Been buying off of Ebay lately and nothing beats the protection plans,0,2023-08-22T09:08:54Z,SMQ9jIypeOA
"I used to work at a Amazon sortation center( part time), shifts are 4 hours, but it could go up or down 1 hour based on volume. It was not that bad for a warehouse job. I think fulfillment center is where it’s really hard.",6,2023-08-19T19:34:50Z,SMQ9jIypeOA
Amazon is a PLANTATION.  Black folk especially should leave it alone. Dont buy from them. Do for self without Amazon.,3,2023-08-01T15:54:03Z,SMQ9jIypeOA
They are never hiring in Houston. It's been saying the same message for years. How do people even get hired there?,0,2023-07-26T16:33:31Z,SMQ9jIypeOA
How to get a warehouse job?,0,2023-07-24T20:05:35Z,SMQ9jIypeOA
amazon is evil and needs to be 100% eradicated. boycott amazon. if you knew their plans to destroy humanity you would boycott the crap out of them into bankruptcy. i hope the orca whales destroy jeff bezo's stupid yacht. #teamorca,1,2023-06-30T21:53:38Z,SMQ9jIypeOA
This is bs. We get paid like crap and the work is insane. This place needs to be shut down,2,2023-06-29T06:43:32Z,SMQ9jIypeOA
Worse company to work for,0,2023-06-27T21:46:27Z,SMQ9jIypeOA
Amazon isn’t even that serious… the job is too easy tbh,2,2023-06-26T10:37:59Z,SMQ9jIypeOA
Amazon is the most easiest warehouse I have ever worked at ever,2,2023-06-16T16:57:33Z,SMQ9jIypeOA
"Amazon is tough but I worked at the USPS. They put my ass working 12 - 14 hour shifts for 6 days straight. Amazon was wayyy more chill and compared to the USPS. If you’re a person who isn’t physically/mentally fit, you’re gonna have a difficult time no matter where you work.",0,2023-05-15T19:31:26Z,SMQ9jIypeOA
3 12 hours?? sounds like a dream,0,2023-05-11T10:11:04Z,SMQ9jIypeOA
"They don’t do this anymore at my facility. I love my job, but it’s only part time leaving me waiting for VET opportunities each week just to pay bills. Still, I love Amazon except for CA mask laws. We’re still testing 2x a week and wearing masks!!! It’s been 3 years and we’re all vaccinated. I’m so sick of CA regulations!!!!",0,2023-05-05T19:57:51Z,SMQ9jIypeOA
maybe this is why they are always hiring,0,2023-05-01T21:57:06Z,SMQ9jIypeOA
It's a good job that requires no special skill or a college degree. I would have worked there definitely.,0,2023-05-01T01:20:21Z,SMQ9jIypeOA
I worked at fed ex they complained when I went to the bathroom so I pissed and shit in trucks on the packages and wiped my ass with clothing 😂😂 . They deserved that from me and I would shit on any bathroom floor the moment a boss complained about me using the bathroom . I did this everywhere I worked . Including shitting my pants and smearing my shitty underwear on equipment on the floor or anywhere I could .,0,2023-04-23T04:19:40Z,SMQ9jIypeOA
I’m watching this as I mentally prepare for another week at this job.,1,2023-04-13T11:47:18Z,SMQ9jIypeOA
I work at amazon. I do that job he talking about scanning and placing stuff in pods. I make only 13 an hour. He 23 an hour :(,0,2023-04-09T17:04:29Z,SMQ9jIypeOA
I hope everyone who protest gets fired here.,0,2023-03-22T13:07:54Z,SMQ9jIypeOA
"Oh my! The whining at the end really got me, you’re a 24 year old young man and your complaining about working three twelve hours shifts?? I don’t think Amazon needs to do anything different, y’all just need to put your head down and go do the work that you signed up for! Sheesh when I was 24 (and I’m a woman!) I was working 80 hrs a week in FL making heavy duty hurricane proof windows, you wanna talk about hard work. Busted my butt and I’ve never been in better shape, the lack of work ethic in some people is very concerning😬",1,2023-03-14T20:00:33Z,SMQ9jIypeOA
Amazon is still slavery. Don't get too complacent there.,2,2023-02-28T10:32:22Z,SMQ9jIypeOA
I just got a warehouse job. I’m so scared of failure. I’m 35 and sort of out of shape. I’m tempted to not even show up.,0,2023-02-27T05:17:59Z,SMQ9jIypeOA
Lmao I’m glad I’ll never work at that he’ll hold 23 dollars to work as a slave. Can’t even poop in peace. Got 8 minutes or your toast 😂,0,2023-02-25T23:21:09Z,SMQ9jIypeOA
I worked for Amazon for a month and a half. I got fed up with their BS Quota requiement of 3000 picks per hour. With the Pods stalling several times a day it's not possible. The manager comes to you a gripes about you not reaching the quota even though the pods stalled. So screw Amazon.,1,2023-01-19T22:55:40Z,SMQ9jIypeOA
Working at Amazon is a horrific experience.,0,2023-01-15T22:06:10Z,SMQ9jIypeOA
"Listen I’ve worked at them all FedEx UPS Amazon and amazon was by far the best place to work out of all them Amazon has beautiful warehouses they keep them clean, big break rooms, work load was a lot less than ups and FedEx. UPS was the worst just so much work I had to load 5 trucks every morning at the same time when we’re only supposed to have 2 at a time it was a mess the warehouse was dirty and nasty too management actually fr didn’t care about safety. Amazon is better all around when it comes to everything about warehouse work",0,2023-01-04T05:11:12Z,SMQ9jIypeOA
"🤣🤣🤣🤣 ""three 12 hour shifts""... i work 7 days a week 365 days a year 10-12 hours a day all blue collar labor as a business owner. What has happened to the men in this country",0,2022-12-28T17:35:24Z,SMQ9jIypeOA
Fuck amazon,2,2022-12-28T05:53:44Z,SMQ9jIypeOA
"Wow Jeff is such a nice dude, he gives his workers six packs through making them work their asses off.",8,2022-10-22T01:48:31Z,SMQ9jIypeOA
first world problem. How about you work 10 hours a day for 365 days hard labor for $5 a day. otherwise you die of starvation.,0,2022-10-20T14:48:24Z,SMQ9jIypeOA
"The warehouse workers are the Backbone of any company, treat workers as respected human beings instead of someone that's expendable, without warehouse workers trucks are never going to be loaded with anything.",1,2022-10-20T11:34:32Z,SMQ9jIypeOA
He sounds like a manager,0,2022-10-15T06:07:01Z,SMQ9jIypeOA
You MAKE $23 hr; WHAT WAREHOUSE IS THIS?,0,2022-10-09T07:15:12Z,SMQ9jIypeOA
"Meanwhile the CEO laughs at the peasants as he wipes his multi billion dollar ass with a 100 dollar bill in front of his diamond encrusted gold toilet aboard his 5th nesting yacht. And in the next breath probably complains how workers are inherently lazy.

Do not revere these people. On your deathbed it is not your wealth, your fame, your accolades or career achievements that flash before your eyes. It's your humanity.",0,2022-10-09T04:22:43Z,SMQ9jIypeOA
Working in prison most likely has a better environment. I’ve worked in Amazon warehouses and Corp offices. I would go work at a prison before going back. 100k people quitting in Q1 2022 should say something. They took away stocks and bonuses from employees while telling the public they were raising starting wages. People lost money in that deal bad. Horrible company and people should see and cancel their prime.,1,2022-10-09T02:21:10Z,SMQ9jIypeOA
"""When I was working three 12-hour shifts, by the end of the week, my body was just worn down and worn out""
It's called a job. You work in an indoor controlled environment as a glorified stockperson. That doesn't wear you out.
Try working on a farm where people spend all day tilling soil, planting crops, pushing around dirt and manure, all while in the sun, rain, wind, and with lots of insects.
Or try working in a factory overseas, where its 16-hour days, 7 days a week.",0,2022-10-04T23:06:13Z,SMQ9jIypeOA
Amazon is used to get cheap labor from China and India.. Not surprised about how they intend to treat U.S. workforce.,0,2022-09-29T16:52:13Z,SMQ9jIypeOA
"Poor bosses of job, they are soo rude and arrogant because they get to mad when anybody disobey any of his stric rules(even for accident or error) or when the employes are kot acting like that way they force to they need to act(sarcasm) i dont like those type of bosses. They believe that behave in soo rude and arrogant way is cool -_-",0,2022-09-13T15:10:26Z,SMQ9jIypeOA
A friend of mine is starting to work there and I wantef to know what its like.,0,2022-09-12T22:59:58Z,SMQ9jIypeOA
I quit on my second day lol. It just wasn’t for me.,1,2022-09-09T02:22:34Z,SMQ9jIypeOA
I ghosted Amazon after they hired me. I was going to go there because I was desperate for a job and for whatever reason they pushed my first day out 3 WEEKS!!! Walmart I had my interview on a Tuesday and was able to come in on Friday.,0,2022-09-07T06:16:16Z,SMQ9jIypeOA
horrible - wake up amazon - these are people not horses,0,2022-08-26T06:33:34Z,SMQ9jIypeOA
I quit after 3 days,3,2022-08-23T22:14:15Z,SMQ9jIypeOA
"If you work for Amazon, you 
might as well be on a plantation.",0,2022-08-03T10:20:48Z,SMQ9jIypeOA
"(TOT) a fun metric? Using scans to keep track of workers time off task, and punishing them when they take to much time using the restroom, or other taking advantage of mental health, or medical benefits that are offered within the facility? Yeah time of task tracking is very fun when you have to explain to the insanely lazy HR team that you shouldn’t be fired for using the medical facility after being electrocuted! Well at least I’m my experience haha. Amazon is a joke, I was recently let go for using my paid time off, which is not supposed to be a punishable action, but whenever they have app problems that cause you to get attendance points that aren’t supposed to be there, they’ll just wrongfully fire you instead of fixing the problem, and then send you to the ERC to have them fix it, just for the ERC to tell you on sight HR was supposed to handle it, and when you go back they hide behind the security entrance claiming “HR is too busy”. We need to get together and sue the living shit out of Amazon. I don’t know how they get away with all of the time theft and human rights violations that they commit daily.",0,2022-08-01T22:05:27Z,SMQ9jIypeOA
"I'm 62 and I've been working at one of the Amazon sortation centers for over 6 months now, and although it can be physically demanding, it is not grueling. Our location has such a positive work culture that almost no one ever quits there, as compared to a couple of the nearby Amazon sortation facilities that always seem to have worker shortages. It helps that we have some of the best, most *reasonable and sensible* Process Assistants (front line supervisors) at our location who work right alongside us and are constantly watching all areas of the operation to make sure that everything runs smoothly. They make us feel like they are there FOR us to help us succeed.",4,2022-07-17T22:16:09Z,SMQ9jIypeOA
"So is Amazon the only warehouse that’s fast paced, short breaks, etc? No. You don’t have to stay there if it’s that bad. I’ve worked at warehouses that are similar but paid less, I left because these positions are easy to replace.",1,2022-07-12T20:37:56Z,SMQ9jIypeOA
"I worked at Amazon for 6 weeks. Literally, the worst job I ever had",2,2022-07-12T09:32:11Z,SMQ9jIypeOA
56 years old and my favorite job ever,1,2022-07-08T18:29:08Z,SMQ9jIypeOA
Amazon sucks,1,2022-07-06T14:40:52Z,SMQ9jIypeOA
"Working in america sucks, you guys need a work justice system, just like we have in Brazil. Fuck billionaires",1,2022-06-21T08:49:49Z,SMQ9jIypeOA
"It's our fault that things are this bad now.  We enable this shit through our consumption and our supply of employment and we think, ""Well I'm not suffering so who gives a shit?""

When every company catches onto the fact that despite such poor working conditions, consumers will continue to support the company through their labor and consumption because their need for new stuff outweighs their suffering, these companies will change their business models to the same structure.  And then guess what?  EVERYBODY will suffer.   And once that happens, it's VERY difficult to go back.  

So stop consuming from them or atleast reduce your consumption.  And stop working for them.  Stop participating.  If everyone collectively does this, these companies will lose sales revenue which will freak out their investors and the whole company will go downhill fast.  The power is  STILL with the people if they collectively used it.",0,2022-05-29T22:55:29Z,SMQ9jIypeOA
"The thing about TOT is that if you do your job and do it well then your TOT doesn't matter. I get my numbers every night pretty much and I have plenty of TOT and I have never once been talked to about the TOT. I do have bad days like everyone else but I do my job well and I care about my job so its looked at that way and nothing is said. The fact is that some people are not cut out for fast work and assembly line type work. Some people just will never be able to do it. They then complain about how a company was unfair to them and had unrealistic expectations. You should have realized after a week that maybe this work isn't for you and move on to a different type of job. I am not saying that every former Amazon employee is lying. Much of the work conditions depend on the people running that particular location. There are bad managers and bosses out there. There are toxic people all over. I'm tired of people thinking everything Amazon is just so horrible and slave labor. Its' not. The pay is great. The benefits are great. The paid time off, vacation time and all that you accumulate are unbeatable at other jobs.",1,2022-05-09T15:46:46Z,SMQ9jIypeOA
"As a Driver shit getting bad here too. 

1. We have a new camera system constantly monitoring the driver throughout the day
2. We have groups stops that allow amazon to give drivers more than 200 stops (which is illegal) because they're grouped so they appear lower than that.
3. We have so many packages and stops that taking our break will put us behind significantly.
4. We have mandatory OT
5. Most of us have to pee in bottles.",2,2022-05-04T12:16:02Z,SMQ9jIypeOA
"Wait, how many breaks does he get? I don’t even get 1 as a nurse 😧",0,2022-05-02T20:34:02Z,SMQ9jIypeOA
"I don't know if this is at all the Amazon FC centers but at mine, they 
are getting nasty in the packing department. No more leaving your 
station to get a cage. They constantly bring you a cage for non-stop 
work. Cracking down on TOT (mine was 7 minutes. They never heard of a 
bathroom break!). The rate is now 60 but I think next month it will pop 
up to 80 because of the non stop work. Amazon has even admitted an a 
email from the gm that business is slow and will continue that way for 
awhile. So to compensate, ""crack that whip""! I think 6 months is enough 
for me. Hope your fc is better than this. From central 
Florida.....................................",0,2022-03-24T22:59:59Z,SMQ9jIypeOA
Who wants to bet amazon isn't going to actually DO jack shit. But make their employees lives 10 times more miserable.,0,2022-03-19T16:14:44Z,SMQ9jIypeOA
"Nothing like working yourself to death,being underpaid,and treated like a slave...yay America.No wonder people go on shooting sprees.You can’t treat people like this, and also believe you   live in “The greatest Country in the world”.",2,2022-02-18T00:29:41Z,SMQ9jIypeOA
Yooo i just got fired today from amazon 😌 and i feel soo happy and stress released then I've felt all year 😢 it's decent money but its like playing production simulator on Max difficulty it's boring and stressful you want a new game to play,2,2022-02-05T13:58:33Z,SMQ9jIypeOA
Have you tried to develop and aquire a skill and find a job that requires such skill?,0,2022-02-03T22:14:21Z,SMQ9jIypeOA
"Amazon is not putting a gun in to ur head forcing you to stay...,you can leave whoever you want......people act like they are forced to work for Amazon.....I’ve seen people who got hired the first day at Amazon they walk away and never came back....I’ve work for some very bad companies over the years with shit ass benefits",1,2022-01-19T21:15:30Z,SMQ9jIypeOA
"You Amazon kids make me laugh. I've worked at UPS since I was 16 years old and I didn't become a driver until I was 22. At UPS we lift gigantic heavy packages, you Amazon kids don't lift anything over 50 pounds.",0,2022-01-13T06:49:35Z,SMQ9jIypeOA
"Oh. My. God. I thought it was just me. The are days when I have to just stop working and go to the bathroom to just cry. The work is so hard. It's like working out at the gym for 10 hours a day. I have to constantly drink water to stay hydrated, but we're not allowed to go to the bathroom as often as you need. If we do the clock will start ticking. 
We get two 15-minute breaks and one 30-minute break. In actuality, I we get 5 minutes to get to the bathroom, 5 minutes to use the bathroom,  5 minutes to get back to our work station. No time to eat. On the 30-minute break, we get 15 minutes to eat, 5 minutes to use the bathroom, 5 minutes to wash up with a baby wipe, put deodorant( yes, we are sweating that much) and 5 minutes to get back in production. Keep in mind that I am 58 years old, what's sciatica and just recovered from covid-19. With no prospects I'll find you a better job in the future. Working for Amazon was the worst mistake I ever made in my life.",2,2022-01-09T17:35:16Z,SMQ9jIypeOA
the workers are friendly and the job isnt that bad its just the powers at B are atrocious,0,2022-01-08T23:59:15Z,SMQ9jIypeOA
"“I had to eat before work, during first break, during second break, and after work” 
So you ate at 6am, 11am, 4pm, and 8pm… nothing wild there. And three twelves is awesome. I work 6 12s  lol",0,2021-12-21T21:38:06Z,SMQ9jIypeOA
8 minutes to go to the bathroom including the walk? Are they fukin insane? Shame on you amazon,2,2021-12-15T22:39:49Z,SMQ9jIypeOA
It’s awful… I’m currently an Amazon employee and I’ve cried twice this week. On the first floor we have something called the cry box.. it’s literally a place to sit and have a breakdown. I don’t know how much more I can take of this,8,2021-12-12T03:07:23Z,SMQ9jIypeOA
"🥀🥀🥀Fer REAL AMAZ🤨N,, no headcount whn u got employees even clocking 😡ut for breaks.",0,2021-12-11T23:23:58Z,SMQ9jIypeOA
"A while ago I canceled my prime account due to this kind of treatment toward workers. When you think about it, I’d argue majority of us don’t need Amazon. For those of us who remember life before Amazon we got on just fine. I know it’s not black and white and there are groups that benefit (like people with disabilities and business), maybe we should just reduce our usage?",1,2021-12-09T20:29:45Z,SMQ9jIypeOA
"I love the ones trying to compare their jobs to this, oh and those suck it up buttercup.. hilarious. All the while none of these same people have ever worked inside the facilities. And anyone who has and said that it was easy, either you're just loving the taste of that boot, or you are one of the ones who is about to become ""customer"" at your facility. It's work. Hard work. It's REPETITIVE. It's not, carry a beam up a ladder and then sit tf down for 20 minutes. It's carry the beam up the damn ladder, for 4 hours straight over and over, with no time to stop, no down time, no time to collect a thought. Going to the bathroom will screw your entire rate system up. Working in a fulfillment center has shown me just how precious 8 minutes really is and how quickly it can get you in trouble. 

I work 4 10 hour grave yard shifts. Sure, I can prepare a meal at home, ya know...all that good protein we need for the thousands of calories I can burn in Just one single night. But chances of me being able to actually heat that up, in a very time checked 30 minutes, waiting in line of other folks, is almost slim to none in my facility. By the time I do get to sit, I'm scarfing it all down, in an unhealthy pace. I don't even chat on my phone or message anyone on my breaks because I'm literally just sitting there trying to decompress. 

If we are away from our station for more than 5 minutes, our TOT is beginning to calculate and we are only allowed 30 whole minutes a night, in a 600,000 square feet building. If we need water, sometimes we aren't stationed next to a close nearby water station, and thus that factors into it too. Every thing is HEAVILY calculated, watched, and configured to where it's unsafe in alot of matters. 

We've had heart attacks, heat strokes, people just passing out, on the work floors due to the work load and how FAST we have to go. This video does not realistically represent the amazon warehouse life. We do all of that, but 10 times faster. I'm a picker, and I'm forced to pick bare minimum of 425 items an hour. That is if my robotic pods are working correctly, no drives bomb out, station doesn't break down a million times, oh and...I don't leave my station. A normal employee...it's hard to hit that rate. Amazingly I have awesome managers at mine but they are honest that it's not easy to hit those numbers and it is rarely done. 

I also average 15,000 steps a night, but have hit that 30k a time or two! I've also injured myself. Twice. All due to the extremely fast work pace. Unfortunately, I also have a central nervous disease, but it's a pattern with Amazon employees. There will be a day where I won't be able to walk anymore. I spend my 3 days off in pain. Not just a little work pain, but physically debilitating unnecessary pain. Nobody should have to work like that. There are many nights I struggle and am so miserably in pain, that I've almost thought to walk out. But I can't. I have a little mouth to feed.",4,2021-12-09T19:54:24Z,SMQ9jIypeOA
Working for Amazon is our modern day slavery.,5,2021-12-09T10:25:53Z,SMQ9jIypeOA
"I tried to work for the postal service... And get this I never had the two days off scheduled together so I'd work three days and 1 day off which isn't enough to really do anything. And on top of that when I did have my one day scheduled off, they tried to call me in to work and I actually got in trouble because I didn't come in on my one day of scheduled day off yeah screw that I left that hell hole in 6 months.",0,2021-12-09T00:59:57Z,SMQ9jIypeOA
"That’s why it’s called WORK. I assure you that working in a warehouse is probably not the easiest job there is. Everyone complains about their jobs but don’t cry about it. Go to work do your job and keep your mouth shut until you can find a better job. 
I’m not condoning the way Amazon treats it’s employees. Over the last couple days I’ve watched videos and read several articles about the way they are treated and it’s wrong. All we can do is pray that things change for the employees.",1,2021-11-30T15:15:30Z,SMQ9jIypeOA
Amazon is wrost place to work,2,2021-11-25T19:37:26Z,SMQ9jIypeOA
"Yet we farm for 100 hours and a week and everyone hates us. 
Lol not like there’s bathrooms in the woods…
12 hours a day 6 days a week is normal. 
Yet three work days got ya?",1,2021-11-21T18:32:28Z,SMQ9jIypeOA
Amazon warehouse is like a cross between high school and prison,1,2021-11-19T12:31:12Z,SMQ9jIypeOA
It's slavery. Working slavery.,2,2021-11-14T08:42:25Z,SMQ9jIypeOA
Lol worn out from 3 day workweek,0,2021-11-13T09:39:09Z,SMQ9jIypeOA
amazon hurts but its the works u meet are the fun part,0,2021-11-12T20:48:18Z,SMQ9jIypeOA
"Amazon constantly praised the innovative robots, saying it will not replace warehouse staff, but make their work much easier, less hectic, as well as boosting productivity.",0,2021-11-12T05:20:46Z,SMQ9jIypeOA
"A stuck up billionaire not caring about his people? Hmm sounds like richy rich doesnt really give a shit about the working class.(not middle) warehouse workers take alot of stress. Thats okay though, all these billionaires on top of the world, they cant take it when leave earth.",2,2021-11-11T19:13:58Z,SMQ9jIypeOA
So I shouldn’t send in my app on indeed…i need a job and money. They’re paying $20-21 at the warehouse closest to my dorm 😭,0,2021-11-10T21:56:41Z,SMQ9jIypeOA
Sounds like a bitch 2 me.  Cake job.,0,2021-11-08T04:44:01Z,SMQ9jIypeOA
i work there.. this guy just needs a new job it isn’t that bad 😂. “I need to eat 5 times a day” … and?,0,2021-10-31T16:37:07Z,SMQ9jIypeOA
This is made like an Amazon promo video.,0,2021-10-30T16:06:01Z,SMQ9jIypeOA
Same thing can be said with TJ Maxx job.,0,2021-10-29T18:58:35Z,SMQ9jIypeOA
I’m supposed to start at Amazon on Friday,0,2021-10-20T17:35:59Z,SMQ9jIypeOA
"They also have stupid policies where you cannot have anything other than clear bags, and you are not given lockers. Others have it worse with no cellphones other than break rooms. Makes it easy to lose important things like car keys and cellphones. You also cannot sit until break.",1,2021-10-17T17:55:05Z,SMQ9jIypeOA
"Amazon is a trap....2 sick days per 3 months....everything is computerized....Miscommunication leads to termination....In the back of your mind you know they set it up for failure.....MET for 4 months straight.....Amazon is  false advertizing...No internal transfer....No seniority....they hire new people with a hire wage then those who been their for years....It takes a while to know what's going on, but eventually people catch on....✌",2,2021-10-17T17:34:07Z,SMQ9jIypeOA
"Amazon treats it's employees as though they are working on a plantation, by timing them among other thing' , no one should be subject to working under those conditions in modern times and it should be an illegal practice.",3,2021-10-16T08:19:06Z,SMQ9jIypeOA
Try fedex lmao 11 hour shift 1 12 minute break,1,2021-10-12T01:14:29Z,SMQ9jIypeOA
Amazon is a terrible place to work. There’s no way around it.,2,2021-10-11T21:35:24Z,SMQ9jIypeOA
"Working at that job it made me want to kill myself because the actual work there, if you don't move fast enough you will 100% get yelled at, it is not worth it",2,2021-10-10T15:01:43Z,SMQ9jIypeOA
It’s called a having a fu@$!ng job snowflake!,2,2021-10-03T17:08:06Z,SMQ9jIypeOA
Bruh I use to work 15 hour shifts and we don’t complain,1,2021-10-02T06:27:49Z,SMQ9jIypeOA
"It's called manual labor, it is often tough, not just at Amazon.",2,2021-09-29T18:43:57Z,SMQ9jIypeOA
I worked there for 4 days and left. Standing on your feet for 10 hours no thanks,2,2021-09-29T10:58:26Z,SMQ9jIypeOA
You have to be a robot to work for Amazon,1,2021-09-27T01:34:38Z,SMQ9jIypeOA
Come to USPS we have a union APWU. Start out pay for a PSE is 18.50 and after 8 hours it time 1/2 after 10 hours it’s double time. It’s very hard to get fired with a union. We don’t have time and quote! 67 cents out of a dollar goes to the employees!,2,2021-09-23T07:33:49Z,SMQ9jIypeOA
"IF YOU WORK FAST, THEY'LL GIVE YOU MORE WORK. If you stow so fast, they will ""promote"" you in a way you get to do other computer jobs around the area however, you dont get paid more. They will make you dance from one place to another to do all these job in just one day. Its one way to trap you in the job thinking you were advancing to the company but in reality... youre stuck to the same pay and you are doing three things that three people should be doing separately. 

Alot of employees take this ""promotion"" coz y not? You dont need to do stowing/picking where you get timed to all the things you do. But little did they know, they trap you to dping many jobs around the area without any financial benefits. They also dont get managers from these employees. The only positions there that has high pay are the higher boss. The way pay works in amazon was... the longer you were with the company, the higher your pay by cents. LOL! So even if they ""promote"" you, there are still other workers who has higher pay than youre since theyve been there longer than you. Only wise employees will not take the so called ""promotion"". WORK WISELY. Just do the bare minimum. 

Also dont believe in ""YOUR SAFETY IS OUR PRIORITY"". They dont even give you enough time to go to washrooms.",1,2021-09-23T03:51:15Z,SMQ9jIypeOA
"If there was a NEW marketplace like amazon but treated its workers much better but didnt have all the perks of what amazon has """"YET, would you buy from this NEW company and support it to grow?",0,2021-09-22T11:11:35Z,SMQ9jIypeOA
"But if they move these jobs to China, then people would be mad",0,2021-09-14T11:10:27Z,SMQ9jIypeOA
"When you have to go to the bathroom to cry, it’s time to find another job",3,2021-09-14T06:29:42Z,SMQ9jIypeOA
Worst job in the world bezo got all this money get better work conditions,1,2021-09-14T05:59:21Z,SMQ9jIypeOA
And they wonder why people refuse to go back to work....,0,2021-09-05T13:55:17Z,SMQ9jIypeOA
"Standing and physically working 10 hours continuously without breaks excepts standard 2X35 minutes breaks, having to walk about 3000 km within their massive  warehouse daily, get told off by your Team leads and managers when having few toilet breaks or slow down work pace due to tiredness or small 3/4 minutes relaxing breather cool down breaks whilst working in your workstation in totally inhuman.yet people work there cos the pay is good @ £11 per hour for their UK warehouses and plenty of available hours.",0,2021-08-27T12:28:27Z,SMQ9jIypeOA
"Lunch time is 35 minutes, to either walk down stairs from 3/4!floor (if working at these floors )  or or wait for the lift (just 01 lift for entire floor of approx 700 employees) to the cafeteria at ground floor, stand in quee to buy your lunch and sit in the table takes 20 minutes. Therefore, you need to have your lunch in 5 minutes and run (not walk) back to your workstation within 10 minutes so you won't take more than 35 minutes for your lunch break. Trust me, it's an SWEAT SHOP where none of the associates smile excepts the Team Leads and the Managers who basically enjoy a plenty of coffee, sweets and sit nearly all day with their laptops monitoring the slaves ( associates) performance in their workstation.",1,2021-08-27T12:13:01Z,SMQ9jIypeOA
"The problem with 8 minute bathroom breaks is that the warehouse size is mega huge, the size of a couple of football fields or more and bathrooms may only be located at the other side from where you work. Some folks could be more than 5 minutes away which doesn't give them enough time. 
Also hiring/firing done automatically - hard to reach a real person in the hiring chain.",1,2021-08-22T03:12:14Z,SMQ9jIypeOA
I quit Amazon warehouse job on my first day not even entering Amazon building 😂🤣😂,8,2021-08-20T00:45:47Z,SMQ9jIypeOA
Amazon is a garbage company to work for. Work for anyone but them. You'll thank me later.,1,2021-08-12T03:23:26Z,SMQ9jIypeOA
I should get a job at Amazon. Been working in sawmills for almost a decade. Sounds like a day in my life. Curious to see if it’s any different,1,2021-08-11T18:20:20Z,SMQ9jIypeOA
"But he goes into SPACE , by PIMPING  Workers & BUYERS",0,2021-08-11T16:14:15Z,SMQ9jIypeOA
Nobody forces you to work a job you dont want to do.,2,2021-08-11T11:22:42Z,SMQ9jIypeOA
We all should stop buying something on amazon.,0,2021-08-10T21:49:01Z,SMQ9jIypeOA
I was a picker at Amazon for 6 months I not only had to pee in a bottle but had to poop in a plastic bag in the corner of my work station it was so bad at times especially during peek season that I had to sometimes eat and drink my poo and pee because I couldn't make it to the break room for lunch ugh 😩 . There were even times where my items per hour would drop below the quota and my supervisor would force me to preform sexual acts in front of everyone while they threatened to terminate my employment. It was so humiliating 😭,3,2021-08-10T17:50:33Z,SMQ9jIypeOA
Amazon rocket ships are tax deductible.,0,2021-08-10T10:44:58Z,SMQ9jIypeOA
Nurses work 12hr shifts 3/4 days a week.  a shame we don't cover them way more stressful about the same wages,0,2021-08-10T04:29:40Z,SMQ9jIypeOA
Every one just pay for the CEO trip to outer space again,0,2021-08-09T18:49:03Z,SMQ9jIypeOA
"Sound like work.,",1,2021-08-09T15:02:21Z,SMQ9jIypeOA
"Amazon is so damn large that the company can easily afford to increase staff and add additional 10-15 minute PAID breaks so the floor employees can simply catch their breath, go to the bathroom, have a snack, etc. Get with it Amazon - we know some of your operational practices now.",0,2021-08-08T14:08:44Z,SMQ9jIypeOA
My parents constantly asked me “why don’t I apply to amazon?”. This is why I never applied. I’m not the type to stand up for 12 hours a day.,11,2021-08-07T15:18:32Z,SMQ9jIypeOA
Jeff bezzozzzzznis is amazing you don’t like you’re job get f out . Go work for McDonald’s.,0,2021-08-06T21:52:29Z,SMQ9jIypeOA
I want them to compare construction workers to Amazon workers,1,2021-08-06T16:00:55Z,SMQ9jIypeOA
$24 and now he's not living off paycheck by paycheck? BS,0,2021-08-06T13:14:31Z,SMQ9jIypeOA
"If you want to lose weight, I will recommend you to get a job at Amazon.",1,2021-08-05T16:19:05Z,SMQ9jIypeOA
damn amazon is fucken ass😂,0,2021-08-05T13:59:43Z,SMQ9jIypeOA
"If you don't like how Amazon operates it business find another job.  The only reason people come work there is because of the pay, and benefits it offers.  No other job will give you health insurance without a college degree or some kind of skill.  Amazon will hire you.  Just be thankful you have a job.",2,2021-08-05T08:00:39Z,SMQ9jIypeOA
Work like slaves and a lot of rules and regulations,0,2021-08-05T00:30:59Z,SMQ9jIypeOA
"Amazon promises to ‘change’…and look into the warehouses employees.  Meaning, replace with 🤖. 😂",0,2021-08-04T01:09:10Z,SMQ9jIypeOA
Lol dude its called work.. you look like you squat 25 pounds,0,2021-08-03T23:59:16Z,SMQ9jIypeOA
"Compare to most places where people takes numerous coffee breaks, long lunches not to mention coming in late for work & calling in sick every now & then this place is a model of exellence. I wish every work place is like this. Anerican workers are spoiled compared to workers from Japan & China.",0,2021-08-03T22:43:39Z,SMQ9jIypeOA
Try order picking at a Walmart distribution center makes Amazon look like nothing,0,2021-08-03T05:27:05Z,SMQ9jIypeOA
"I was going to work there to make more money until my wife schedule change and I was able to work on my day off at my day job where I make $36 an hour. Lucky Amazon didn't have the schedule I was trying to get. 
The problem people have is that Amazon makes it seem like they have every single thing your looking for. They might, but the facts are that companies small and big give Amazon their stuff which accounts to their warehouse growth. The company see it easier for them to give their items to Amazon, but Amazon sees it as a leg up to show customer's 'hey we have it in stock', where the main company could have shipped it themselves. Then Amazon doesn't pay local or federal taxes because they go to a under employed town or city and tell them 'we will hire 1000 of your citizens, but we won't pay taxes' and a lot of these cities give in because of growth. So when a fire truck comes to put out that fire, a cop catches a theft, or new streets are being built, those are being paid for by other hard working Americans and not by multi billion dollar company like Amazon. 
People really need to look other places to buy their stuff than just Amazon alone. Don't think because it's coming from Amazon that's the only place that has it readly available. There are dozens of stores in your area where you can pick up the same day to buy your stuff. People need to boycott Amazon entirely because of their low wage, none union workplace, and the work environment to make people work harder and faster like they are the very robots that they work next too. I use only Amazon Prime for their streaming service, and that's it.",0,2021-08-03T00:41:24Z,SMQ9jIypeOA
Stop buying from amazon,0,2021-08-02T21:51:07Z,SMQ9jIypeOA
Amazon is a walk in the park try working at the Walmart Distribution Center you’ll see what real work is like.,0,2021-08-02T13:54:03Z,SMQ9jIypeOA
Wait till you work on Amazon Customer Service...,0,2021-08-02T09:40:36Z,SMQ9jIypeOA
It's called Amazon because it's a frigging jungle inside there.,0,2021-08-02T04:47:25Z,SMQ9jIypeOA
"Half the people who watched this: O thank God I don't work for Amazon. 

It's not that great to be in a warehouse. If bezos could he'd go all automated anyways, fire all his employees and you'd STILL use Amazon.",0,2021-08-02T04:32:48Z,SMQ9jIypeOA
Yall babies....now get back to work,0,2021-08-02T04:05:23Z,SMQ9jIypeOA
"I've seen this same treatment at every factory I've worked at. That actually doesn't seem bad compared to my first two factory jobs. Not defending amazon, I'm just saying that they're the only ones getting this kind of attention even though this problem is persistent through factory labor jobs. Maybe Walmart is funding this whole blame amazon thing lol",35,2021-08-02T03:58:19Z,SMQ9jIypeOA
"As long as people want to live outside their means and buy shiny shit they don't need they'll be willing to do shit jobs like these to finance their materialistic habits and there'll be plenty of Jeff Bezos's to take advantage of them, I say people like this are just as greedy as Bezos, the only difference is industrialist's like Bezos have a brain. Live within your means and you won't be desperate enough to take slave jobs like these and you won't have tyrants like Bezos.",0,2021-08-02T03:13:16Z,SMQ9jIypeOA
You can tell most of the people in the comments have never worked a labor-intensive job. This isn't bad at all.,0,2021-08-01T16:51:04Z,SMQ9jIypeOA
"For people complaining about working for Amazon, just find other  jobs.  Most of us will never land in a dream job.  And people who complain need to be prepared when automation robots will replace the humans.",0,2021-08-01T16:31:41Z,SMQ9jIypeOA
"I hated working for Amazon. I quit after a month. when you’re body hurts just walking into the shower, you know something’s wrong. I couldn’t take a normal dump cuz I literally didn’t have enough time during that stupid 15 min break…using the restroom was considered your break. Screw Amazon.",42,2021-08-01T15:38:20Z,SMQ9jIypeOA
"I dont see what the big deal is. They work in a warehouse. Warehouse work ain't easy. Seems like this generation needs to grow a backbone. Everything ain't cupcakes and rainbows. 

""Some people need a space to go cry."" Wtf? Get back to work. Get a therapist if you wanna go cry.",0,2021-08-01T14:24:33Z,SMQ9jIypeOA
amazon warehouse is like the human rube goldberg machine of human suffering,1,2021-08-01T04:07:52Z,SMQ9jIypeOA
"Amazon paid for my cdl , & payed ma out after completing the program,
God bless bezos haha",1,2021-07-31T22:13:20Z,SMQ9jIypeOA
"I plan to work there 6 month whilst applying for an apprenticeship every week, doing courses. You need an out plan. And I have one, until then the money is very good.",1,2021-07-31T08:42:42Z,SMQ9jIypeOA
"In humane capitalism.

This is why Jeff Bezos quit …cause he don’t want to bear the burden of lawsuit that will come",1,2021-07-31T08:21:59Z,SMQ9jIypeOA
It’s PHYSICAL LABOR NON STOP and I feel bad for workers that Have METAL LABOR NON STOP there NEEDS TO BE A STRATEGY TO KEEP THE MIND AND BODY AT A 110% Efficiencies while getting the work finished and done 👏🏽,1,2021-07-31T07:13:41Z,SMQ9jIypeOA
Unionize Amazon.,0,2021-07-30T10:59:59Z,SMQ9jIypeOA
So yeah you make great money and get great benefits but in the end you start to lose your mental health? Now know why they're the only ones I see that are always hiring.,1,2021-07-30T05:50:42Z,SMQ9jIypeOA
Amazon workers need a union to stop all the abuse  and miss treatment of our warehouse workers we need the just as much as the drivers  jeff bezos have enough money to give this hole nation a million dollars and still be a billionaire and this is how he treats the ppl who make his company go round 😠😡😤,1,2021-07-29T22:29:37Z,SMQ9jIypeOA
"Amazon has been getting away with this for DECADES. Only unionization can correct this atrocity. Otherwise, Amazon will continue their China-style sweat shop practices.",1,2021-07-29T15:28:40Z,SMQ9jIypeOA
Breaking News! Amazon Employee who speaks out about Amazon on CNN Fired! They say it when you get hired that you are not to speak to the media if the occasion arises unless they say so. He “was” making 23$ an hour LOL,0,2021-07-29T08:45:47Z,SMQ9jIypeOA
Working there is shit.,2,2021-07-29T08:25:24Z,SMQ9jIypeOA
I worked here at 30 with a bad back and it's the easiest job I've ever had lmao. People are lazy as fuck these days.,1,2021-07-29T05:01:02Z,SMQ9jIypeOA
"What a slave shop. If you have to go cry in the bathroom or the corner, then it's not worth it. Your sanity and mental health are worth more than amazon. Seriously, ALL employees of amazon need to walk off the job at the same time. Bezos the Bozo will start rethinking what he's doing then. Personally, I think he should have to work in his own warehouse",1,2021-07-29T04:09:13Z,SMQ9jIypeOA
Sounds like cashiering at Walmart. You have a minimum amount of items scanned and if you don't make the cut you will lose your job. I was a good cashier and almost never had a line but I got coached multiple times because I wasn't scanning fast enough. It doesn't take into account the time it takes to get price checks or customers looking for coupons or money. It only shows that your productivity is too low. But people need to eat so they need to work and they're willing to do crappy jobs. My years working at Walmart and FedEx have made me a true believer in the need for unions.,4,2021-07-29T00:16:44Z,SMQ9jIypeOA
I got fired for missing my first day but I rescheduled it then they said I couldn’t come back until 90 days yes I’m snitching and it’s already hard to get in contact with hr and they be in the building,1,2021-07-28T23:12:18Z,SMQ9jIypeOA
"Bezos learned all these spy skills from Communist Countries. All of the Amazon Workers are being Abused and Controlled. While Bezos is galavanting around the Globe with his girlfriend Lauren. He's also buying up lots of properties - so he could become even richer. These ""cruel"" bosses have major emotional, psychological problems --- so they love being in control. Controlling people are out-of-control.",1,2021-07-28T22:31:55Z,SMQ9jIypeOA
You make 48k for a job with no degree requirements yet you complain🤪,2,2021-07-28T21:18:18Z,SMQ9jIypeOA
This isn't new PEOPLE! THIS HAS BEEN GOING ON FOR YEARS IN MANY WAREHOUSES OTHER THAN AMAZON ACROSS THE COUNTRY AND NOTHING CHANGES. IM SURE MOST OF THE WORKERS AREN'T PAID NEARLY $23/HR EITHER!,0,2021-07-28T14:52:44Z,SMQ9jIypeOA
You make 23 dollars an hour wow no way. I work for PepsiCo I make 22.55 an hour by three years I’ll make out my pay at 27.00 dollars an hour. Plus being union I’m not over worked. Amazon is slave work. Plus the benefits are great at PepsiCo,1,2021-07-28T14:06:49Z,SMQ9jIypeOA
Tku. I will work there!!!,0,2021-07-28T00:49:35Z,SMQ9jIypeOA
"Most warehouse jobs are much worse than this, and dont offer vending machines and pool tables and couches and microwaves and tvs and good pay and benefits. Just saying. Cant do hard work? Do something else.",0,2021-07-28T00:01:29Z,SMQ9jIypeOA
It’s worse in a plastic factory.  I guess some people can’t hack working.,0,2021-07-27T22:28:25Z,SMQ9jIypeOA
3:19 cause that’s healthy a work environment.,0,2021-07-27T18:43:18Z,SMQ9jIypeOA
"Almost every job is getting to be like this and it’s ridiculous. Humans need time to slow down a bit and feel comfortable, safe and in a healthy environment.  People can not be like robots.  Computers keeping track on every movement of a person is just wrong.  It makes you feel unmotivated and un valued.  People need sustainable wages also, very important. All for making someone unbelievably wealthy, is that really winning ? NOO.  That’s not a winning system.",2,2021-07-27T13:22:27Z,SMQ9jIypeOA
Stop your crying... little kids did harder work in harsher conditions and for hardly any money... and smoked a cigar while they did it during the industrial revolution.,0,2021-07-27T13:04:03Z,SMQ9jIypeOA
"If a job makes you have to go cry in a toilet stall every now n then to get by. They better be paying me 150 thousand a year at least. Idk that's just me. 
Dude said it like it was fine. 😂",1,2021-07-27T11:51:51Z,SMQ9jIypeOA
"If you're a fast scanner, the managers will abuse you! They move the slower workers somewhere that doesn't require scanning. Meanwhile, I had to scan 3-4k packages nonstop for 10hr straight. By 6 months of working there, I had a back injury and had to be on workers comp! The worst part is most of the workers scan slow on purpose because they don;t want to be top 10 in the warehouse. That's a recipe to disaster and injury",0,2021-07-27T06:57:15Z,SMQ9jIypeOA
"There's shitty jobs, i use to wash dishes for a year, then work at a chinese restaurant for a year. Point being, learn fast and keep moving up to a better job or position",2,2021-07-27T05:46:52Z,SMQ9jIypeOA
The only person who’s profiting!!  The OWNER!!  The person who thanked Amazon employees for paying for his space flight!!  What a selfish person who doesn’t have too Scan in his wasteful seconds!!!,0,2021-07-27T03:27:48Z,SMQ9jIypeOA
"Every job now a days is like this! Metrics, Productivity! Working has become a nightmare! Call Centers are a perfect example!",11,2021-07-26T23:16:49Z,SMQ9jIypeOA
Only thing left for amazon to do is to crack the wip....,2,2021-07-26T15:15:26Z,SMQ9jIypeOA
Target warehouse is just as bad,0,2021-07-26T13:42:42Z,SMQ9jIypeOA
"Damn, I have a few good stories about working at Amazon which eventually made me quit!",0,2021-07-26T03:43:36Z,SMQ9jIypeOA
Try a job at the Coal Mines or Oil Rigs... something actually hard,1,2021-07-26T00:51:57Z,SMQ9jIypeOA
You working for a company that’s one of the riches in the world and YOU JUST STARTED GETTING PAID 23 an hour??? Like that’s so low.. which means he must had been getting paid like 14 or 15 dollars before he got a promotion to snitch!,1,2021-07-26T00:18:55Z,SMQ9jIypeOA
Imagine these kids working 84+ house a week in the oil field. They would not make it.,0,2021-07-25T23:54:52Z,SMQ9jIypeOA
Working for Amazon sounds like it blows.,0,2021-07-25T23:26:00Z,SMQ9jIypeOA
"The corporate-freeloader class has your every motion comodified, in order to extract as much wealth out of your hard labor as possible. Thats capitalism",0,2021-07-25T22:58:28Z,SMQ9jIypeOA
Those warehouse workers need higher pay and we’re generous break times. Only young healthy people can do that work. It will definitely take its toll in their bodies.,0,2021-07-25T22:12:32Z,SMQ9jIypeOA
"Wow, Amazon really tracks your every move",1,2021-07-25T21:11:44Z,SMQ9jIypeOA
"Even though I shop on Amazon frequently, this company is like others a profit driven campaign with the use of humans footing the bill physically. Amazon would not exist with the man/woman power. If only ignorant American's would understand that PEOPLE HAVE THE POWER. If we stop making these giants, giants they would fail time over. They need to pay people more and I think large corps should implement turn-over release goals. This gives people time to work at company for so long then after a contract period release them. If they decide to stay there, its is voluntary.",0,2021-07-25T20:30:37Z,SMQ9jIypeOA
"I bust my butt everyday for a lot less than 23 an hour. 23 an hour is NOT a slave wage. Everyone is stressed right now, just be thankful you have a job that pays well.",0,2021-07-25T17:16:33Z,SMQ9jIypeOA
What a great place to work send you kids👍🏾👍🏾,0,2021-07-25T16:27:47Z,SMQ9jIypeOA
Ok Amazon not the only place hiring yal need to leave Amazon alone. Period.!!!,0,2021-07-25T16:13:45Z,SMQ9jIypeOA
Absolutely not one ounce of sympathy. Sounds line he works approx 36 hrs per week and live a good life due to the job Amazon provides. Too many people simply dont want to put the work in to make a life for themselves. Where did anyone ever say because you were born in America you get a job that's easy and doesnt inclusive effort. Lol.. I've worked 100plus hour work weeks to provide and I never complained....just grateful my family is taken care of.,2,2021-07-25T01:50:40Z,SMQ9jIypeOA
"Sounds like working at ups at first, except more time and less intense, but it still wears you down. Fuck ups.",0,2021-07-24T21:16:57Z,SMQ9jIypeOA
$23 and hour?! Some registered nursing jobs in my area only pay $19 an hour.,0,2021-07-24T19:27:27Z,SMQ9jIypeOA
"Cry me a river kid, try construction. Sorry, this is silly. If you don't like it, don't work for them. Working class people deal with way, way, way more bodily strain than this every single day.",0,2021-07-24T17:54:16Z,SMQ9jIypeOA
"Audience: That's despicable!

Also the Audience: I ordered my new toaster 12 hours ago and it's still not here! 2 stars.",24,2021-07-24T17:42:16Z,SMQ9jIypeOA
Well at least Jeff Bezos got to go to space off of your hard work. You should be proud that you did that for him.,1,2021-07-24T17:39:16Z,SMQ9jIypeOA
Work at Toyota that’s worse 12 hour shifts 6days a week harder & hotter conditions,1,2021-07-24T16:42:56Z,SMQ9jIypeOA
If you can’t handle working there your a bitch bro that’s a blessing man I’d kill to work there,0,2021-07-24T16:42:25Z,SMQ9jIypeOA
Soon Amazon will only employ meth heads.,0,2021-07-24T16:41:44Z,SMQ9jIypeOA
"Amazon sounds like a last resort type of job.  Even the management endorsed expectations of employee turnover describe a work culture that has little regard for their employees.  For myself, I hope I never reach a point where I would consider working there.
https://www.youtube.com/watch?v=RYhbbvRWoCg",0,2021-07-24T15:46:07Z,SMQ9jIypeOA
"WORK TO LIVE... 
NOT
LIVE TO WORK 

NOBODY SHOULD BE WORKIKG 13-14HRS SHIFTS",0,2021-07-24T09:30:52Z,SMQ9jIypeOA
There are so many jobs that have the same system!!!  Vans and 7-11 companies Amazon aren’t the only ones,0,2021-07-23T23:05:51Z,SMQ9jIypeOA
Close Amazon warehouses so people can go back to work at Macdonalds. I'm sure they'll like that better.,1,2021-07-23T19:24:59Z,SMQ9jIypeOA
"That's why you don't buy from Amazon, kids.",0,2021-07-23T17:27:36Z,SMQ9jIypeOA
"3 12 hour shifts that’s all when I was with union SEIU  we were forced to work  7 12  and 7 16 hour shifts daily you could not argue with the union when you did they just fire you or they would purposely put you at a job site 100 miles away knowing there was no way in hell you can make 200 mile round-trip  so Amazon  
Employees be very very very very very very careful when you claim you want union rights because unions are not what people claim they are.",1,2021-07-23T15:32:41Z,SMQ9jIypeOA
"Not an easy job but as a faithful Amazon customer I appreciate the work you do.  If that means a modest rise in prices, it won't affect my decision to use Amazon for just about everything.",1,2021-07-23T09:43:38Z,SMQ9jIypeOA
"Amazon is a company who don’t treat employees with decent pay, or decent benefit.  Jeff Bezos created that environment.",0,2021-07-22T22:39:41Z,SMQ9jIypeOA
But Jeff bezo can give a 100milion to doofus vandickjones and chefwetback but can't give his worker a raise or upgrade Amazon's infustructure to make it easier on the workers .,0,2021-07-22T16:48:28Z,SMQ9jIypeOA
"I guess Amazon held a gun on you and made you go to work for them, grow up!!!!",1,2021-07-22T13:29:46Z,SMQ9jIypeOA
It's called working you lazy a##,1,2021-07-22T13:28:17Z,SMQ9jIypeOA
"That sounds like... a warehouse job. When I worked at a warehouse in Baltimore, this is exactly the level of performance you were expected to provide - you just didn't have a computer calculating it all the time. Instead of robots driving around, you had forklifts, which would kill you just as dead if they hit you. We did have a union, but not so you'd really notice; the union primarily made sure that the people with seniority were the first to get promoted and the last to get laid off, and that every single person paid their union dues. 

And yes, it sucked, but the pay was great if you could hack it. Which I myself could not; I burned out on it after a month or two and left to work office security, so I could sit on my arse all day looking at people's ID cards and nodding. It paid about the same and had slightly better benefits, but there was no union, so I got to keep all the money... instead of paying every month for the ""privilege"" of getting promoted without deserving it, if I stayed on the job long enough.",3,2021-07-22T09:29:19Z,SMQ9jIypeOA
The Amazon warehouse I work for is nothing like this. If I need to go to the bathroom I just go as long as I’m not gone for say like 30 minutes no one gives a shit. If I anyone is gone for that long they’ll ask if they are ok and if they aren’t they let them go home without repercussion. Yes there is a TOT thing but managers make sure you don’t get flagged for it. The only thing they kinda get pissy about it taking extra time on breaks. I get that because we work 4 on 3 off 10 hour shifts and we get two 20 minute breaks and a 30 minute lunch now I’m not a fan of 30 minute lunches but then again it’s 4 on 3 off so what’s there to bitch about. Now maybe I just happen to have to good warehouse with good management that’s just been my experience.,1,2021-07-22T04:46:39Z,SMQ9jIypeOA
So is every other warehouse on earth.,0,2021-07-21T14:42:52Z,SMQ9jIypeOA
Well crap if you don't like working there then don't,0,2021-07-21T12:01:09Z,SMQ9jIypeOA
This kid is going to have a long hard life in front of him to think that it is early 20s it’s so horrible to work a 12 hour day.,0,2021-07-21T10:27:02Z,SMQ9jIypeOA
He just pissed a lot of floor workers off telling his wage lol,0,2021-07-20T22:25:59Z,SMQ9jIypeOA
Quit crying. Geez..,0,2021-07-20T21:28:01Z,SMQ9jIypeOA
8 mins bathroom break but that includes the walking time to the bathroom??? THAT'S CRAZY!!!,2,2021-07-20T17:44:01Z,SMQ9jIypeOA
A lot of my family works at Amazon and they love it because they went in with no skill and got paid very great. There are some cons to the job but that’s every job. However they love it and they’re making a lot of money,0,2021-07-20T16:43:11Z,SMQ9jIypeOA
"Efficiency and productivity have sky rocketed. Yet wages of workers picking up more of the work is stagnant, while ignorant billionaires keep giving them self more money while patting themselves on the back with a “trip to space.”",0,2021-07-20T12:35:12Z,SMQ9jIypeOA
This sounds terrible. When did work be come something you had to be constantly doing instead of somewhere you spent your time??,0,2021-07-20T12:33:40Z,SMQ9jIypeOA
He didn't even mention all the atrocities of the warehouse. Those who work in trucks are given lanes with yellow fans meant to insulate and give a 'breeze' of 'cool' air for the overheated trucks. Those fans reach around 8-10 feet of the almost 80 foot trailers. All the billions of dollars made arent going towards that,0,2021-07-20T10:06:50Z,SMQ9jIypeOA
Everyone I know who worked there absolutely hated it.,2,2021-07-19T21:39:17Z,SMQ9jIypeOA
"The very first day I worked in a moving warehouse I worked from 8am till 1am in the morning! The first day! It sucked a Donkey. You know what I did? I got up the next morning and went back because I had to! Life sucks sometimes, Stop complaining and work until you’re able to get something better. Life “AIN’T BOUT EASY!”",0,2021-07-19T20:22:56Z,SMQ9jIypeOA
I've worked a 26 hour shift doing retail inventory before and I wasn't half as tired as my first 12 hour shift at Amazon it is brutal I can't believe the labor that they make people do is legal.,155,2021-07-19T17:51:31Z,SMQ9jIypeOA
You do realize they have Amazon drivers pissing in Gatorade bottles right? Welcome to the conspiracy news network,0,2021-07-19T03:45:55Z,SMQ9jIypeOA
"Amazon sponsored and clouded to get Biden elected. Yeah don't expect him to make Amazon change anything 🤣🤣 it's ok, if Americans don't like working like slaves for minimum wages, they now have plenty of illegal immigrants willing to do the job.

You just go live on government welfare 🤣 let's see how long that lasts",0,2021-07-19T02:52:07Z,SMQ9jIypeOA
"I get that Amazon is the devil, but he described every job I had till I was 30. My current schedule is actually 3-12 hr days right now 😂 That 4 day weekend is worth it. The automated “firing process” is a much bigger issue I think.",2,2021-07-19T01:47:25Z,SMQ9jIypeOA
How can I work at Amazon ?,0,2021-07-19T01:27:36Z,SMQ9jIypeOA
"I’ve ordered from Amazon approximately two times. I haven’t ordered from them in years. After I found out, I made a commitment. I hate Amazon. Consumerism is God so it’ll will never happen but the world should boycott Amazon. This would change over night if everyone just stopped ordering. Just one day is all it would take.",2,2021-07-17T14:28:33Z,SMQ9jIypeOA
CNN or fox? I wonder how true this is. Have you seen Amazon's advertising campaigns?,0,2021-07-16T20:43:16Z,SMQ9jIypeOA
"Awww poor baby, you have to work 12's, and your little knees and back hurt. Welcome to the real world, welcome to life youngster, get used to it, and stop crying about it. Do your job and go home to your family, or, your goldfish, whatever.",0,2021-07-16T15:22:30Z,SMQ9jIypeOA
They not strict on cannabis I smoke on my break feel like I can work 10 more hours then when I smoke at work I don't get high nope reset my body like I'm ready to clock in for another 10,0,2021-07-16T15:14:13Z,SMQ9jIypeOA
Im curious how much Amazon paid him to say that I'm sure they wrote it out for him to say amazon is a horrible company I even watched a video of how life is for Amazon delivery drivers and DSP this company is cut throat and they don't care a multi billion dollar cooperation who only cares about the daily income they make instead of making sure thier work facility are safe instead of hearing about people claims about unsafe work condition,0,2021-07-16T11:15:45Z,SMQ9jIypeOA
"*In other parts of America:* 
_Migrant workers keeping their heads down and working incredibly hard without saying a word. Here’s to migrant workers getting a “thank you” as opposed to what people dish out at them on a daily basis._",0,2021-07-16T11:13:01Z,SMQ9jIypeOA
"Have you read Amazon now wants to be the world's best employer and wants to change?  Keep in mind it's always about the bottom line, never you.  Reason being is that in order to reach expansion goals they are going to run out of people to hire with a 150% turnover rate. It has nothing to do with 'they care' like Chewy who will also break your back for profit.  So i'm interested to see what happens as I have a long work history and everytime I hear about positive changes it's all 'feel good' talk and little action.  Or future promises that never come to fruition.  With how fast word spreads on the internet these days I suspect they might actually be forced to improve in ways.  I suspect they will drag everyone along with minor improvements and big talk until the perfect robot shows up and you'll be out of the door faster than you can pack 1 box.  However, these people have to be thinking who's going to buy their crap if they crash the economy going full auto.  I have dire thoughts.  One positive is they could go to universal income since money is created out of thin air anyway.  Another is all those at that top will just cash out and there wont be an Amazon anymore. Or anything else.  And what you see going on in S Africa is our future.  Not to mention all the other crap going on in the world.  The stance towards China isnt going to help, nor is all this great reset covid passport crap. Oh well, work while you can do whatever you can while you can.  I think we're in for a bumpy ride.",0,2021-07-16T04:35:17Z,SMQ9jIypeOA
"3 , 12 hour shifts in a warehouse??? Try 28 days of 14s and 2 Days off to reset your logs on the oil rigs Nancy ... piss in a bottle, pipe stopes for nobody lol",0,2021-07-15T19:08:24Z,SMQ9jIypeOA
Might get shot by a furry any day...to communists working equals slavery.,0,2021-07-15T10:13:44Z,SMQ9jIypeOA
"Pray ?? Amazon wont allow.  
They fire as soon as hire",0,2021-07-15T06:51:10Z,SMQ9jIypeOA
"Yet Bezos pays less in percentage of income tax than all of these workers, individually. Let that sink in.",13,2021-07-14T21:34:34Z,SMQ9jIypeOA
Every construction worker is rolling their eyes,0,2021-07-14T19:55:49Z,SMQ9jIypeOA
FUcking breaks should never be counted from the instant you stop working. Being on a break isnt walking from a work area to the break room. The company sure as fuck doesnt start paying you from the time you leave your front door in the morning to go to work so why would they consider it reasonable to judge your break time from the instant you stop your most recent task.,1,2021-07-14T12:19:05Z,SMQ9jIypeOA
A twelve-hour shift?  Good grieft!,0,2021-07-13T21:56:28Z,SMQ9jIypeOA
Try dragging a fire fire hoses full of mud to pump out a flooded field so Helix Electric could do their underground trench work.Rubber boots coming off feet from the knee height mud.Lungs burning from the cardio it took on your body.And for 9 an hour.Days on end to pump out a hole flooded field.,1,2021-07-13T20:19:54Z,SMQ9jIypeOA
Jeff Bezos should have to work his job… just one day.,2,2021-07-13T17:44:46Z,SMQ9jIypeOA
"So it sucks just like any other job one hates. 

Do one on what it like to be a nurse or doctor",1,2021-07-13T15:39:34Z,SMQ9jIypeOA
"Welcome, it's called a job. Get used to it",0,2021-07-13T14:28:10Z,SMQ9jIypeOA
Struggling to find work and struggling at work is two different things.,0,2021-07-13T14:00:22Z,SMQ9jIypeOA
Naw in reality Amazon worker lazy.. Spoiled kid and Adult crying 😢 Best Warehouse job compared to others....,0,2021-07-13T01:08:03Z,SMQ9jIypeOA
damn! Amazon making sure it gets it s moneys worth from your ass.,0,2021-07-13T00:24:24Z,SMQ9jIypeOA
Why are people crying on the job making and delivering boxes?  The fact that this is now normal is a fucking problem.  I deal with WAY more emotionally demanding job but I have never cried on the job.  Amazon independent contractors and all the rest they try to use legal bullshit to try and get around need to unionize to make working conditions better.,0,2021-07-12T19:54:07Z,SMQ9jIypeOA
Stop crying or quit your job. Entitled ass kids,0,2021-07-12T06:19:11Z,SMQ9jIypeOA
"*It’s fascinating how migrant workers keep their heads down and work, while Americans constantly complain about standing to much or working too hard.* If these people would only walk a mile in my father and grandfather’s shoes then maybe they would see the world a little bit differently.  
Peace and love to everyone from Houston, TX. 
❤️🧘🏻‍♀️",2,2021-07-11T23:43:18Z,SMQ9jIypeOA
"It's crazy how fast they make them work. But at the same time, I keep getting packages 1 day after I order them so... 🤷🏿‍♂️🤣",1,2021-07-11T22:23:42Z,SMQ9jIypeOA
Bezo's new commercials with the deaf guy and now the woman promoting black owned  bussinesses is a pathetic PR ploy to divert his Walmart style of treating his workers and maximising his insane wealth. He is the warden of the capitalist America prison camp of the 99%!!! 👎💻👹💰,0,2021-07-11T17:21:25Z,SMQ9jIypeOA
Don't work for China.,0,2021-07-11T12:38:39Z,SMQ9jIypeOA
I left may and I didn’t go back I was working 12 hours #amazon use the people as they are #slave not as human,1,2021-07-11T06:59:24Z,SMQ9jIypeOA
This generation is so weak. They would have never made it working 12 hour days in the coal mines and steel mills.,0,2021-07-11T01:12:52Z,SMQ9jIypeOA
"Fuck Amazon they hired me and it’s been a month since orientation amd they won’t tell me if I actually have a job or not because I’m a non violent felon. They say they have the right to wait to decide my employment status. Like wtf is that I that, they say I’m hired amd that my felony won’t matter then drag me along for weeks while I’m not being paid or looking for work because I’m assuming I’m starting soon. When I call I get no useful info except they tell me to call amd dispute the background but check. Which makes no sense because the background check is correct so I don’t need to dispute it. A whole mess just to start working amd weeks and weeks and waiting without pay. No thanks I’ll DoorDash",0,2021-07-10T18:37:15Z,SMQ9jIypeOA
Seeing this makes me appreciate working construction,2,2021-07-10T16:43:42Z,SMQ9jIypeOA
Believe me I feel your pain working for UPS 20 years. Actually Amazon is way worse. Maybe when Bezos goes into Space he'll stay there.,0,2021-07-10T15:24:32Z,SMQ9jIypeOA
Did he have to work 3 12 hours shifts....oh no. Bless his little heart.,0,2021-07-10T00:16:44Z,SMQ9jIypeOA
"So it's like a gym membership combined with a tour of duty - after a while, you only stay because you don't want to let your buddies down. I had that feeling while working at McDonald's loooong ago - and stayed long enough to get fired (not my fault of course ;) ). Like many entry level jobs - it's not designed to keep you employed thru retirement. Most employers who rely on human labor don't want you around after a couple of years - because they have nowhere to promote you (there's only so much space in the green room), and they know you're going to get frustrated and unproductive. In the beginning, they pump you full of visions of promotions into middle management - the sky's the limit! But after a while, you realize you're chasing your tail - since they can't pay you $40/hr for loading boxes (when someone is willing to do it for $15), you figure out a way to make a living some easier way (usually somewhere else). Is it right? hmmmm in our system, yes :( Many say they're willing to pay an extra 25% to buy from a unionized retailer, blah blah blah, but in the end - when Prime day rolls around, and that purse or video card you want is listed at half price, people sell out in a hot second. To change this, you have to impose tariffs and unionization across the board. You can do this in a country the size of Denmark - but not in a behemoth Federal system like the US. I have no answer, other than - we need to create more semi-skilled jobs in the mid-tires (high-tech manufacturing and service sectors, trades, real salaries for care givers, etc.).",0,2021-07-10T00:09:17Z,SMQ9jIypeOA
"Why is everyone complaining about how horrible Amazon is? You aren't forced to work there. If you don't like it, go work somewhere else.",0,2021-07-09T23:01:47Z,SMQ9jIypeOA
The “TOT” thing would drive me bananas 🍌. Now I feel bad I buy a lot of stuff on Amazon. Sorry kids.,4,2021-07-09T19:50:41Z,SMQ9jIypeOA
"I agree that companies need to be policed more on employment issues. I worked for a U.S. satellite TV company's tech support center where number of calls per hour were the only matrix look at. 1st line employees were attached to the desk via headset and could not leave, the company allowed bathroom breaks but you still had to take a set number of calls per hour in. Team mates would put in catheters and a bag so they didnt have to leave. The worse part is people calling in do not know why we worked fast and often thought we did not care but truth is if we wanted to be paid we had to take 52 calls per hour. On average just over a minute per caller and if you were ""underproduction"" you would get a reprimand or fired.",0,2021-07-09T17:05:18Z,SMQ9jIypeOA
"When people say billionaires worked hard to earn their money, this is what it actually means.",0,2021-07-09T12:35:10Z,SMQ9jIypeOA
YOUR JOB SHOULD NOT MAKE YOU SO UPSET THAT YOU NEED TO GO INTO A BATHROOM AND CRY. PERIOD.,2,2021-07-08T21:05:18Z,SMQ9jIypeOA
I have worked in an Amazon Warehouse for a Month here in India and it's even worst than USA here.,0,2021-07-08T18:54:58Z,SMQ9jIypeOA
This guy complaining about hard warehouse work is why more and more jobs are getting automated. lol,1,2021-07-08T16:13:25Z,SMQ9jIypeOA
Barona Casino is worst than Amazon. Your under Sovereign Nation laws. They can treat you anyway they want.,0,2021-07-08T15:50:32Z,SMQ9jIypeOA
No wonder he’s worth 219 billion dollars 💵 he works people like a robot 🤖,0,2021-07-08T07:31:48Z,SMQ9jIypeOA
"8 minutes for bathroom? When I worked at Amazon, we had 0 minutes for our bathroom breaks.",0,2021-07-07T23:08:54Z,SMQ9jIypeOA
Everybody should just quit Amazon which would force better working conditions,2,2021-07-07T22:49:00Z,SMQ9jIypeOA
Cry me a river there’s much harder jobs out there than working at Amazon trust me,0,2021-07-07T21:35:05Z,SMQ9jIypeOA
"When I was 15, I made 16 an hour. I'm 42. 

Life was so much better back then. My body was too. I've cancelled my prime membership,  I do not order from Amazon anymore.  

D.M.",0,2021-07-07T20:37:41Z,SMQ9jIypeOA
I’d like to get a job there just to see how long it would take to get fired,0,2021-07-07T20:34:26Z,SMQ9jIypeOA
"Go work construction, lay some block climb some electrical poles use a shovel for a day and then tell me how bad you have it at your jungle store",0,2021-07-07T19:33:40Z,SMQ9jIypeOA
Amazon literally work their employees to the point of exhaustion. They use algorithms to calculate how hard to push workers.,10,2021-07-07T18:33:29Z,SMQ9jIypeOA
Jeff bezo: stfu kid. Be happy you have a job  at 23hr. People are fighting for 15!.,0,2021-07-07T14:55:54Z,SMQ9jIypeOA
Quit and shut up.,0,2021-07-07T14:32:00Z,SMQ9jIypeOA
Sweatshop!!  Only promise change when they are outed!!!  Shame on you Amazon!!!,0,2021-07-07T14:14:44Z,SMQ9jIypeOA
Lol I work there and I’ve seen this guy before,1,2021-07-07T06:18:56Z,SMQ9jIypeOA
I love throwing amazon boxes around whenever i load them up and that sticky tape that they use to hold the box together is a joke 🤣. I laugh at people that order stuffs from amazon and expect them to be deliver nice and neat.,0,2021-07-06T18:05:22Z,SMQ9jIypeOA
Amazon sounds like the modern day slave master.,0,2021-07-06T13:47:00Z,SMQ9jIypeOA
One time I had a 14 hour shift as a driver,0,2021-07-06T13:03:34Z,SMQ9jIypeOA
I grew up pouring concrete so I think a lot of us started jobs doing real work- it’s called growing up,1,2021-07-06T12:12:28Z,SMQ9jIypeOA
What is working for CNN like?,0,2021-07-06T10:44:01Z,SMQ9jIypeOA
"I'm skeptical... T3 (the promotion for entry level T1 since T2 is gone) is like $19 to $21.25 iirc from Amazon's last announcement after a $1.40 raise earlier this year. Unless you are RME, you are either a T1 or an old T2 AFM working on the robotic floor. A T3 would be a PA or would be something like a learning trainer teaching amnesty or the quarter back. No one actually teaches people to stay away from the robots outside of 2nd day ""safety school"" training. Regular employees aren't allowed to interact with the robotics except for very specific ways. The robotic floors are sensored and locked down requiring a SRBRS (short range broadcast RF system) vest which disable robots within a specific distance and severely limits their speed at much greater distances. If you are in danger of getting hit by a robot then you are up for a darwin award because you've done many idiotic moves and violated a lot of policy. 
.
Disclosure, I have my MBA in spatial analytics and spent a lot of time and money earning my degrees. For some kid out of high school to get a $20/hr job within a couple years that earns them $50k per year including all the MET/VET, then I don't really think too poorly of Amazon. 
.
Is it a tough job? Yes. Does Amazon pay for tuition after 1 year which allows you to time your 4 year degree up with an L5 promotion? Yes it does. Will Amazon pay for you to be trained to be in RME and get more money? yes. Can you get onto an away team and get paid to see the country? yes.
.
Moral of the story is that it's a place where if you work hard you can rise up quickly because so many just don't. You'll hear a lot of talk about T-O-T and rates, but what you don't hear is that the rates are only difficult for disabled people (whom aren't rated the same) and your PA can clear any TOT issues with a simple explanation. It's quite easy to differentiate yourself from others at Amazon which is why this kid likely jumped straight into an L4 AM position (just guessing by his pay scale) and is managing people. When I graduated HS the minimum wage was $7.50 per hour and I worked 12hr days on a damn tree farm getting my OT stolen from me while lifting Christmas trees during the recession for little to no tips. Yeah rent has jumped up 30%, but it is so much easier to make money these days. 
.
FYI, walk into any FC or Sort facility and you'll see over half the people there are obese... I'm nearly 10 years older, walk from department to department which comes out to 15 miles per shift, and I don't have to eat religiously like this kid does. All I do is put some soft tape on the outside of my big toe for blisters and take an aleve at sos. My desk doesn't even have a chair, I'm constantly typing up reports and tickets, and my AGM loves to hover. When all the kids take their PTO and UPT and leave mid shift, which we constantly have 20-30% of sos staff do, I even help induct packages. It's actually a fun work environment compared to my last ""office"" job.",0,2021-07-06T09:22:05Z,SMQ9jIypeOA
People have had to work hard for eon's. $23 an hour is a damn good wage. It may not seem fair but McDonald's is always hiring.,1,2021-07-06T03:49:53Z,SMQ9jIypeOA
Can we all just stop buying shit from Amazon,1,2021-07-06T02:52:14Z,SMQ9jIypeOA
Warehouse work is awful.  Just repetitive work and little pay.,0,2021-07-05T19:36:41Z,SMQ9jIypeOA
"I lasted 10 weeks as a temp and I lived 14 miles away,same as my previous job. This was at their Chattanooga Tennessee fulfillment center. The guy ahead of me at the employment agency was hired and was moving his family and entire life from Tampa to Chattanooga...and I'm sure he didn't last any longer than I did!",26,2021-07-05T18:37:06Z,SMQ9jIypeOA
"Hi thank you so much for sharing your story with us. I wish I saw this video three years ago. 

I don’t regret Amazon because it paid me weekly. But it ruined my hair, my face, and has damaged my body. My hair used to be long but it’s breaking off. My skin used to have a glow but since I worked night shifts it damaged my face. They fired me at the end of May because I was out sick. I know you posted this video three years ago but I hope you’re doing well now and thriving 🙏🏽❤️",0,2025-06-17T22:26:49Z,5DZlA-j__5E
Fuck Amazon I still work here sad to say,0,2025-06-05T09:27:50Z,5DZlA-j__5E
Bra this shh is so funny im at Amazon rn,0,2025-02-27T03:46:55Z,5DZlA-j__5E
When you get a job the same day or the next day that should be the first red flag,3,2025-01-24T02:05:08Z,5DZlA-j__5E
😂😂 not u hearing the sounds in your dreams. They always change the schedule overnight when u are sleep. They will add an hour to the beginning of shift,0,2025-01-07T16:35:38Z,5DZlA-j__5E
It’s actually illegal working off the clock in New York State anyway and I worked for Amazon for a year and I quit there and it was the best thing that I did. It’s like working in Nazi Germany.,1,2025-01-07T05:36:49Z,5DZlA-j__5E
"I star next week, I pretty much know how warehouse jobs can be. I’m just trying to get in a few months to get me a car and I’m out ✌🏽",0,2025-01-04T22:30:11Z,5DZlA-j__5E
Yeah fuck Amazon,1,2024-12-31T13:55:59Z,5DZlA-j__5E
Amazon is Draining overall i am sick of it.,3,2024-12-30T07:12:17Z,5DZlA-j__5E
100% accurate,1,2024-12-18T09:57:02Z,5DZlA-j__5E
"The words been out on amazon they have no interest in retaining long term employees, its actually their opinion that employees only get qorse over time so they would rather work you for 3 years and then hand you a severance. No bs",0,2024-11-07T19:36:37Z,5DZlA-j__5E
"I walked off a factory job my first day mid shift.  I didnt bring much of a lunch, and the hiring agency didnt really prepare me for how physical it would be.  Now mind you I could run a mile in about 5 minutes was in great shape, could drop and give you 50.  Ive always been able to bang out 10 proper pull ups.  Never been so embarrassed but my arms literally gave out on me, everyone else in the factory looked like they were doing easy jobs.  Its like my first day you make the new guy do the hardest job.  Im a journeyman carpenter now and I do some crazy ass shit thats arguably way harder.  But i didnt think they gave me a fair shake by making me try to handle the job i was on my first day.",0,2024-11-05T22:43:52Z,5DZlA-j__5E
Amazon warehouses are basically  adult sweatshops.,5,2024-11-05T17:16:01Z,5DZlA-j__5E
I worked there for 16 months honestly it wasnt bad at all if you like to stay busy and work. But yea the 30 miniute break period for a 10 hour shift is pretty wild especially when the shit is packed full of people,0,2024-11-05T17:02:36Z,5DZlA-j__5E
SCAMAZON!,2,2024-11-05T11:33:49Z,5DZlA-j__5E
"Bro had the easiest job in the whole warehouse and he’s still complaining, what a loser",0,2024-11-05T00:02:10Z,5DZlA-j__5E
I've been shopping on Amazon for years now and I pay good money to get my stuff. Stop complaining and get back to work slave.,0,2024-11-04T21:34:32Z,5DZlA-j__5E
"I imagine working for amazon is shit, but you sound like a baby back bitch",0,2024-11-04T20:23:54Z,5DZlA-j__5E
This warehouse jobs all wanna work you until you drop they all want mandatory overtime and they get mad if don’t stay,0,2024-11-03T21:44:12Z,5DZlA-j__5E
"I worked for UPS and we couldn’t leave until last package was off the belt and loaded onto the truck if your a loader, same goes for unloading, you’re off when truck is empty. Honestly sounds as if you just didn’t want to work there",0,2024-11-03T15:53:21Z,5DZlA-j__5E
"Sub 600. Hope you foind a job. As a fellowAmazon worker,  I feel your pain. I  can write so much more about how crappy they are.   

I absolutely hate Amazon but unfortunately I'm poor and I can get good deals there plus they deliver. I have health problems now so I haven't worked in like 2 years. Amazon is convenient like you said and it helps me save money. Almost every store in my town closed down so I really don't have any options",0,2024-11-03T10:57:05Z,5DZlA-j__5E
Combined I worked at Amazon for about a year and I can leave a thousand comments on all the nonsense you have to put up with working there.,0,2024-11-03T10:50:48Z,5DZlA-j__5E
The best part about working at Amazon is after all the bull crap you have to put up with there would be money missing from our checks. It could be anywhere from 50 to $150. This was happening every week and went on for almost 2 months. Even after I stopped working there I didn't get the money. Amazon owed me almost 2 weeks wages. About 5 years down the road I got a check from them for about a fraction of what they owed me. This happened to hundreds of people. They were also big into hiring illegal aliens. All of them spoke Spanish and I got to be buddies with them. They had told me they had been working there for weeks and gotten nothing in pay but were kept being told they would eventually get their paycheck and not to quit or they would lose the job. One day we walked into work and all the illegals were gone.,0,2024-11-03T10:50:11Z,5DZlA-j__5E
"The work quote is at Amazon are there because the Amazon employees hire through the company we called them blue badges, temps are green badges, when the quote is met the blue badges get a bonus at the end of the week. The temps do the majority of the work while the full-time employees get a weekly bonus",0,2024-11-03T10:46:16Z,5DZlA-j__5E
"I worked at Amazon in 2008 and in 2009. It's as bad as he is saying and worse the bathroom and lunch area is on one side of the building and they would have us meeting after break on the complete opposite side of the building. You seriously had 10 minutes to heat up your food eat it use the bathroom. Only thing was there was two microwaves for 200 people to use. There was only one bathroom. We would not only get hit with mandatory overtime but they would also do mandatory time off. So you would go to work expecting to work a full shift and after a few hours they would send you home. There were weeks I would work 10 hours expecting to work 38.

Amazon monitors everything you do and say. The one time I had to go for a crap after lunch I was away from my workstation for 15 minutes. When I came out of the bathroom my manager was waiting outside for me and asked me why I was in the bathroom so long. I was legitimately taking a dump. He told me I need to take bathroom breaks either during my lunch break or my other brakes. I explained to him even with the bathroom breaks I take I still make my numbers so what does it matter how long I'm gone if I make in the quota.

And about that quota. The vast majority of Amazon employees are temps so they don't get benefits. Those quotas are there because if they're met the people actually hire through Amazon get a bonus at the end of the week. The Temps don't get any of that money. So you have a place where 90% of the workers are temps doing the work that creates a bonus and the 10% of Amazon employees get the money. That's why management is always up your butt about quotas and micromanaging everything you do",2,2024-11-03T10:45:16Z,5DZlA-j__5E
Long story short this waste of life couldnt hack 4 days at a real job.,1,2024-11-03T07:42:50Z,5DZlA-j__5E
"Honestly. Csnt relate doood. You show up. Do the work and leave. If that means an extra hour, or extra work in general. I just do it.. you know why? Its not hecause im a slave its bevause im not a little btch. I wouldnt ever work those hours with a wife or kids. Jusging by your skateboards and face tattoos... Youre already an idiot.",0,2024-11-03T07:37:30Z,5DZlA-j__5E
Lazy white man quits jobs goes on youtube and complains,0,2024-11-03T02:36:31Z,5DZlA-j__5E
"I tried this type of job. worked 6month...in that environment I thinked  better in hell, than stay here for longer also money isn't good as well.",2,2024-11-02T22:42:36Z,5DZlA-j__5E
Your face tattoos will ensure that you work awful jobs the rest of your life. Im sure its a small price to pay to look so cool!😂,1,2024-11-02T10:13:04Z,5DZlA-j__5E
"Glad I didn't fall through with Amazon, wasn't making much at the FT job, so thought I could apply to Amazon. Went in and was out of f's to give and forgot a couple of docs they required. Told them I'd be back to bring them in and never went back.",0,2024-11-02T09:02:59Z,5DZlA-j__5E
"I last until 7 years at Amazon. The secret, is get out of your starting position and move up quickly. So the job is no longer harder but easier. Look around and see where the easy jobs are. Learn them quickly and apply for that job position. My was running HRV(High Retail Value) and Returns department. I was lucky the guy in this job position was retiring soon. I learn how things was done in that department and apply for the job. The guy recommend me for the job and I got the job position. Stay there until I had to move closer to my elderly parents. To start taking care of them.",0,2024-11-02T08:48:58Z,5DZlA-j__5E
I'm surprised you lasted that long. Of course you have a million excuses. I'm making the best money I've ever made in my life here at Amazon. You have no idea how insanely hard some people work even children for fractions of what Americans make. Working at Amazon is the easiest money I have ever made. 😮Four days? 😂.  At least you gave it a good run. Nice face tattoo btw. Go apply for welfare and play video games all day you slacker.,0,2024-11-02T08:00:11Z,5DZlA-j__5E
you look like the kind of guy who would quit any job after 4 days,0,2024-11-02T01:52:52Z,5DZlA-j__5E
The democrats said they were protecting workers?,0,2024-11-01T23:45:17Z,5DZlA-j__5E
Bro I worked at a FC before. Working at unload or load at docks was the hack because they don't track rates for those positions. I work part time at a sortation center now. It is extremely easy at a sortation center compared to a fulfillment center.,0,2024-11-01T17:57:03Z,5DZlA-j__5E
"I don't live in the US, but also work in a warehouse. What you described isn't too far off from my place. They're all the same. I don't understand how people can do this for 40-50 years. Absolutely soul crushing.",1,2024-10-30T19:51:59Z,5DZlA-j__5E
Amazon fires you for working for free according to the 1 minute policy after 5 times. Also no air conditioning in the hot summers in the desert in California.,0,2024-10-30T19:14:17Z,5DZlA-j__5E
They want us to control our bodily functions and work mandory overtime. Fuck amazon,0,2024-10-30T19:11:00Z,5DZlA-j__5E
Amazon is the easiest job ive ever had you really got problems if you cant work 4 10s wow. No hope for humanity,0,2024-10-30T14:14:36Z,5DZlA-j__5E
I just bet (have a feeling) there's a ton of people exceeding the goals. l've worked with you before 😂 And l put in 12 hour shifts for 4 years. Probably wasn't a loss for them either,1,2024-10-30T10:41:54Z,5DZlA-j__5E
"Hahahaha doesnt look like you would keep any job, honestly.",0,2024-10-29T19:31:32Z,5DZlA-j__5E
Problem with Amazon is that their whole schtick is speed speed speed. Now now now. Humans can’t keep up with that shit.,0,2024-10-29T18:08:12Z,5DZlA-j__5E
"all warehouses are on some bullshit, last job had me working 12 hour night shifts 6 days a week for 2 months",0,2024-10-29T15:25:13Z,5DZlA-j__5E
Imagine being so weak you have to come on social media and bitch about your job.,0,2024-10-29T14:31:56Z,5DZlA-j__5E
You took that shit for the pay bump,0,2024-10-29T13:53:10Z,5DZlA-j__5E
I worked for 1 day and quit.,0,2024-10-28T22:23:20Z,5DZlA-j__5E
"Its not legal bro. They need a class action law suite. No wonder they so against unions. This is horrible. 

 (What do you mean doc you, like doc your pay? If so idk how they haven't been sued.)",0,2024-10-28T17:45:27Z,5DZlA-j__5E
I worked at a labor company that works with Electric companies and if you were late they would dock your pay however many minutes you were late.,0,2024-10-28T13:19:49Z,5DZlA-j__5E
Publix HV is the same slave work I was there a month and said f this  my check was Looking like trash this is the same set up of how they run Publix warehouse super hot mins are counted they watch your every move it’s insane,0,2024-10-28T13:13:04Z,5DZlA-j__5E
My lady does hella overtime at amazon 10 hours a day and i work 10 hours a day too your just weak homie,4,2024-10-28T13:11:11Z,5DZlA-j__5E
My lady has been working their for 6 years your just weak,0,2024-10-28T13:09:26Z,5DZlA-j__5E
"Im dealing with this same crap at the grocery store i work at... put me on a 7 hour shift from 7 to 2 30 pm... those hours suck... i lose sleep each night because of getting up at the crack of crap... and i got asked to be put on afternoons .... said to myself.... ok i can do 1 to 5 ....was extremely happy for a few months... and checked my schedule for the upcoming week.... load and behold,  i got put back on mornings ... just until someone comes back on vacation..... im sure other workers can open up the store.... they legit don't need me.... let me come in at 1 and clock out at 5 pm....mornings made me depressed..... someone at upper management doesnt like me",0,2024-10-28T12:34:18Z,5DZlA-j__5E
With those face tatts you should be grateful anyone employed you..,0,2024-10-28T12:08:54Z,5DZlA-j__5E
Dudes not built to work,0,2024-10-27T14:15:01Z,5DZlA-j__5E
Ups Warehouse  Makes Amazon warehouse look like the luxury inn,3,2024-10-26T03:57:04Z,5DZlA-j__5E
Don’t work for C2R under fedex. They like to not pay people and tell people to not worry about clocking in and stuff. Matt that’s over it is pathetic and always excuses and one of those that only think work exist and uses that to not pay others.,0,2024-10-25T10:13:53Z,5DZlA-j__5E
Amazon police is going into my sitcom journal,0,2024-10-24T21:19:31Z,5DZlA-j__5E
"Amazon was my first job at 18. I worked there throughtout my 20s during peak season. I have a high tolerance to pain but these shifts are grueling and almost excruciating. They bitch you out for going to the bathroom. They expect you to run to and from break. Im nearing 30 and id rather get paid less, work less than deal with the abuse at places like Amazon.",0,2024-10-24T18:19:43Z,5DZlA-j__5E
"4 days??? You poor oppressed person, how did you manage to survive your plight??

talk to the people who have worked there for years and tell them how much you have suffered for 4 days.",0,2024-10-24T16:23:24Z,5DZlA-j__5E
"Now you're going to cry about not having a job or money, but judging by the face tattoos, you look like you make great life decisions.",2,2024-10-23T23:23:51Z,5DZlA-j__5E
You’re just a weak loser. Quitting after 4 days means you’re just a cry baby wimp. Grow some balls!!,1,2024-10-23T22:24:10Z,5DZlA-j__5E
"Fuck Amazon. You should have no issue taking a piss whenever you need. Mandatory overtime is wild hahaha. Glad I’m union electrician. Amazon hates unions, but they love union labor to build their data centers. Breaks don’t start till you get to your break room. You need to report their asses for a lot of stuff.",0,2024-10-23T12:18:21Z,5DZlA-j__5E
"Fuck Amazon. You should have no issue taking a piss whenever you need. Mandatory overtime is wild hahaha. Glad I’m union electrician. Amazon hates unions, but they love union labor to build their data centers.",0,2024-10-23T12:15:21Z,5DZlA-j__5E
amazon jobs are the worst.,1,2024-10-23T00:31:39Z,5DZlA-j__5E
The craziest part of this whole thing was that you thought Amazon would be a good place to work.,1,2024-10-22T17:07:15Z,5DZlA-j__5E
With all those tattoos on your face your job prospects are limited better hang in there if u get one,1,2024-10-22T16:29:52Z,5DZlA-j__5E
"Holy S**t I applied and got it now im a really put off. So, this is the way they expect people to work and the boss gets to fly into space or dive under the sea. I boycott Amazon and dont use it anymore.",0,2024-10-22T09:22:17Z,5DZlA-j__5E
I'm surprised they even hired you as you look exactly like the kind of guy who would stop showing up for work after four days.,3,2024-10-20T15:01:58Z,5DZlA-j__5E
I don’t know you but you seem well spoken and smart…that being said if you wanna get the “good jobs” you gotta get rid of the facial tats to be hireable…human nature is we judge on first impression whether that or if you’re over weight or just overall not presentable…and it’s a fact attractive people overall already have an advantage from the jump,0,2024-10-19T17:27:05Z,5DZlA-j__5E
As an introvert i would do just fine without talking to coworkers.,0,2024-10-18T15:16:14Z,5DZlA-j__5E
"I hate amazon sooo much, that I would try to get hired, just so I can purposely piss them off, slack off, eat at My station, go on My phone, play loud music, deffs not get the daily quota needed and take longer to get back from My breaks, not do any work, take phone calls when I should be working and totally fk up their operations by not doing what I should be doing.

I'd make them so mad they would have to fire Me within a week.

I want to give amazon management a headache, I want them to get mad.

They can't do anything except fire Me and since I have another job already, it wouldn't bother Me.

I'd piss them off and get fired from them for fun and kicks.

I'll make them waste their time and money on Me for no reason except to piss them off.",2,2024-10-18T11:43:37Z,5DZlA-j__5E
Amazon gonna have to start offering benefits after 30 days to retain people 😂,0,2024-10-18T04:41:10Z,5DZlA-j__5E
You have tats on face be grateful anyone would hire u,1,2024-10-18T01:24:55Z,5DZlA-j__5E
"I worked as an Amazon DSP Driver for years. I injured my back horribly on the job. My DSP stole my workmans comp from me, and then I was subsequently fired for being unable to work anymore.",1,2024-10-17T22:14:22Z,5DZlA-j__5E
"Fuck Amazon. I won't use them for anything, and of course have heard the employment horror stories. I was terminally underemployed most of my life for various reasons. Around the time of this video I had quit my food delivery job, and went for an interview as a FedEx driver (which is maybe slightly better than Amazon but not much). They were ready to hire me but then when it came to the drug test, turns out pot is prohibited even though it's legal in my state, so that was that. Ended up getting a job in the parts department at a car dealership, and it's been quite a good job for me. I get there 15 minutes late every day, leave right on time every day, get all the benefits and a decent salary, and once I learned the job, it's very easy.",1,2024-10-17T17:55:29Z,5DZlA-j__5E
Tractor supply dc waco tx same way. I do miss the pay tho.,0,2024-10-17T17:42:04Z,5DZlA-j__5E
Bro you got face tattoos without having a trade skill or business knowledge of any kind just a worker 😂 that’s ur first problem,3,2024-10-17T15:25:22Z,5DZlA-j__5E
I believe you quit life 40 years ago,1,2024-10-17T12:23:14Z,5DZlA-j__5E
Brother you have face tats. Get rid of that crap go get a real job (sonething that will teach you skills).,0,2024-10-17T11:10:01Z,5DZlA-j__5E
"Sorry Amazon treats their employees badly.
Amazon is very helpful for those with health issues and transportation problems . ❤",0,2024-10-17T10:20:18Z,5DZlA-j__5E
Fuck Amazon!!!,0,2024-10-16T22:00:41Z,5DZlA-j__5E
Just dont work the hour you dont get paid for,0,2024-10-16T16:00:47Z,5DZlA-j__5E
I'm sorry you have a Amazon facility up the street from you. Sounds horrible.,0,2024-10-16T15:27:19Z,5DZlA-j__5E
"I think Amazon is a good job, and Amazon gives you you hours time off and unpaid hrs too.  You never get that at other jobs you ,you need to manage your time And you'll accumulate more time off  throughout the week. Amazon good fr",0,2024-10-16T14:13:06Z,5DZlA-j__5E
"No offense but an Amazon warehouse job is for high school and college kids, not adults. It also sounds like you are a job hopper. Time to get your stuff together and look for an adult job--and do whatever it takes to stay there. Good luck bro.",0,2024-10-16T14:02:54Z,5DZlA-j__5E
Working at Amazon for a week made me feel like a damn communist.,0,2024-10-16T13:45:00Z,5DZlA-j__5E
Amazon is awesome (for me) I enjoy next day delivery,0,2024-10-16T00:37:56Z,5DZlA-j__5E
How do they get away?? Just Look how much money Amazon donates to politicians...we the people... are... indentured servants,1,2024-10-16T00:15:39Z,5DZlA-j__5E
"I’ll never understand this about some companies.

Instead of making money and keeping their workers happy, they insist on making ALL the money and have miserable employees.",0,2024-10-15T21:51:09Z,5DZlA-j__5E
Imagine those people who don't have the option to quit 😮,2,2024-10-15T21:37:35Z,5DZlA-j__5E
Look on the bright side. That $18 is going to pay for 0.0000001 seconds worth of fuel for Bezos’ yacht.,0,2024-10-15T20:31:56Z,5DZlA-j__5E
"bro got an average American job and thought it was slavery. I'm sorry you had to work lol would love to know what else he's done for work.. Maybe I need to get a wife that works so I can decide whether I want to work or not... the business runs like that because that's what makes it #1. wanna work for #2 for less money? I'm sure it'll be easier and more leanant. oh and they got away with your $18 because you sign the policy.....
also heard you mention there was a 3rd floor lunch room/fridge, but you chose to put your food on the first floor. Doesn't seem like a smart personal choice, when you complain about not having enough time on break. I bet the people that put their lunch in the fridge on the floor they work most likely become ""Amazon police"".",0,2024-10-15T17:10:10Z,5DZlA-j__5E
America is turning into a slave land my job just changes hours at will 3 times a month come in at 4 no now 6 go home at 2 no now 5 like people have kids set a time and stop playing games it should be illegal. The owners treat us like there slaves all why the office peoples time never changes. They set in ac and crack there whip,0,2024-10-15T16:30:09Z,5DZlA-j__5E
"Maybe you shoulda stayed in school and not inked up your face… you get to work in the backroom, stop bitchin",0,2024-10-15T16:25:56Z,5DZlA-j__5E
Your wife works from home she should deal with anything that you do when you come home from a hard day of work and not complain. So what if you wake her up because you shower,0,2024-10-15T14:08:22Z,5DZlA-j__5E
"Damn, I'm happy I left amazon during the training. I lasted 3 days.",0,2024-10-15T12:09:52Z,5DZlA-j__5E
Your generation lmao I bet you can’t work away from home because you will miss your goldfish 😢😢😢😢😢😢😂😂😂😂😂😂😂😂,0,2024-10-15T10:19:10Z,5DZlA-j__5E
I worked at Amazon for almost a year. Worst job I ever worked. I had nightmares about that place.,0,2024-10-14T20:00:14Z,5DZlA-j__5E
You have face tattoos bro. What other options do you have? Suck it up and put in the work,0,2024-10-14T17:27:23Z,5DZlA-j__5E
"Only hopped on your video to let you know you should have kept that job.  Look at your face, bro.  It’s all stenciled up and looks ridiculous.",0,2024-10-14T17:23:14Z,5DZlA-j__5E
"Maybe if you didn’t scribble all over your face as a grown ass man, you would be able to find a decent job.    You look ridiculous",0,2024-10-14T17:16:17Z,5DZlA-j__5E
Quitter.,0,2024-10-14T15:05:17Z,5DZlA-j__5E
If it’s sends you the wrong pod you just press the button for a new pod. Stowing is boring but definitely not hard.,0,2024-10-14T11:04:34Z,5DZlA-j__5E
They need to be reported to the Department of Labor.  Lots of the policies don't sound legal.  My friend works there and loves it.   They gave her easier jobs because she couldn't do the packing.  I've heard good and bad about them.,0,2024-10-14T06:57:27Z,5DZlA-j__5E
"I heart 💕 this video because you are telling the truth 
I wished that I had watched this video before working at Amazon",2,2024-10-14T00:25:45Z,5DZlA-j__5E
"There’s a woman on yt that had her life destroyed by Amazon. Amy Nelson I believe it is. Amazon has so much money and power now, they pretty much own the US govt. It’s so much worse than people realize. I believe she said it ended up being several years and about $3 million and they lost everything fighting for their lives. Soon the people are gonna have to stand up or your four days at Amazon will seem like a pleasure cruise compared to what’s coming.",0,2024-10-12T21:52:52Z,5DZlA-j__5E
I spent most of my time at Amazon on worker's comp. I got hurt after working there only 2 months.,0,2024-10-12T17:41:19Z,5DZlA-j__5E
Pretty sure not paying you for the first hour worked due to clocking in 1min late is federally illegal.  Dude fuck that job lol,0,2024-10-12T15:44:52Z,5DZlA-j__5E
You have tattoos on your face bro take the job you can get,0,2024-10-12T15:31:22Z,5DZlA-j__5E
Man. I worked three twelve-hour shifts for like six months and let me tell you that was hell. They ended up terminating me because an African American woman that hated me started a rumor i had covid- got tested and went back and they said I was terminated. Meanwhile they got rid of all of the white folks in my area because my manager was racist openly. Fuck amazon.,0,2024-10-12T15:25:50Z,5DZlA-j__5E
What do you expect? The one I work at is anti white anti American. Rainbows all over the fucking place. Apparently I took an hour 15 min break because I didn't scan an item before I took my break? Idk I treat this shit job like a joke. Money until I get something better. The more left this country goes thr worst it gets.,0,2024-10-12T05:36:55Z,5DZlA-j__5E
A lot of what he says is just not correct. You click in 1 minute late they take nothing and you still get paid for every minute you actually work. He was only there 4 days. I think he got a very false opinion on those 4 days. You can't really give a fair assessment with only 4 days working,0,2024-10-11T18:26:53Z,5DZlA-j__5E
"Lol socialist complaining about a socialist work environment this is great before any of you communists say Amazon is capitalist or show capitalism how do you think that Amazon gets away with this kinda shit? Because it is backed by ole jeff and his government friends. Socialism always ends up being corporations back by governmental powers. The only thing about Amazon that is capitalist, is that you have the choice to leave or stay. Everything that this dude complains about are things the left wing politics actually champion.",0,2024-10-11T15:56:16Z,5DZlA-j__5E
"I work overnights at Kroger and it is similar, except bathroom breaks are not part of your break(although the breaks are shorter).  I have regular nightmares about work, such as - needing to get loaded pallets up or down flights of stairs, police coming to arrest me at work for something unknown, yelling at one of my bosses and being fired, finding out our meat department will start selling babies and we need to suggestive sell them due to overstock, having our stores connected by tunnels and having go go through the tunnel to get a pallet jack from the other store, etc. etc. - this is what these jobs do to your mind.",0,2024-10-11T11:49:53Z,5DZlA-j__5E
What it sounds like to me makes me wonder if Amazon is working with the government on how to psychologically apply their demeaning actions to the lowly human beings…,0,2024-10-11T10:25:13Z,5DZlA-j__5E
Few guys I use to work with at another company all got laid off and went to work at Amazon as managers. This was 4 years ago and they’re still there. They make pretty good money.,0,2024-10-11T08:09:12Z,5DZlA-j__5E
Guy you need to save up for tattoo if you get tattoos on your face don't expect to get any job anywhere,0,2024-10-11T02:14:11Z,5DZlA-j__5E
"How unfortunate.

Time to go forward with my Amazon order. Ha ha!",0,2024-10-09T14:17:38Z,5DZlA-j__5E
Yet we have people complain making pop where I work. Making over mid 20’s a hour to stand over half the day.,0,2024-10-09T11:38:55Z,5DZlA-j__5E
"I went to the hiring intake there. Luckily they messed up my availability and scheduled me for the exact days I wasn't available. I couldn't get in touch with any real person to fix it. They never got back to me with a actual start date, so in the meantime I found a restaurant job making more money an hour less than a mile away. While I was at the hiring event, which there was no interview, they just wanted bodies. It was in the café. I got to see what their breaks were like. They call them off the floor like cattle, someone stood next to the door like a hall monitor timing everyone. When the time was up they yelled at the whole café to get back on the floor. They were handing them Amazon gift cards also, they had some type of leader board going. None of the people looked happy or cared about the gift cards. Dodged a bullet for sure.",0,2024-10-09T06:30:15Z,5DZlA-j__5E
"I also gave your video a shot, seeing all that tattoos I am so disgusted, but I'm open minded, I don't wanna judge you, let me see what you have to say: Wow, you should just move to EU, we have labor laws here, you can even have unpaid sick leave. You can't work for more than 8 hrs per day, if you do, it is up to 2-4 hours and those hours are at least 30% more paid per hour, you have a free 30min break, which is paid and included in 8 hrs. Also don't think that getting more tattoos will help you, don't be delusional.",0,2024-10-09T02:03:08Z,5DZlA-j__5E
And I thought working at Fedex was bad. But Amazon?,0,2024-10-08T22:26:28Z,5DZlA-j__5E
unskilled jobs suck??? shocker,2,2024-10-04T04:18:33Z,5DZlA-j__5E
Peak season/mandatory overtime is one of the reasons I absolutely despise Amazon.,1,2024-10-01T19:07:49Z,5DZlA-j__5E
Yeah I'm in stow got hired on for pack surprise your training in stow 80 hrs has now been 4 months ...looking for new job!,1,2024-10-01T04:20:02Z,5DZlA-j__5E
"When I was a merchant seaman if the captain was deviating from the union labor agreement in even the slightest detail such as having 12 hours watches because “that’s for your overtime” I would refuse to sign the articles, go back down the gangway, and go get a room at the Seamen’s mission like the ones they have in San Francisco run by the Lutherans and the Catholics. Then after hanging out for a couple of days I’d buy my own ticket home. After eight years of this nonsense I just gave up and went to barber college. You can’t trust anyone hence being self employed in the barber trade.",2,2024-09-30T14:30:26Z,5DZlA-j__5E
"If you’re 18, a good year in there is not bad if you treat it like a job, don’t take it personal and don’t work too hard but get your stuff done but I wouldn’t recommend being there longer than a year it’s a slave ship forsure",1,2024-09-30T12:35:39Z,5DZlA-j__5E
hi there man. I hope you are well dude after hearing your story I'm absolutely shocked at how Amazon treats its staff in the United States sound like a nightmare,1,2024-09-30T11:17:45Z,5DZlA-j__5E
You cant get use to a schedule in four days its a minute to adjust.  What are you complainin g about youy only did it for four days you no stories thaty is a liegitimate reasen to quit.,0,2024-09-29T08:59:45Z,5DZlA-j__5E
"LOL at Amazon, if you’re late by a few minutes, or you clock out a few mins before your shift ends, you have to use your paid time because you can use that in minute increments. If you use unpaid time, then you have to use that in hour increments so if you get to work 5 mins late, you might as well not clock in for another 55 mins. Or if you want to leave early and you only have unpaid time, then you leave up to an hour early. I used to never let my unpaid time get under 3 hours. It was aggravating though because you only get 20 unpaid hours quarterly. You get paid and vacation time biweekly until i think May or June.",0,2024-09-27T08:55:52Z,5DZlA-j__5E
Eventually Amazon will run out of people willing to work in their Warehouses,1,2024-09-24T12:54:38Z,5DZlA-j__5E
Changing your start and stop sounds strange. If you clock in 6 minutes late they will dock your unpaid time but they pay your from start time.  Working at a delivery station is much worse than working in a FC.,0,2024-09-24T12:39:43Z,5DZlA-j__5E
i got fired over forced cross-training stress before the holidays.......,0,2024-09-22T16:52:19Z,5DZlA-j__5E
Just go get a job running the register at a smoke shop my guy.. thats the kind of lazy vibe I get from you,1,2024-09-21T03:03:53Z,5DZlA-j__5E
Bro are you kidding? If you want a/c get a fucking desk job not a godamn warehouse job are you insane?!? 🤦‍♂️,0,2024-09-21T02:58:30Z,5DZlA-j__5E
Welcome to the real world of working people little man lmao,0,2024-09-21T02:57:23Z,5DZlA-j__5E
Amazon needs a Union,0,2024-09-17T19:53:08Z,5DZlA-j__5E
Covid is no joke. Those rules didn’t sound strict enough actually. Anyone who got too close to others and not wearing masks should automatically be fired and fined.,0,2024-09-07T01:47:23Z,5DZlA-j__5E
"I can understand u, I'm working with this company, and way too much pressure, and u don't have any idea when your female co worker get offended and go to your manager. instead of say I'm not comfortable so don't",0,2024-09-06T08:03:04Z,5DZlA-j__5E
What were you expecting from a job ghat requires no skill basically,1,2024-09-06T03:18:49Z,5DZlA-j__5E
Ok amazon just aint for everybody i have worked there almost 2 years and if you think prime week is alot of hours peak would kill you 5 11 hour shifts for 2 months for christmas so maybe its a good thing you quit,0,2024-09-04T06:41:16Z,5DZlA-j__5E
Screw Amazon their warehouses are the worst places on earth,2,2024-09-04T03:04:54Z,5DZlA-j__5E
"I'm sorry but these people who quit after two days are just plain wimpy. If you need a job and benefits you do what you have to do. But saying that, I am closing in at working at amazon For almost seven years. I consider myself a tough person and can put up with a lot. But 7 years.
Is the most I can do. I.
Hate the place so bad and I am stressed out beyond belief. It is
A horrible place to work.Don't ever go there",0,2024-09-01T23:56:49Z,5DZlA-j__5E
"Generally companies that have higher turnover, like Amazon specifically at DCs, tend to hire more often and are less strict with hiring standards.
The result is they have stricter policies around time management and productivity.",0,2024-08-31T13:26:00Z,5DZlA-j__5E
"What a mess! I have been hearing bad things about Amazon for some time but mostly from the delivery drivers. I was supposed to interview for a DSP position but I am going to pass. 
I don't even want to be bothered with them.",0,2024-08-31T00:21:27Z,5DZlA-j__5E
"Amazon is just the tip of the iceberg. There are thousands of warehouses all over the country with ho A/C and this type of slave culture. Unfortunately, most don't pay as well as Amazon. The managers know the rules of the game and expect everyone else to fall in line and just be grateful to have a job.",0,2024-08-29T17:51:50Z,5DZlA-j__5E
I don’t know why this video is viral yet. Dead ass I’m about to make a similar video bro I’m tired of this shit i stg. My whole 2024 year flew by bc I’m working when I need to sleep and shit doing a job I HATE. I don’t mind night shift but Amazon is just a sorry ass job. I do it bc I got ppl to take care of but this job market is terrible as well,2,2024-08-14T02:44:05Z,5DZlA-j__5E
"never work night shifts, bad for health in the long run.",8,2024-08-13T22:57:14Z,5DZlA-j__5E
one of the easiest jobs ive ever had .. nd i take the bus to nd from work so im doing alot of walking .. yall must be weak as hell ..im not even trolling im dead ass serious,1,2024-08-13T18:23:42Z,5DZlA-j__5E
Working as a janitor is better than a damn warehouse it’s always those dudes who haven’t done this type of work to let this sh*t slide,0,2024-08-08T02:48:48Z,5DZlA-j__5E
"I almost worked at Amazon but got taken in at a non-profit thrift store. It's still a warehouse job and I make less money up front but it's not Amazon. My boss is friendly, I get $200 bonuses almost every month, I get 10 hours pto every month (which they let you use), 8hour shifts are mandatory (no ot but whatever), if there's a holiday you can option to work an extra day for double pay. It's way better than Amazon in the long run.

Im in a LDR and they allowed me to take a month off (unpaid) after only being there 8 months. Then I come back like nothing was different. Pretty shocking.

It's hard work though. I have to be in very good physical condition to do it. High stress, physically and mentally. Lifting heavy boxes and furniture, dealing with customers. Everyday I also walk 8-12 miles on top of that. But Im able to do it now 1.5 years. My next job I hope to actually learn a skill after I put in this work

What Im saying is don't be turned off because of up front pay. There might be other benefits. I make 13 up front but with bonuses and tips, probably closer to 15.

It's not a dream job but it's as much as I can ask for right now.",0,2024-08-03T14:19:56Z,5DZlA-j__5E
Wherever else can tatt face work?,0,2024-07-30T10:16:59Z,5DZlA-j__5E
Everyone should boycott Amazon,2,2024-07-29T16:06:54Z,5DZlA-j__5E
"Here's the answer brother, there's power in a Union. 
Plot, Plan, Strategize, Organize and Mobilize",0,2024-07-26T04:04:51Z,5DZlA-j__5E
"Yep, this is on par with any regular job in America lol",0,2024-07-25T00:50:23Z,5DZlA-j__5E
I still work for Amazon after 8 months. As of yet I have not been paid for the first 3 days I worked there. It is a new building and nobody seems to know who is in charge. I've talked to HR and tickets have been dropped for me to get paid for my first 3 days. And they wonder why so much stuff is being stolen. I'm not the only one that has not gotten paid for several days.,0,2024-07-24T17:18:47Z,5DZlA-j__5E
Some fulfilment centers are warehouses. Yeah that's normal. Lol,0,2024-07-24T15:32:44Z,5DZlA-j__5E
Wow even pissing is scheduled then if you don't follow the schedule you get a pay deduction .. crazy,0,2024-07-24T00:50:09Z,5DZlA-j__5E
I lasted 2 weeks.  Worst job I ever had. Not worth whatever they pay you.,2,2024-07-21T19:32:57Z,5DZlA-j__5E
Anglo Saxon culture truly believes something's wrong if you're not thoroughly miserable in your job,1,2024-07-20T09:56:14Z,5DZlA-j__5E
"I've read horror stories that were life long stuff about Amazon. I asked a friend that was part time she said it was good, Aurora Colorado. Thinking about the Amazon robot videos. I know an elderly woman that quit Walmart to go back to Amazon I don't get it.",0,2024-07-17T16:19:57Z,5DZlA-j__5E
It’s called working… being an adult beyond time… work for your family… people are so soft these days boo-hoo,0,2024-07-17T07:09:08Z,5DZlA-j__5E
"That facility sounds terrible! I've worked at an Amazon sortation center and absolutely LOVED it. The UPT and PTO were generous, and so were the overtime opportunities. This is why I refuse to work Amazon fulfillment/distribution",1,2024-07-14T22:06:01Z,5DZlA-j__5E
"I quit Amazon because I got tired of dealing with people's loose dogs you know your package is coming on that day, why do you have your dog just out in the yard without a leash without nothing.. your dog don't know me.. I almost got attacked by a dog and I quit the same day. What is wrong with you people?",5,2024-07-14T12:40:31Z,5DZlA-j__5E
If you finish your workload in the allotted time you could be disciplined or worse suspended for violating safety protocol.😞,1,2024-07-14T02:26:46Z,5DZlA-j__5E
My understanding is some people weren't cleaning the restrooms on their break?,0,2024-07-14T02:11:00Z,5DZlA-j__5E
A grown man with a awful face tattoo and skateboards hanging on his walls. We have a couple of generations of people who are still not done being teenagers and wonder why their lives are the way they are.  Give me a break,0,2024-07-13T14:06:27Z,5DZlA-j__5E
You got a job at Amazon with the face tatts? 😮,0,2024-07-12T16:22:38Z,5DZlA-j__5E
damn i  took a break from my construction job to learn python coding to hopefully land a job here or any big tech but theres just soooo many of these videos,0,2024-07-08T14:40:26Z,5DZlA-j__5E
"Jeff, should work a month wearing diapers n see how its like",0,2024-07-07T18:48:12Z,5DZlA-j__5E
"My new job weird 
Its a furniture warehouse it has a high turnover rate im hired in the temps boutta quit so what i notice is the job itself isnt bad 19per hour work 8-9 hours 7:30 to possibly 4 or 4:30 or 5:00  weekends off
Management chill really one manager its a big company nationwide but the place i work small group 
So again i notice why its fuckin heavy ass furniture but i guess the catch u can do alot of stuff and they dont trip 
Its definitely better than my 9 year job of before but definitely more heavier",0,2024-07-04T01:24:04Z,5DZlA-j__5E
Frito lay is the same nutbag shit! Never work at any warehouse ! You will never meet the quota.,1,2024-07-02T13:03:04Z,5DZlA-j__5E
"You basically gotta be either really dumb or be a human robot to be an effective amazon warehouse employee, I've only worked at small businesses and they were 1,000,000 times better then amazon in every single way over amazon except for pay. And minimum wage in my state is super duper high anyway so even then it wasnt much better. And the MET thing is complete bs i took the shift and specifically wanted it for sunday off for church with my family, and they wouldn't switch the day. I thought for such a inclusive and diverse company theyd make religious exemptions but apparently not",1,2024-06-29T22:45:34Z,5DZlA-j__5E
"I got to 5 days. The hard work was no problem for me, im 18 and was able to do the work great and even better then most of the people in my section, but when they trained me in PIT in 1 hour and the next day put me on an OP and didn't even tell me what to do I quit right after. They'll spend a whole day in a classroom going over stuff you don't need to know, but when it comes to practical training they show you not even the bare minimum and rush you out on the floor. In hindsight I should've put in a 2 week notice and took advantage of my dental then quit but oh well. Its also worth mentioning almost 90 percent of people there were former amazon employees in a different center so when they train you they almost expect you to already have a clue what you're doing",0,2024-06-29T22:39:00Z,5DZlA-j__5E
"The company is BS the lunches, the hours, stowing & them watching your every move is crazy. & don’t get me started on the standing for 12hrs straight doing the same repetitive thing.",3,2024-06-29T10:16:46Z,5DZlA-j__5E
"Amazon will get such a bad reputation, people won't want to work for them and then they will have problems",3,2024-06-28T01:04:19Z,5DZlA-j__5E
It’s a non union job is how they get away with this bs,0,2024-06-27T14:25:35Z,5DZlA-j__5E
I did construction in the day and amazon at night part time.. shit was cake . If its a hard job for you move aside theres immigrants coming to fill in that spot,2,2024-06-26T06:22:02Z,5DZlA-j__5E
I’m not excusing the conditions created by Amazon but do y’all realize nearly every last thing we consume is produced with human labor of people in similar or worse conditions.,0,2024-06-24T19:22:57Z,5DZlA-j__5E
"If you go anywhere and see a grumpy person or someone who generally seems out of it, chances are that they work at a lower tier warehousing job like Amazon. If you plan on staying, go to school alongside it because you're going to want as FAR from any Amazon warehouse or van as possible. I've driven for Amazon roughly 16 months and the warehouse workers treat you horribly as a side effect of them getting treated horribly by each other. I'm doing welding classes in the fall with no intent on coming back to such a job. Peak week and peak season they completely disregard your safety, load your van until there's barely breathing room, and wonder why you struggle with 25 stops per hour.",11,2024-06-22T22:05:02Z,5DZlA-j__5E
"This guy is a lazy putts,he crys way to much.has he ever had a warehouse job before",0,2024-06-21T07:50:05Z,5DZlA-j__5E
I made it for much longer then most. I was a picker who walked  more then 10 or 13 miles a day. I lost 100 something pounds. One of the worst stressful jobs I ever had. I think no one should work for them.,1,2024-06-19T16:57:27Z,5DZlA-j__5E
"I gave three years of my life, 2 1/2 years more than I should, I stayed because I got into that click. I seen people cry in the parkinglot and tons of other crazy shit. hope anyone that works here realize that it's all bs, majority of the time is fighting gossip, highschool mentality, favoritism, racism, sexism, bullying, no parking spaces for OP, unlawful break times taking 3-5mins walking to the breakroom.
The hard labor isn't bad. its all the micromanaging and battling others mentally it's FUCKING exhausting. anyone who hasn't worked here doesnt know
it's hellllll",1,2024-06-18T09:15:35Z,5DZlA-j__5E
"Yeah the fulfillment center is the worst warehouse to work at by my experience also but I’m going back to a delivery station my friend said which was way easier than the fulfillment center, and I only gotta work seven hours instead of 10",1,2024-06-17T04:27:40Z,5DZlA-j__5E
"When I started in 2017 they told me 40 hours a week, well that lasted my first week then went 3 months 12 hours 5 days a week.",3,2024-06-15T19:36:08Z,5DZlA-j__5E
I’ve done warehouse work. It’s a young persons job and not meant for the long term . It suxs ass.,3,2024-06-14T17:30:37Z,5DZlA-j__5E
I wanna see bezos work one day in a delivery station his ass wouldn’t last 1 hour 😂,90,2024-06-11T09:59:05Z,5DZlA-j__5E
Guys before you quit always ask for a pay raise,0,2024-06-11T03:27:17Z,5DZlA-j__5E
I bet you have a hard time finding work with those tatts.  Quitting wasnt smart.  Amazon is career you can move up after some time,0,2024-06-11T03:20:03Z,5DZlA-j__5E
"I had the same experience in 2024, but worse. It's almost impossible to report injuries to AMCARE, they will wait until you can't walk to send you to a doctor, and will make you work with strains and muscle tears that you got at the job. They will put small, short and old people into positions they can't perform, I have seen coworkers cry on the floor from the pain regularly. New employees are often subjected to overtime before they can physically adapt to the position. They will often hold competitions to push employees over the top without saying what the prize is, and it will turn out 15 minute break for 1 person. Old employees are expected to work faster than advertised for the new employees. The bathroom situation never got better, I was scared to use it every single day. People quit that job every day, not every 8 month.",4,2024-06-05T19:38:24Z,5DZlA-j__5E
Places like warehouse jobs ( hopefully for anyone) are good for holding you down... unless u tryna to make moves in the company from bottom tier level spots...it should be temporary,0,2024-06-05T19:05:42Z,5DZlA-j__5E
If we all know that working at  Amazon sucks then why do we continue shopping there??? Take a stand and sacrifice the convenience .,4,2024-06-05T02:31:49Z,5DZlA-j__5E
"This is why you dont want capitalism. Companies can do whatever they want with their workers. All they do is care about the profits, even tho they make billions in revenue",0,2024-05-31T19:44:27Z,5DZlA-j__5E
"Yeah man working with customers is waaaaaay better than warehouse work. I tried warehouse work for 2 days and just quit, would rather do ubereats or doordash. You cant talk, you have to do things in exactly the way they want and its a super boring enviroment that isnt emotionally supportive that treats you like a robot.",3,2024-05-30T03:18:42Z,5DZlA-j__5E
Yep. It is almost impossible to make the amount of deliveries in the 11 hour shift. Something's gotta give. Most days I did 13 hour shifts.,0,2024-05-28T19:46:50Z,5DZlA-j__5E
"Man, I’ve been at Amazon for 2 years and I have to say it’s absolutely not slave work. Yes they time your scan to scan but unless you have over one hour of time off task aka not doing anything then yes you will be talked to. But it’s a 10 hours shift, personally I rather work non stop to make the time go by faster. It helps when you have a earbud listening to music, podcasts, books. In regards to them taking your time for coming In late, they give you an ungodly amount of time off. If you can’t manage the time then it’s on you. Yes breaks are 15 minutes scan to scan but I constantly take 20 minute breaks with no issues. For an entry level job they pay the most in my area plus with the hands down the best benefits I’ve ever had and unlimited overtime it’s a win. If you stayed at the job your body would have gotten used to it. They even offer to pay for you to go to school. Trust me I don’t think it’s the best place to work but if you have a plan are about your money it’s a great temporary job until you find something better. Ps most new hire classes of 20 usually have 2 people left after two weeks. Not for the faint of heart.",3,2024-05-26T06:22:24Z,5DZlA-j__5E
"I been working at Amazon since I dropped outta college 6 months ago and it’s been almost 3 months. It sucks since you’re doing the same thing everyday for 10 hours standing in the same position (I do stow, sometimes water spider). pay should be like a dollar or 2 higher since it’s basically slave work😭 but it ain’t as bad as you make it seem. And yea the warehouses are huge, ya feet gon be hurting after each day and sometimes ya back",0,2024-05-24T22:29:49Z,5DZlA-j__5E
It's just as bad on the trucking side. I hauled Amazon for a little under two months and I literally had to drive 80MPH in order to meet the delivery appointments or have the appointment times changed.,1,2024-05-23T19:02:09Z,5DZlA-j__5E
you look like you quit a lot of thangs lol,1,2024-05-22T06:29:21Z,5DZlA-j__5E
AMAZON IS A BIG NO NO MY FRIEND. TRUST ME IVE BEEN THERE. 😮,1,2024-05-21T17:44:18Z,5DZlA-j__5E
"I'm just worried that as the great retail apocalypse happens across America, and there are no more box stores, Amazon will be the only place to get anything, including food and prescriptions.",0,2024-05-19T04:14:12Z,5DZlA-j__5E
"Also you are given 30 minutes per time, and 50 minutes UPT time EVERY day. You can literally come to work 30 minutes late every day and get PAID for those 30 minutes by applying your personal time. Yes every shift you work (10 hours) you get 30 minutes paid time off which you can use with automatic approval through the a to z app. You don't need management approval. You literally can save it up and take a paid day off every month without even touching your vacation time. These videos are very 1 sided. A lot of whining by people who must want a job that just gives out checks for nothing",1,2024-05-16T18:14:27Z,5DZlA-j__5E
"Maybe things have changed since this video but

The warehouse isn't that big. 3 minute max walk to the breakroom.

Stowing 300 units per hour is our benchmark expectation. And if you stay on task that's pretty easy.

UPT is now taken in 15 minutes increments.
So if you are late 6 minutes, yes they will deduct 15 minutes UPT but you still get paid for every minute worked. 

Amazon can never adjust your shift without your approval. 

You can walk out the door without management approval anytime you feel like it. As long as you have the hours you can't get in trouble and management can't even ask you about it. It is your PERSONAL time. What other job allows that.

MET or required overtime is part of working any warehouse job. Man up and make the money.

Amazon is a damn good job for people who are willing to work. It's just not free money.",0,2024-05-16T18:10:01Z,5DZlA-j__5E
Tattoos all over his face and body like a wannabe tough guy. Can't last a week at Amazon.,1,2024-05-16T18:01:10Z,5DZlA-j__5E
"Got a manager there who had quite the air of superiority around her, think part of it came from the fact she got promoted to manager after just 1 year working there. Doesn't make me respect them for it though, especially seeing how their break room is probably the most pretentious thing imaginable.",0,2024-05-15T04:48:06Z,5DZlA-j__5E
I worked at a fulfillment center in January and it was fairly easy going. We would stand around with nothing to do. Then I started at another location this week and they work you to death.,1,2024-05-13T15:34:30Z,5DZlA-j__5E
lol i quit after 2 days lol,2,2024-05-13T02:00:56Z,5DZlA-j__5E
"It's horrible place to work, people get write up to go the bathrooms and say that's long break. If you go injured and you keep using you time, you'll get write ups. If you have health problems they will do anything they can to fired you. It happens to alot of people, I found a new job and I was going to put my 2 week noticed but instead they fired me. If you have low UPT or negatives they will fire you. I work at the warehouse. It would been almost 2 years with them",4,2024-05-12T09:50:42Z,5DZlA-j__5E
Let's all get hired and quit on our first day. Fuck us fuck them. Na mean? I hope their employees wipe shit all over their bathroom walls.,1,2024-05-08T19:13:22Z,5DZlA-j__5E
Let’s stop hyping up America like this place doesn’t encourage terrible work ethics,1,2024-05-08T17:20:24Z,5DZlA-j__5E
"I was at Amazon for about a month and a half. My body started breaking down, I started breaking out in hives, developed a skin infection which I needed 3 antibiotic shots. HR was a nightmare to deal with and then not to mention they lied about only 4 days a week. I will never come back.",2,2024-05-07T20:14:28Z,5DZlA-j__5E
that has to be illegal to not pay you for your time.,0,2024-05-06T07:45:53Z,5DZlA-j__5E
You're making me feel like a superhero for working there. I think you just got really bad luck. You likely got an older building and bad trainers. In 1100 comments someone probably told you that you were confused and did not lose an hour of pay. What you lost was an hour of your time-off allotment which you are allowed to use at your discretion. You were paid for all time working in the building.,0,2024-05-05T22:25:53Z,5DZlA-j__5E
"You can either do the job or don’t, they let you know in training that it’s compared to being a professional athlete. Yes, it takes time for your body to get used to it.. other than that… it’s easy work",0,2024-05-05T14:56:41Z,5DZlA-j__5E
"The funniest thing is that after all this Amazon is not really cheap or inexpensive at all...... wow, so much of the world will be revealed to be just like this soon.",0,2024-05-04T02:48:47Z,5DZlA-j__5E
"After two years my father passed so I had to come in late, clocked in broke down boss said go for a smoke and catch ur breath. Came back in was grabbed by HR and told I was late and on break when I shouldn’t be. Canned on the spot.",2,2024-05-01T20:54:23Z,5DZlA-j__5E
"I was a driver for 2 weeks, I have huge respect for anyone that delivers for Amazon for long term, that is straight torment.  No time for bathroom breaks or time to eat. It's damn near illegal work environment but Amazon uses outside companies to hire you so they have no liability.",0,2024-04-30T23:05:11Z,5DZlA-j__5E
"If it weren’t for the PITs I wouldn’t have lasted as long as I’ve had at amazon. Get trained to forklift and you’ll never wanna get off it, all i do is wait for pallet jackers to drop pallets off in my buffer and i swoop it up. My area is segregated from everyone, so i avoid all the drama, my PAs know i do i my job(so they dont bother me), and I take major blinkies in the trailers too 👌",0,2024-04-30T04:21:12Z,5DZlA-j__5E
"Sounds like Panasonic!  Everything you described sound’s SOO much like Panasonic!  lol….  Panasonic, Tesla, Walmart distro centers, Amazon all treat their employees like garbage!!!",0,2024-04-29T04:42:01Z,5DZlA-j__5E
People die in these warehouses if u dont treat it with respect,0,2024-04-27T01:24:44Z,5DZlA-j__5E
"The only way to change the law is to vote for progressives, yet so many people continue to vote for conservatives who are responsible for these anti-worker policies.",0,2024-04-24T23:09:48Z,5DZlA-j__5E
Robots will take over these jobs very soon. Then where will unskilled people work ?,0,2024-04-23T13:34:53Z,5DZlA-j__5E
"Haha third world problems bruh, can you imagine working in Africa or literally anywhere else? 😂",0,2024-04-18T09:56:54Z,5DZlA-j__5E
The people who work there allow it. So many of them refuse to join a union and I don't understand why.,0,2024-04-18T00:01:48Z,5DZlA-j__5E
"You said it boss, Amazon is terrible and I couldn’t do anything but laugh at the truths you spoke.",0,2024-04-12T05:44:34Z,5DZlA-j__5E
The face tats make me think he doesn’t really know how jobs are. I’m working my regular day job plus the night shift at Amazon. Anything for the family,0,2024-04-08T20:45:23Z,5DZlA-j__5E
Not to be a dick Im sure Amazon work sucks but bro. Face tattoo's Not making getting jobs easier for yourself with those. Just sayin. I love tattoo's.,0,2024-04-07T20:48:07Z,5DZlA-j__5E
"If you want a good Job with some respect,learn a trade.",0,2024-04-06T14:09:56Z,5DZlA-j__5E
"I worked at a place that run the same kinda model, constantly monitored, start of shift meetings that show you all on a graph with your performance, searched on your way out of every shift, questioned about the clothes you are wearing (constantly accusing you of stealing effectively). The final straw for me was being expected to work a 14 hour shift into Christmas Day. I walked out the morning of the 23rd and didn't go back.",0,2024-04-05T22:52:55Z,5DZlA-j__5E
I made it a year in the wearhouse and 2 years driving for them. I’ll never go back unless I’m desperate and I’ll go on welfare before I ever work in the warehouse again,4,2024-04-04T17:21:30Z,5DZlA-j__5E
I completely feel this. Just finished a full 4 day week of stowing and I think that might be it. I’d rather be broke again than slave away for corporate profits.,21,2024-04-04T12:21:38Z,5DZlA-j__5E
I wish everyone quit working there,1,2024-04-03T11:46:11Z,5DZlA-j__5E
Thank you for sharing your stories with us. i always knew Amazon is horrible to work at because there is a high turnover rate,0,2024-04-03T10:33:08Z,5DZlA-j__5E
"Bro I don’t want to assume anything but you seem like the type of dude that hasn’t worked much in your life. All the things you are complaining about is common knowledge to people that actually worked when growing up. Yeah Amazon warehouses suck, water is also wet.",0,2024-04-02T10:36:59Z,5DZlA-j__5E
"thieves at work is very normal, we live in shit society",0,2024-04-01T15:45:26Z,5DZlA-j__5E
I've been a driver for 2 years and this guy is spot on as far as station warehouse work as far as I've seen. It's just as crappy for the driver if not worse,1,2024-03-31T20:21:12Z,5DZlA-j__5E
"You have one of many thousands and thousands of horror Amazon worker stories! Thanks for sharing your horror! Jeff Bezos the Amazon multi-billionaire has no heart for his employees!!... Not even enough heart to take a fraction of just ""one"" of his 
days profits and equip all his facilities with air conditioning, it is a modern day slave labor outfit with a profit over people business model.  SEE WHAT BEING RICH AND GREEDY DOES TO PEOPLE?  it's a damn shame!!",0,2024-03-30T02:17:06Z,5DZlA-j__5E
This guy has never had a real job had to work 4days a week for good pay and couldn’t hack it lol. You don’t get good jobs because of the tattoo face which was your choice ..I have two sleeves but was never dumb enough two ruin my future with face tattoos and I know for a fact Amazon has air conditioning In their buildings go back to wal mart and stop making videos,0,2024-03-29T04:22:28Z,5DZlA-j__5E
Sounds like working for weyland-yutani,0,2024-03-28T10:20:09Z,5DZlA-j__5E
I remember when I worked at the delivery station and my first day I lost one hour of my paycheck. They didn't have my badge ready so it was impossible to clock in on time. I eventually left a month later because the pay wasn't worth it. They also micromanage everything you do which became annoying.,2,2024-03-27T14:28:09Z,5DZlA-j__5E
I never gave a 2 weeks notice in my life. I can't keep a job for shit. Fuck being a wage slave.,0,2024-03-26T05:15:05Z,5DZlA-j__5E
"I considered going to amazon before, I went as far as the initial program and when it got to having to piss into a cup, and being told you get frisked to make sure you not stealing stuff, alarm bells went off and I could never work under that level of mistrust.  So I just walked out.  I don't do drink or drugs either.  I just think they would destroy my soul and make me feel worthless.

I'm worth more than that.",0,2024-03-25T02:57:10Z,5DZlA-j__5E
You are 100% correct. I worked there as a 2nd part-time job. I was in shock at their practices. Thank you for being transparent.,4,2024-03-25T02:33:47Z,5DZlA-j__5E
100% my experience as well. My building luckily was only 1 story but just was super long. And luckily the short time I worked there it was cold so I could wear a hoodie and beanie with airpods in so no one could see them and jam out. Glad your liberated fuck Amazon for sure.,1,2024-03-25T00:43:33Z,5DZlA-j__5E
This is what happens when there isn't a Union to watch out for workers.,0,2024-03-24T20:26:30Z,5DZlA-j__5E
"I did the delivery driver job for Amazon 4 10 hour shifts & lasted 3 months, that Job sucked ass, you start @ 11:00 am & I worked until sometimes 10:30 pm, the worst part was when I finished my route they would make me go help another driver, that got old real fast",12,2024-03-24T18:46:12Z,5DZlA-j__5E
"I quit the Post Office after 6 months.  Everything was true.  I thought I found something I could do for 20 years, retire get a decent pension and it was nothing but a place full of scum.  It was low class people who now all of a sudden have authority and they let it get to their heads.  If it weren't for the post office these people would be bar maids and bus boys.",71,2024-03-24T17:11:45Z,5DZlA-j__5E
"None of this story is adding up at all ….i get that you might feel shame for screwing over your wife on the finances, but please be honest about it….i worked in the biggest Amazon facility in the US and we had a ten minute window for punches….five minutes prior and five minutes after ….there are punch machines everywhere and they will not schedule MET out of the blue for one hour only ?  

So much of this doesn’t make sense at all",0,2024-03-24T17:08:45Z,5DZlA-j__5E
"When you have a family to support you do what you gotta do, the way things are looking right now you better bust ass and look like employee of the month because in the coming months getting a job that can pay the bills is going to be hard to find….",0,2024-03-24T16:19:03Z,5DZlA-j__5E
things like this is why it makes me feel like shit every time i order from amazon.,0,2024-03-24T16:00:04Z,5DZlA-j__5E
Yeah its a sweatshop. Its paid slavery and you are seen as a robot. Definitely not a place i would work at. Would rather be jobless.,1,2024-03-24T15:57:20Z,5DZlA-j__5E
It you dont like to work a warehouse is the worst place to work at especially amazon. Try any other warehouse and you will see that amazon is lightwork but chances are they wont even hire you without a physical or without forklift experience.,0,2024-03-24T15:32:13Z,5DZlA-j__5E
Warehouse work is suppose to be labor intensive and made for heathy fit men. Amazon hires too much lazy workers and too many females. They do waste money on these type of employees but than again they become temporary staff that they can easily replace. Bezos realized why interview and do physical wellness test when most will quit. I its a major weakness for amazon and in the future could be the reason it goes bankrupt.,0,2024-03-24T15:31:13Z,5DZlA-j__5E
This is the reason for mass immigration. They will gladly take these kinds of jobs.,0,2024-03-24T15:13:12Z,5DZlA-j__5E
Minute late loose a hr money goes straight to Wall Street Amazon all about the stock market.,0,2024-03-24T14:40:08Z,5DZlA-j__5E
"They gave you a job ????
Really",0,2024-03-24T14:33:03Z,5DZlA-j__5E
Not everyone can cut a hard days work. Dudes soft 🥴,0,2024-03-24T14:18:08Z,5DZlA-j__5E
"Work like a slave”..
Show me your stripes…
Should have bruises on your back, bottom, and legs..
Plus you… practically ran away..😮aweooOh Sheeei’gh.!",0,2024-03-24T14:12:33Z,5DZlA-j__5E
"Never worked for Amazon but FedEx was horrible for me. I I'm a small woman and they put me on the belt unloading packages, I quit after 2 weeks.",0,2024-03-24T14:06:03Z,5DZlA-j__5E
Good on you for trying brother. Never know until you get in there and get your hands dirty. Some jobs just aren't for everyone. Other people it might be perfect for.,4,2024-03-24T13:27:11Z,5DZlA-j__5E
Amazon is giving away jobs…… That is a Red flag and not something to run to. This man will not make it in most industries.,0,2024-03-24T13:13:06Z,5DZlA-j__5E
Lol you look like you quit after 3 days,0,2024-03-24T13:05:38Z,5DZlA-j__5E
Modern day slave labor with average pay....,0,2024-03-24T12:00:10Z,5DZlA-j__5E
"Dude, how is Bezos going to muck around in his spaceship, if he doesnt steal money from your pay packet? I feel your pain and I commiserate. Scribbling on your face has reduced your employment opportunities. Pay to have them lasered off, its gonna hurt, but being homeless will hurt more.",0,2024-03-24T06:40:30Z,5DZlA-j__5E
"I worked amazon in 2020 at a branch at mondelez warehouse, did drugs in the bathroom came out n ate candy out of all the boxes and did half the numbers n my boss never said shit, didnt show up for 2 weeks n still didnt get fired😂 the reg amazon warehouse sounds way worse",0,2024-03-24T04:22:27Z,5DZlA-j__5E
"I'm 45 now. Its crazy to think back to when I was 20. I used to build houses outside from 95 degrees in the sun or 0 degrees out with 30 mile an hour winds. The bosses where complete animals , they used to physically assault people on the job. They would work people until they would drop. If I remember correctly I think they started you at like 12 bucks an hour. I can't believe I used to put up with that lol.",22,2024-03-24T02:30:36Z,5DZlA-j__5E
I quit Amazon and went to Chaterbate,0,2024-03-23T21:16:17Z,5DZlA-j__5E
"I applied to be a driver and omg. It was a 3 day test on how to become a driver for Amazon, they expect you to be a robot. Warehouses are all the same these days.",0,2024-03-23T21:00:30Z,5DZlA-j__5E
Amazon is not American at all lol,0,2024-03-23T20:57:07Z,5DZlA-j__5E
"I'm done with Amazon. I'll spend more to get less, slower, and go farther to do so. Lots of ethical reasons why, but this is big part of it.",3,2024-03-23T17:57:26Z,5DZlA-j__5E
Have you ever had a full-time job before this,0,2024-03-23T15:31:42Z,5DZlA-j__5E
TBH no disrespect to you boss But you might be able to get a better paying job if you removed the graffiti off of your face. Good luck to you,0,2024-03-23T15:19:45Z,5DZlA-j__5E
Wish I could show you my shocked face. Being you look like such an accomplished hard worker,1,2024-03-23T14:03:50Z,5DZlA-j__5E
Listening to a Grown Human Man with Face Tats complain about Working sounds like a Bitch to me .,0,2024-03-23T13:12:16Z,5DZlA-j__5E
"Reality is, none of us are all that special and until you find a way to escape the machine, you have to be part of the machine. Your value determines your wage. What that is there is a job, working like people always have before you. That’s the way it works. You work a whole hour to get paid a whole hour. There’s nothing fun about it. I’ve done some boring, redundant jobs, but I accepted it because being broke and unemployed is a worse predicament, especially if you’re a white guy who doesn’t have an ounce of privilege. You are the lowest caste there is in this country when it comes to opportunities and privilege.",0,2024-03-23T12:35:50Z,5DZlA-j__5E
Warehouse nightmares are true… lol,0,2024-03-23T09:41:58Z,5DZlA-j__5E
This is 100% accurate about warehouse slave labor People. Ya”ll been warned,3,2024-03-23T08:36:50Z,5DZlA-j__5E
"We were on a point system. If we got 10 points before a whole year, they’d fire us. If we’re late a minute to clock in, they’d give us a point. Coming back from lunch a minute late half a point. Hearing your story is like mine. Keep hearing the beeping noise in my mind not being at work. Having nightmares about work. Etc fkn hated my Nike ware house job.",0,2024-03-23T08:30:58Z,5DZlA-j__5E
"I was an  Amazon delivery driver since 2018  making only $15hr at the time  and it was a disaster. They had issues with payroll and didn’t get our first paycheck for weeks. Few months later, we clocked in and was told that Amazon is laying us off   due to Amazon transitioning to DSP(Delivery Partner Service). It’s basically a third-party where you create your own LLC and the hiring their  own  delivery drivers but you’re under the Amazon umbrella abiding by their policy rules and regulations. Finally quit January 2024 only making $19hr. Amazon is not for the weak it A LOT of work",0,2024-03-23T07:09:38Z,5DZlA-j__5E
I played d1 college football and it was too much work for me stg,0,2024-03-23T06:18:50Z,5DZlA-j__5E
"I worked at amazong same thing this guy did, and the hours are shit and staff is shit and no one really cares about the job the stowing sucks the rules suck and constant beeping like fr I would go home and hear the beep the constant lifting and pulling dont work for amazon",1,2024-03-23T02:15:43Z,5DZlA-j__5E
This dude with face tattoos. Hell be working ahit jobs forever.,1,2024-03-22T20:09:58Z,5DZlA-j__5E
I thought one big advantage is you work only 4 days a week. Maybe not :(,0,2024-03-22T16:44:00Z,5DZlA-j__5E
Amazon doesn’t even drug test workers for weed,3,2024-03-22T15:51:44Z,5DZlA-j__5E
6 hour shifts would fix alot of nightmare jobs those extra 2 hours make a huge difference but i would never work a 10 to 12 hour shift we have been scamed,0,2024-03-22T14:57:43Z,5DZlA-j__5E
"It happened to me. 7-3pm changed to 4am til 2pm but now they're adding these 10-hour shifts where randomly in between the shift change you could not be paid for a whole hour and you just have to wait around until the shift starts again. The management was so bad that they wouldn't train me in to anything else for most of the time that I work there I had worked there, so basically I would just move boxes all day everyday doing the same exact thing with no variation for 10 months straight. It's a joke of a job and I would rather die than to work for that company.",0,2024-03-22T11:59:17Z,5DZlA-j__5E
I called in to one of those great big Amazon warehouses looking for work and the reception felt so utterly foreboding I just thought 'no way' and walked away I needed work but not that badly .,0,2024-03-22T10:39:25Z,5DZlA-j__5E
"Coca Cola is the same way. Most of warehouse jobs today are the same way. You’re a machine, not human to them. You have to get in & out of there. No long term job. You will be replaced by MACHINES. It started already.",1,2024-03-22T09:50:50Z,5DZlA-j__5E
"I lasted only a month as an amazon driver. I got a flat tire and they insisted on using the phrase ""so you punctured your tire is that right ?"" And then at the end of the month i get the paycheck but it says ""damage to property -45$"".
What a joke.",1,2024-03-22T06:30:31Z,5DZlA-j__5E
Ngl I work at an Amazon sortation center and it’s the easiest job I’ve ever had. None of the boxes are heavy so it’s not very tiring. The hardest part is standing up the whole shift. I’m sure the other warehouses are different tho,3,2024-03-22T00:14:07Z,5DZlA-j__5E
14:02 fed ex changes shifts the night before you gotta keep checking the app too,0,2024-03-21T22:36:07Z,5DZlA-j__5E
I thought about going to Amazon after this video hell no,0,2024-03-21T20:47:26Z,5DZlA-j__5E
I would be pissed if they dock my pay after working hard there hell no,0,2024-03-21T20:46:12Z,5DZlA-j__5E
things are legal at Amazon because  Bozos is worth 200 BILLION dollars. Simple.,1,2024-03-21T18:40:09Z,5DZlA-j__5E
I feel like everyone should work a trash job like this to help you build better work ethic.,2,2024-03-21T18:18:29Z,5DZlA-j__5E
Ask construction workers about thier experience working!,1,2024-03-21T17:19:25Z,5DZlA-j__5E
"When I went into the workforce 32 years ago, everybody worked like that and you just accepted it because it was a job. There were more people than jobs back then. No offense man, but you’re just soft which in your generation is pretty much the norm. You guys have lived a different life growing up than we had. We spent our time doing things outside, often the things we did was work. We didn’t have computers or video games to sit in the house all day doing and our parents expected us to to more I believe. I remember when I was 18, I worked in a plastic injection mold shop full time and you’d be on your feet at a machine the entire shift, couldn’t leave for the bathroom, trimming the flash off and boxing 11,000 plastic parts a night. I thought it was pretty brutal, but everybody around me worked good. I got into machine shop work. It’s not extreme like that. OT is a good thing. I’ve made a killing in my life by OT. When you have a family, OT beats working two jobs at straight time. That being docked a whole hour out of pay for being late, yet being expected to work means you show up 58 minutes late if you’re gonna be late. Life is unfair and yeah, you’ll be a piece of a machine until you put enough bucks together to do something. There’s really no way out of work in this life. It’s a no brainer job where you have to be busy working the entire shift, nothing more. Maybe find a trade to learn, but I’ll warn you, that’s hard work too, but you’ll make more in the long run. The best people are capable of multi tasking and getting lot of work done. If you’re slow, you won’t make it in a trade. 60 hours a week is just the norm for me. I’d look at 36 hours as retired. Good luck with things moving forward. Could always be worse like working in a woke corp Nike or Apple factory overseas and living there the way the slaves have to live there making 2 bucks a day. Amazon warehouse is just a woke corp located on US soil, otherwise they’d also pay 2 bucks a day like their brothers Nike and Apple.",0,2024-03-21T16:30:21Z,5DZlA-j__5E
Working for Amazon is the definition of wage slavery,15,2024-03-21T13:39:27Z,5DZlA-j__5E
Good for you for quitting!  Fuck that and fuck them!  This really makes me want to not order from them anymore.,0,2024-03-20T17:14:59Z,5DZlA-j__5E
imagine wanna do serious job with face tatoos lol,0,2024-03-20T16:47:19Z,5DZlA-j__5E
Surprised they hired u with all that stuff on yr face.  Sound like a dead end gig.  Glad u quit,1,2024-03-20T15:33:26Z,5DZlA-j__5E
"It's true, face tats do not make you tough.  Bro , its called work for a reason.",2,2024-03-20T10:53:39Z,5DZlA-j__5E
Ha❤ sounds like a great job compared to roofing,0,2024-03-20T07:49:22Z,5DZlA-j__5E
You quit life judging from those face tats,5,2024-03-19T21:43:40Z,5DZlA-j__5E
Terrible place to work. Everyone I know didn't last a week.,0,2024-03-19T08:15:22Z,5DZlA-j__5E
Sounds similar to food service Jobs worked one 10 hours a day no breaks companies doing this shit to people is a huge problem in the US and they wonder why no one wants to work,0,2024-03-19T00:41:22Z,5DZlA-j__5E
"The whole bit about the lunch going missing is relatable at the factory jobs I worked. People would constantly take my bag, go through it, realize I didn't bring anything you can get out of the vending machine and then put it back somewhere totally random. At least where I worked we got an hour to eat.",0,2024-03-18T19:28:57Z,5DZlA-j__5E
I told ppl walking into the warehouse felt like walking into a plantation 😂😂😂,59,2024-03-18T06:40:12Z,5DZlA-j__5E
Ur not wrong i was a driver and it was bullshit bro u gotta be a fucking crackhead to get the job done amd i thought and i loved it because like u said good.paynamd opportunity but ur disposable,1,2024-03-18T03:57:29Z,5DZlA-j__5E
"People working menial jobs expect to be making bank.

🤣🤣🤣🤣🤣

Get a degree, increase your stress. 

Making more money comes with an increase in stress.

Yet, you menial workers want more money 

🤣🤣🤣🤣🤣",0,2024-03-17T18:44:41Z,5DZlA-j__5E
I’ll never work for Amazon ever again. EVER AGAIN!!!!!,0,2024-03-17T17:28:29Z,5DZlA-j__5E
"Something gives me the impression personal accountability and self awareness are not exactly this guy's forte........ and it's got nothing to do with his awful face tattoos. (which btw, are hilarious juxtaposed against a whiny video diary entry like this lol.... but I guess that's just where we at these days.... oof. I definitely don't make the same associations in the 2020s that I used to when I would see someone completely tatted up). Gonna go out on a limb here and say excuses are a big part of his daily toolkit. Pretty obvious just from the way he talks, regardless of how this amazon situation actually went down. Good grief, dude. This was hard to watch. The comments are equally cringe-inducing. One can make some reasonable assumptions about how all you guys vote. I'd love to hear the other side of the story from all his employers, and see what he's up to today. Forgive me for saying this, but I can sort of get a picture of the dynamic between him and his wife, and it don't look good for him. Poor girl needs some self-esteem. (sorry! 😬🤷‍♂)

In regards to them taking an hour of pay... Hey ever stop to think why they had that consequence in place for being late, especially to such a time-sensitive occupation? Could it POSSIBLY be that the nature of this job is they deal with a lot of the sort of applicants that are late their FIRST week of work, like you apparently were? looooooool.... sigh. ...and he has ""Loyalty"" tattooed on his face haha, man.... don't go to prison, dude, whatever you do. It's not gonna go well for you and no one in there will entertain how you feel about it.

This concludes my unsolicited and scathing analysis. Sorry for being a prick, but damn. I genuinely hope he has been growing since this, but I kinda doubt it based on how deep seated and natural his attitude/M.O. comes across in this video. The archetypal millennial, perhaps. And good luck to all the rest of you in the comments that also can't see things for what they are. jeeeeeeez. 🤦‍♂ ✌",2,2024-03-17T04:06:34Z,5DZlA-j__5E
"Working at Amazon is simply a race to the bottom, did two months there and they locked me out of the facility on some bullshit about ""too many attendance marks."" It was the most disconnected and robotic work environment in my existence in that robotic hellhole lmao.",0,2024-03-16T16:19:29Z,5DZlA-j__5E
I hope unemployment don't find out you quit especially if you currently collecting.,0,2024-03-16T13:42:26Z,5DZlA-j__5E
"I find it hilarious when the left (not saying anyone here is) criticizes American working conditions while they are far better than China, Cuba, North Korea, and the old Eastern Block yet praise those areas LOL",0,2024-03-16T13:32:37Z,5DZlA-j__5E
Well you know I can say that the main reason why Amazon is so great is because the super fast shipping b/c of the hard workers like you.,0,2024-03-16T04:17:05Z,5DZlA-j__5E
"People really need to quit with this ""How could ___________ happen in the wonderful United States of America?"" garbage.  It's happening in the wonderful United States of America, you have now seen it for yourself.  It's up to We the People to make the ideal image in our rose-tinted glasses into reality.  I'll hold onto hope, but I won't hold my breath.",1,2024-03-16T02:12:10Z,5DZlA-j__5E
this is why they letting all those illegal alliens come here ..to gladly take jobs this guy complaining about,2,2024-03-16T02:03:26Z,5DZlA-j__5E
"Yeah fuck , I’m so tired of my job right now, it’s so painful to go to work, I just want to make money doing something I actually enjoy, I’ve worked shitty jobs my whole life and now I’m 45 and I’m just over it, I got a plan to record songs and write books and make some YouTube channels, anything to get out of wage slavery, even if my current job doesn’t workout I’m gonna have to get another shitty job until one of my ideas works out, I’m not a sheep and I’m tired of slaving my life away at these jobs",1,2024-03-15T19:22:44Z,5DZlA-j__5E
Not they only paying 18 an hour during pandemic…wow,0,2024-03-15T16:29:00Z,5DZlA-j__5E
Bro!!! No disrespect but you sound super winey!!!! You WORKED 4 days bro😂!!!! If you have a family you have to do what you must! You  must stay with your parents bro!!!!,0,2024-03-15T15:08:09Z,5DZlA-j__5E
Amazon is just like Boeing: disgusting scumbags companies!,1,2024-03-15T02:50:24Z,5DZlA-j__5E
"you did well . why they push you to work overtime just to fullfill the clients. thats why is fullfillment center , be cause what matter is the client not you. you just a tool.",1,2024-03-14T22:24:24Z,5DZlA-j__5E
That's some bull!!  Screw Amazon,0,2024-03-13T17:37:02Z,5DZlA-j__5E
I didn’t think dudes with tattoos on their face Could be that picky about getting hired I mean I’ll take any job.,0,2024-03-13T17:07:43Z,5DZlA-j__5E
Unionize Amazon,0,2024-03-13T15:40:55Z,5DZlA-j__5E
"The lower the pay the worse they treat you... This sounds insane and awful, I thought Walmart stocker was bad. lol  At least there you just get pallets of stuff and left alone to stock... ""get in trouble"" lmfao... wtf... and they're taking your pay for an hour as punishment that doesn't even sound legal. After getting fired from a minimum wage weed store job I was like F all this I'm going back to web development, it took a few months but I got a very nice salaried position, totally remote, good company. Keep aspiring for more.",0,2024-03-13T01:02:26Z,5DZlA-j__5E
"And I bet ur 1 of them that complain about Mexican people working in this country. I tell u what go do what most immigrants do, pick some fruits and veg's . Guess what the fields have no A/C! And make less than 1/2 what u got paid and fill a bushel of cucumbers in less that 15 mins! Bent over all day in the hot sun. U would beg them to give u ur job back at Amazon!",0,2024-03-12T22:50:41Z,5DZlA-j__5E
"How dare them expect u to work! Sure u should be able to make ur own hours, And there wasn't any A/C!? u had to pick up a something every 15 min.'s ?unheard of! / I swear we so spoiled this generation sooo bad! Did u even finish school or go to college? {Doubt it!} I know get a couple more face tats that will help! ""Can't fix lazy AND stupid!""",0,2024-03-12T22:39:20Z,5DZlA-j__5E
Fuck Amazon I’ll never work there again,0,2024-03-12T20:50:51Z,5DZlA-j__5E
"I quit Amazon mid shift, I had the van loaded up did the parking lot swing. Decided to quit right then and there went back to the parking lot and left the keys in the van and left, found another job in less than a week",37,2024-03-12T19:59:41Z,5DZlA-j__5E
Everything you're saying is true.  But look at yourself. You got tattoos all over your face like a gangbanger or something. What kind of job do you expect to have?,1,2024-03-12T04:08:00Z,5DZlA-j__5E
Clock in a minute late and they don’t pay your first hour working there?  Lol that’s bs,0,2024-03-11T18:45:06Z,5DZlA-j__5E
"When white people are forced to do JOBS
That black people have been doing for decades
The rude awakening",1,2024-03-11T14:54:16Z,5DZlA-j__5E
"Maybe if you didn’t have someone scribble all over your face, you wouldn’t have to work slave labor.",1,2024-03-11T12:17:46Z,5DZlA-j__5E
I worked there for a month….. they were always bitching about something and having me come to stand up. Randomly drug tested me even tho I never crashed or had any PIT accidents. And they are always watching you. Your mental and physical health will be affected,0,2024-03-11T07:05:18Z,5DZlA-j__5E
I worked your exact shift at Citibank in my early 20's.  Thank god I got fired.,2,2024-03-10T15:40:17Z,5DZlA-j__5E
Something tells me that was three days longer than most of your jobs last.,0,2024-03-10T13:48:35Z,5DZlA-j__5E
I worked there too. Amazon has made improvements. I quit recently. But deal with HR  they will fix it.,0,2024-03-10T05:01:07Z,5DZlA-j__5E
"I quit right after the interview, screw slaving for billionaires",16,2024-03-10T04:32:25Z,5DZlA-j__5E
"Bruh, this is the way it is.
You have to make it work!
I shovel shit for 45 years and I'm crippled up now.
They're paying you a good living and you have to earn it.
🕯🕯🕯",3,2024-03-10T01:59:34Z,5DZlA-j__5E
"Do we all need to boycott Amazon together, if Covid taught us anything its that the little people matter most. WE keep the world turning.",1,2024-03-10T01:51:41Z,5DZlA-j__5E
Why didn't you pick a different shift numbnutz. Man up. That's why its called WORK Inky. You've obviously never worked hard in your life.,0,2024-03-10T01:48:29Z,5DZlA-j__5E
Yah years ago my son went to work for Amazon. 1st day orientation they told him you’ll prob be sore first few days and wanna go home take an epsom bath which he did.  After 3 days he said that’s it and quit.,1,2024-03-09T21:49:05Z,5DZlA-j__5E
f any job that doesn't treat you well. I'll never take any of these entry level jobs that anyone can get seriously. Always giving minimum effort for the little pay they give me. Idgaf.,0,2024-03-09T04:05:26Z,5DZlA-j__5E
Yeah people at Amazon are strange asf lol,0,2024-03-09T01:48:37Z,5DZlA-j__5E
Amazon is like that in carlsile pa amd has 2 deaths and still ignore safety protocols...,0,2026-01-29T21:39:32Z,BgmHdsZZX1I
Amazon in pa is like that in carslile..,0,2026-01-29T21:38:56Z,BgmHdsZZX1I
"Hello. My start date is on the 11th of this month, but I’m unsure if I actually want to go or not…. I work at a Walgreens as a lead shift member. I make 14.25,  but when I get my pharmacy tech license, I’ll get boosted to 15.25. My Amazon shift is 7-5:30. I love morning shifts and it’s what I’d rather work than nights or overnights… my position says Shipping, but that’s literally all it says. Do you think it would be worth switching to Amazon?? My job now is a 30 minute drive, whereas Amazon would be like a 20 minute drive at least. And I will be working Wednesday-Saturday.",0,2021-08-03T18:48:35Z,sHOWf2eotPc
did you quit??,0,2021-07-30T18:03:31Z,sHOWf2eotPc
"Well, you haven’t done 10hrs plus overtime. U think part time 8hrs is bad. Also, I work at the one in Mississippi and everyone has a different experience. Where I work, they do time you when u go to the bathroom, etc. they call it time off task and it does feel like slavery to me. Making rates and everything else,  so you were lucky. I’m full time 10hrs 40 hrs plus 10 a week for MET and my body and mind are dead.",0,2021-07-08T00:52:56Z,sHOWf2eotPc
EVERY BLACK CHICK COMPLAINS ABOUT WORKING. DID YOU CHILD SUPPORT NOT COME YET?,1,2021-07-06T16:54:14Z,sHOWf2eotPc
"Hi CC, I work at a delivery station in New York City.",0,2021-05-30T23:07:16Z,sHOWf2eotPc
Listen let me tell you this im a janitor at amazon its terrible we have to walk unbelievable amount of miles a shift,1,2021-03-06T01:59:49Z,sHOWf2eotPc
"Tbh i hate working at Amazon. I'm about to finish my last week amd head out. The only reason i quit is because the management is shit where I'm at, they contradict each other constantly and i get audited any time i fuck up.  A example is one time I was picking and i pick around 2000 items a day and a manager comes up to me to say i missed 6 item 3 weeks ago. When i pick around 2000 items a day 😑. Not just this but i had a manager come up to again and tell me i to keep all the items in the totes and don't overhang items. Like no shit. The next thing i have to say is for me its depressing going to work because im stuck there all day and i get barley any free time to my self at all at the end of the day. I'm also pissed off when coming home and feel like I'm over worked. U have to hit a pick quota and its 400 items in the last hr and i hit 800 to even a 1000 items at times and i get nothing from managers or any one hire up. I got so down and felt so over worked i got on my phone (which your NOT supposed to do) because of how bored i was and how much work i do i feel like i needed a break. But a guy comes over and lays into as much as possible and treats me like I'm in 5th grade and cheated on a test. Like all he had to say is ""your not supposed to be on your phone and give me a warning or wright me up"" but he talks down to me like im a idiot and says he's gonna ""have a manger come over talk to me about what i did"" like my guy u are a manager! And of course the place is so disorganized nobody came over to talk to the bad kid in class. To talk about the dysfunction in amazon warehouse. I come to work most days and people dont know where the fuck to put u or i dont appear on the tv screen that tells u where to go. So a manager or someone is usually sitting there telling u where to go if your not on the screen. And im told go up to the 3rd floor and talk to such and such at stand up. I go ip there guess what? THEY DONT KNOW WTF TO DO WITH ME so im sitting on my ass for 1hr and a half and being taken to 2 different break room across the warehouse and finally get a position. I feel like your underappreciated and i feel like just a number to them an honestly after only a month im DONE. Thats why people say your treated like a dam slave fuck Amazon.",11,2021-02-08T02:05:33Z,sHOWf2eotPc
"i work night shifts and they are 12 hour shifts. ive only worked since the beginning of november 2020 and i have seen my doctor more then i ever had in the last 5 years. by the 2nd week my doctor put me on Accommodations. the job itself is easy. but the amount of time on my feet and how we are trained to properly lift takes a toll on your body. also the anxiety you feel knowing your ""disposable"" doesn't help. but i keep pushing because i know it will get easier the longer i push myself",0,2020-12-15T09:37:40Z,sHOWf2eotPc
"Hey girl, thank you for this honest review. I love how you stuck it out until you got
the position you wanted. I'm starting off night shift because it was the only shift available with decent hours. Dont know what the future holds but I'm open to it! You've definitely encouraged me greatly. Thanks again 💛",5,2020-11-01T23:49:19Z,sHOWf2eotPc
"I'm looking to apply at the warehouse near my home, however I only really need a part-time schedule.  Can you tell me what the least amount of hours the warehouse offers?  Great video by the way.",0,2020-09-21T15:40:43Z,sHOWf2eotPc
Is blue badge for 40 hour people only? To be considered full time is it 40 hours a week? I heard you say you worked 32 hours on day shift and that’s considered full time? Thanks for sharing your video,1,2020-09-12T13:07:05Z,sHOWf2eotPc
One question when you need to use the bathroom not on break or lunch but when you are on your job machine forklift or any job. If I want to use the bathroom what are the rules? Stop my work and just go or do you need to ask a manager and if there is no manager around then what do you do? Lol seriously,1,2020-08-30T01:24:02Z,sHOWf2eotPc
"When Amazon gets inventory delivered, do you know why it takes sometimes weeks to get checked in?",0,2020-08-28T05:30:45Z,sHOWf2eotPc
My thighs hurt so bad😩 just finished my first week working 12 hrs a bad,1,2020-08-24T15:21:13Z,sHOWf2eotPc
I stg I saw you at work or maybe you have a twin,1,2020-08-21T10:22:22Z,sHOWf2eotPc
I started august 6 and i got to say it’s pretty easy i work overnight 6:30pm to 3am I’m usually doing something different all the time i do picking stowing either on the floor or on the op or in the chiller inbound outbound paletizing everything they gave us such a crash course we were considered trained within 2 days i have been driving the op and picking on it so that’s fun the only not fun thing right now is they have us on mandatory overtime so my 8 hours got extended to 10 so instead of being off at 3 I’m off at 5 it sucks a little but hey they are giving us a 200 dollar bonus if we work 50 hours in 2 weeks which we kinda have to cause of met but hey I’m looking to become a problem solver real soon,0,2020-08-19T09:52:07Z,sHOWf2eotPc
Slave or not you're still just a number they will fire you over something that is beyond your control and have you replaced within a months time that's why the turnover rate is so high,11,2020-08-15T02:30:50Z,sHOWf2eotPc
"I work at Amazon. They do expect you to go to the restroom on your breaks. I guess every Amazon is different cause I'm doing part time it's 12 hours shifts Thursday, Friday, Saturday. When I applied I was told I was gonna be a blue badge employee. I'm a white badge yet my son whom was in the same group as me is a blue badge. We applied for the same time we didn't get that either. So when asked I was told wherever they need help that's where they would place you. I'm like ok it's like that. Yet more than 30+ ppl left in one night and on my first night at Amazon. But it's not a hard job. If your not physically active here at our Amazon then I don't know what to say. But I do love all your videos, been watching you since before I started working that's why I was happy to work for Amazon. Just wish this  Amazon was like other Amazon's I hear about on most videos well there staff and shift managers could be better.",4,2020-08-13T00:02:07Z,sHOWf2eotPc
"you are so right!...my experience is same as your'se... i been there a month and a week .. i dont see any slavery treatment, yes they expect you to hit a weekly rate every week, but i dont tink they give you a slavery treatment .. some people are just lazy and put many excuses when it comes to work, and others see their own perspective in their own way.. they give you 30 min paid breaks.. then i get another 30 min break.. i can use to bathroom when i want.. i dont see the slavery treatment some people just have different on how they see things",18,2020-08-12T19:05:33Z,sHOWf2eotPc
"So am i partime ?? I work 3 days Thurs-SAT

( NIGHT SHIFT )",0,2020-08-12T03:00:38Z,sHOWf2eotPc
"i started working last saturday and i can say the job is very easy, although it is very hand on it is super easy. the only thing i can say i don't like is how freakin stagnant the job is and doing the same thing everyday, the monotony just drives you insane. for those who are about to start, dont be discouraged, try it out for yourself and make the most of it.",29,2020-08-12T02:54:57Z,sHOWf2eotPc
I start working at amazon next week in receiving,3,2020-08-12T02:42:05Z,sHOWf2eotPc
"Amazon do treat you like slaves, you're only speaking from your experience... but other videos say differently.... lots of them",3,2020-08-12T01:39:35Z,sHOWf2eotPc
Thank u for ur honest review I am going to apply for amazon and honestly I see so many reviews I just think people are just so lazy and not use to doing hard labor but is a hard thing but is also an exercise for ur body which is a good thing keep doing ur thing girl and grow ur way up from there,12,2020-08-12T01:32:28Z,sHOWf2eotPc
"I don't understand why this video is still getting over 100 views every day 2 whole years after I made it, and has been my most viewed video each day for most of the past several months. In fact, most of it's views came well over a year after it came out. I don't even work here anymore!",6,2025-09-28T13:35:58Z,1rH5fdPq-Qg
Ive also been at Amazon 4 times😂,2,2025-11-04T18:35:34Z,1rH5fdPq-Qg
My 4th First Day At Amazon Is October 1st. Pray For Me 😭😭😭,10,2025-09-13T02:07:33Z,1rH5fdPq-Qg
Bro I work at Amazon for like 1 year or two I got blue badge on the August 10 as in yesterday now. 😂,2,2025-08-11T08:16:22Z,1rH5fdPq-Qg
You mean Amazon college 😊,2,2025-07-20T07:50:18Z,1rH5fdPq-Qg
What did you do the first day? Do they make you work?,2,2025-05-14T16:26:10Z,1rH5fdPq-Qg
Fox 13 Seattle  I have a story on amazon dumping accidents and not helping,0,2023-08-11T01:01:41Z,92LJAWJL9PI
"All I know is if I ever get a Amazon package with the adhesive strip inside , I’ll know it was packed by this guy .",0,2025-12-30T20:13:16Z,rR4h-V7rO6Q
This is giving me anxiety.. imagine doing the same thing for 10 hours every day for years,0,2025-05-10T06:30:40Z,rR4h-V7rO6Q
"That table is too small to pack orders, I work at MQY1 pack singles we have a big table",0,2025-02-04T21:59:01Z,rR4h-V7rO6Q
"I want this job 😫. How to get it plz help,😂",0,2025-01-03T15:22:45Z,rR4h-V7rO6Q
I’d love to do this job it looks easy and I’m an introvert/extrovert sometimes so this looks perfect for me. If anyone that does this exact job do I have to have to be interviewed?,0,2024-11-29T12:19:44Z,rR4h-V7rO6Q
I hate when Amazon puts an item the size of an apple in a box that could fit 10 apples,1,2024-11-06T22:34:35Z,rR4h-V7rO6Q
"I've worked in a almost exact similar setting, but all is just packing customer order after check out. (Not amazon, but same procedure)
This working speed will get you in trouble because you're considered slow, and wearing gloves will get you in trouble by senior member, not company.",0,2024-10-28T09:45:17Z,rR4h-V7rO6Q
Amazon keşke fotoğraf makinesi objektini sadece bir kese kâğıdına koyup yollamasa…,0,2024-10-21T10:26:43Z,rR4h-V7rO6Q
Good job but Not to brag bro I got 2 months in pack flow now I’m stowing and a waterspider I’m extremely faster then this like if you want me to take a video as well,0,2024-08-06T14:37:22Z,rR4h-V7rO6Q
Watching packaging of Amazon orders is like therapy ❤,0,2024-05-06T06:32:11Z,rR4h-V7rO6Q
This looks like a job I would be interested in,0,2024-05-06T03:03:15Z,rR4h-V7rO6Q
"Hello, I am 13 years old and I would absolutely LOVE to do this job! What schools do you need to study and do you make good money with it?",0,2024-03-19T20:11:25Z,rR4h-V7rO6Q
"Bit shoddy with the work, eh?",0,2024-03-18T12:14:14Z,rR4h-V7rO6Q
what a terrible job,0,2024-02-11T13:42:04Z,rR4h-V7rO6Q
Amazon is a sweet gif honestly. You just move the cheap chinese shit where they tell you. I’m trained in four paths but I mainly stow although I think I’m gonna transfer to pack if I have to change my schedule here soon. Honestly I like picking a lot. Building boxes is kind of therapeutic. That’s a cool thing too the transfer option is so easy if I need it. Amazon is really not bad tbh.,0,2024-01-14T06:21:48Z,rR4h-V7rO6Q
I delivery Amazon in honkong some people buy clothes and sports bra leggings but not people buy food in Amazon,0,2024-01-11T13:18:16Z,rR4h-V7rO6Q
At 0:58 you put the spoo in the wrong area on the box it’s supposed to be where the [   ] is at I’ve been working there for half a year and I know that 🤣🤣,0,2024-01-04T03:05:16Z,rR4h-V7rO6Q
"dreamjob for introverts, if the pay was high like what engineers earn, I would do this in a heartbeat. 30€/hour + wlan and sign me up",0,2023-11-22T14:28:57Z,rR4h-V7rO6Q
"I use to be in stow and transferred into pack and let me tell you. EASIEST JOB OF MY LIFEEEE. Stow was labor as F**K, lifting, walking and going up stairs, I love packing. I’m not allowed to play music so I just sing to myself",0,2023-11-14T23:13:25Z,rR4h-V7rO6Q
I have a few questions what time do you start work and two how much do you get paid though i would like this,0,2023-11-14T02:26:03Z,rR4h-V7rO6Q
When do the shipping labels with addresses get put on and do amazon employees who are packing know the phone numbers that are associated with our addresses?,0,2023-11-09T13:36:47Z,rR4h-V7rO6Q
"I work for Amazon as a driver and I have a problem with this position packing product. 1st they are not protecting the product at all within the box ( every box I'm taking to the customer is either always broken or opened ) 2nd I have had a tub of Clorox pack in a bag which it opened and had nothing but issues in my truck all over, never put chemicals in a bag. 3rd I think Amazon is using wrong tape because it does not hold, by the time I have arrived to a apartment or a complex its already open and we are having problems with customers not wanting the product because they think we are opening the box that's a problem in this case I had to prove to the customer why the boxes are opening.",0,2023-10-27T01:47:39Z,rR4h-V7rO6Q
Music helps alot in this job,0,2023-10-25T17:25:16Z,rR4h-V7rO6Q
How much do you pack in a 10 hr shift?,1,2023-10-22T16:16:48Z,rR4h-V7rO6Q
This kind of packing would never work where i am. You'd have so many damaged items,0,2023-10-22T12:45:44Z,rR4h-V7rO6Q
No wonder my shit is ALWAYS broken when get shit from Amazon,0,2023-10-17T10:21:43Z,rR4h-V7rO6Q
bro i would actually enjoy doing this even for a decent amount of pay bruh,0,2023-09-28T14:23:15Z,rR4h-V7rO6Q
"Más que satisfacción me dio ansiedad de ver lo mal que empaca las cosas, ni se ve lo que piden y es lo que a mi me gusta ver 😉 y que traten bien los paquetes, ahora entiendo por qué mis libros llegan hechos mierda, manda más protegida la ropa que cosas que si se pueden dañar 🤣",0,2023-09-24T21:40:15Z,rR4h-V7rO6Q
"Using the right size boxes makes all the difference. I work problem solve and had a smushed box the other day, and someone literally put two T-shirts in a 296 (which is about the size of a medium moving box, for anyone who isn't familiar). Zero dunnage. I was like YEAHHHH that explains a lot lol!",3,2023-09-09T06:37:20Z,rR4h-V7rO6Q
"So what warehouses put the customer address label and the drivers aid number , sortation center or delivery stations?",0,2023-09-06T02:34:02Z,rR4h-V7rO6Q
Do u have work fast in amazon?,1,2023-08-26T05:54:48Z,rR4h-V7rO6Q
what is this job called? I'm trying to apply.,0,2023-08-22T01:34:07Z,rR4h-V7rO6Q
"I went from being a Restaraunt manager for 9 years to an Amazon packer, and let me tell you I’ve never loved a job more than I do now. This over customer service any day!",2,2023-08-06T05:27:50Z,rR4h-V7rO6Q
"I think that is probably the position that I would enjoy the most in Amazon, I love packaging for some reason... I keep all my boxes at home and reship a lot.. Thanks for the uploads, very informative too :)",1,2023-07-13T06:49:19Z,rR4h-V7rO6Q
Lol my dad said he was working as packing position once and he picked up a box of enormous dildos that were “the size of his arms” 😂😂,0,2023-07-05T17:57:32Z,rR4h-V7rO6Q
"I love seeing what everyone orders. I didn’t expect it to make me as happy as it does, and as dumb as that sounds. But it reminds me of home away from home. It’s the perfect blend of repetition and changing it up. Unlike stowing, I hated stowing. Lastly im a mix of introvert/extrovert so this is perfect !!!",14,2023-06-22T11:35:03Z,rR4h-V7rO6Q
え？海外のAmazonのパッカーさんは、袋モノの梱包のとき、封筒のシールを剥がした紙を一緒に入れるの？,0,2023-06-09T06:19:16Z,rR4h-V7rO6Q
This position is honestly the best one at Amazon… I have quit at least 4xs and when I went back after the 4th 😂 I got put in AFE pack and loved it. Still boring but it’s better then anything else in that place,0,2023-06-09T04:32:40Z,rR4h-V7rO6Q
I usually pick and pack in the amazon warehouse I work at. I choose packing over picking 1000% time goes by so fast and it is peaceful for me since I don’t have to deal w customers or anyone,0,2023-06-07T07:12:59Z,rR4h-V7rO6Q
"Where is customer home address on boxes , how would they know which box is for customer 🤔 I didn't use Amazon...",0,2023-05-29T19:27:49Z,rR4h-V7rO6Q
"I just started a week ago as a packer and I’m loving everything about it, the job is easy and time just flies by!",26,2023-05-24T16:30:40Z,rR4h-V7rO6Q
Thanks for this video! I'm switching from a delivery station to a fulfillment center in 2 weeks. I'll be packing. This looks easy more chill. And if i get a cool pa that doesn't trip about headphones that'll be even better. I am gonna miss my shift differential tho 😂,1,2023-05-14T09:29:08Z,rR4h-V7rO6Q
what is this job position called? im tryna apply for it lol,0,2023-05-10T17:46:38Z,rR4h-V7rO6Q
Jeff bezoz after seeing this:-Workers are doing great 😏😏,0,2023-05-07T06:33:04Z,rR4h-V7rO6Q
"I imagine doing this weekly, day in, and day out for 40+ hours per week. This is Modern day slavery, for a worthless dollar. And I heard jeff bowzoe is a real piece of crap. Sad to say this is actually a step up from many 3rd World Nation's work conditions.",0,2023-05-03T17:27:58Z,rR4h-V7rO6Q
Love it! I scan at a warehouse as well.,0,2023-04-14T06:54:41Z,rR4h-V7rO6Q
Ok I've read the comments but I've got to say his packing is appalling the envelope package is really disgusting that's one person that hates his job,0,2023-04-10T21:45:41Z,rR4h-V7rO6Q
So that's why everything in the boxes shifts irregularly all day.,0,2023-04-04T03:12:07Z,rR4h-V7rO6Q
Here in Britain I'm fed up of Amazon packers putting small items like DVD's in oversized envelopes and packets that won't go through my letterbox when i'm out.,0,2023-03-17T03:09:55Z,rR4h-V7rO6Q
Ummm idk this is my job description and I'm worried you're making it lokk easier than it actually is. Where the heavy shit?? Lol,2,2023-03-15T14:56:37Z,rR4h-V7rO6Q
"Great place to work
Thanks Jeff",0,2023-03-12T02:33:02Z,rR4h-V7rO6Q
初めてAmazonの梱包見たけど商品などの扱いが雑だと思う,0,2023-03-04T12:40:03Z,rR4h-V7rO6Q
"I would jump out the window if I had to do that all day. It's a job, but standing all day, and the repetitiveness of that has got to take its toll, physically and mentally, It's no wonder the average Amazon employee leaves after about eight months.",4,2023-02-23T15:15:51Z,rR4h-V7rO6Q
"I love doing it as I barely have any communication to anyone plus it motivates me to work to buy stuff as sometimes people ordrr stuff I want. But usually just interesting to see what others are getting. The other day someone order book on kids, just after some guy ordering bunch of viagras lmao",3,2023-02-18T09:03:16Z,rR4h-V7rO6Q
"Wenn ich mir das ansehe, wundere ich mich über nichts mehr. Vor allem das der Kunde den Abreißsrreifen vom Umschlag mit zugesendet bekommt.... finde ich nicht gut. Ich als Kunde bin nicht für die Entsorgung von Müll zuständig, der Amazon gehört...",0,2023-01-30T01:08:41Z,rR4h-V7rO6Q
Why is there people walking through his work area?,0,2023-01-26T16:34:24Z,rR4h-V7rO6Q
I want a job there I'm doing with being a nurse,0,2023-01-15T18:47:17Z,rR4h-V7rO6Q
"I love ASMR and ordering off of Amazon I actually applied and worked for a day in sorting, 
long story short I think your amazing I love you and thank you 📦📪♥️✨",0,2023-01-07T07:05:26Z,rR4h-V7rO6Q
"Wow mad respect 4 u all, u all do a great job thank u",1,2023-01-07T04:00:43Z,rR4h-V7rO6Q
I noticed the Amazon worker scanned some shit twice looks shifty the shit he doing look properly I pretty sure if I'm wrong my bad and he also puts some plastic protection pillows in only some boxes and he also took the strip off the glue part on a soft envelope and puts the shit in the package and Chuck's the strip in the envelope too wat a lazy shifty worker wat a waist of a job,0,2023-01-05T11:33:46Z,rR4h-V7rO6Q
My mom ordered about ten gnomes and I’m just wondering what went through the Amazon worker head who package them 😂,0,2023-01-03T19:21:33Z,rR4h-V7rO6Q
I just love to watch you work. You are soo fast!,0,2023-01-03T16:46:40Z,rR4h-V7rO6Q
HUGE thanks to all the Amazon workers. I really appreciate you ❤,3,2023-01-03T02:04:12Z,rR4h-V7rO6Q
Was transferred from Stow to Pack a couple weeks ago. I have the hang of it. But not as fast.,0,2022-12-24T20:44:53Z,rR4h-V7rO6Q
"Might be late for this but what exactly is the name for this job position because I’m searching Amazon packer but nothing is popping up ? 


Thanks 😊",0,2022-12-15T01:21:19Z,rR4h-V7rO6Q
Guys watch me work. Is he allowed to record in the warehouse?,1,2022-12-11T16:33:34Z,rR4h-V7rO6Q
"I just finished my first week as a packer after being a stower for two
months and honestly it’s so much better than stow!",0,2022-12-01T18:06:36Z,rR4h-V7rO6Q
"Goes so fast, how do you even have time to gawk about what they order? That would be the reason I get fired, I don't think I could help it",0,2022-11-17T09:36:55Z,rR4h-V7rO6Q
Minimize movements to increase rate per hour! Think it’s awesome that Amazon knows how much packing tape strip to dispense based on the required corrugated box,18,2022-10-27T14:40:40Z,rR4h-V7rO6Q
Looking at that versus packing personal household goods to a higher standard- I'll go for the packer at Amazon.,0,2022-10-12T01:22:29Z,rR4h-V7rO6Q
"Any job with a speed rate blows,you'll be stressed out",1,2022-10-05T02:20:26Z,rR4h-V7rO6Q
This kinda work kills your soul,1,2022-10-05T02:06:19Z,rR4h-V7rO6Q
This guy makes his rate.,0,2022-09-20T14:34:09Z,rR4h-V7rO6Q
i wanna do this job but i will be in sortation 😕,0,2022-09-17T23:58:30Z,rR4h-V7rO6Q
"Just topped my record today with a 331uph for second period (3.5 hours), wondering what you guys pack at?",0,2022-09-15T17:10:43Z,rR4h-V7rO6Q
This packer job is in the warehouse,0,2022-09-01T01:20:23Z,rR4h-V7rO6Q
"you all deserves a raise for this kind of job! I love watching y'all packing it, makes me want to join in the fun too haha",47,2022-08-25T14:39:14Z,rR4h-V7rO6Q
I miss Amazon u just saw what people ordered and wrapped them up like early or late Christmas presents :),0,2022-08-18T07:51:01Z,rR4h-V7rO6Q
So amazon in America does not put paper packing inside their boxes to stop things moving and bashing around...very odd. They do where i live,0,2022-08-11T22:51:38Z,rR4h-V7rO6Q
I'm very new to this kind of job. I'm a caregiver and want to try something different. I'm getting into this kind of work very soon and was wondering how do u know which items to pack if they're are multiple items,1,2022-08-09T00:14:27Z,rR4h-V7rO6Q
Now this somewhat explain why most packages in amazon comes damage. Why do you have to push the box that hard? I saw another video too of amazon just throwing the boxes and jiffy bags in another big box to it 🤦🏻‍♀️,0,2022-07-17T07:56:53Z,rR4h-V7rO6Q
I worked here. I felt like a Robot.,0,2022-06-06T03:49:45Z,rR4h-V7rO6Q
I love this so much.. I'm honored to do the job 🙏,0,2022-06-02T13:51:26Z,rR4h-V7rO6Q
"I work in stowing but at 58 years old it's taking it's tole on my body. With 300 per hour expected, packing actually looks easier and you don't have to climb ladders all dam day.",1,2022-05-16T01:27:23Z,rR4h-V7rO6Q
"I would love to do this job, not to avoid people but to see what everyone else orders.",2,2022-05-07T21:06:32Z,rR4h-V7rO6Q
Hahaha im not ordering a pocket pussy in amazon again,0,2022-03-16T07:04:53Z,rR4h-V7rO6Q
Great nai I wanna work at Amazon 🙄,0,2022-03-09T03:24:56Z,rR4h-V7rO6Q
To slow your faster rate rate rate,0,2022-02-09T14:31:25Z,rR4h-V7rO6Q
SLAVE LABOR! AMAZON WILL WORK YOU TO DEATH! BRING ON THE UNIONS!,1,2022-02-03T10:00:53Z,rR4h-V7rO6Q
"As an introvert who works at Amazon as a packer I love doing this lol listen to music and those 10 hours fly by! Nobody bothers you or nothing lol
It’s easy asf! The screen literally tells you what to do. Don’t worry about scanning the wrong stuff because it’ll tell you. 
Speed will come in time if you’re a newbie.
My experience at Amazon is pretty chilled. Do my shift and go home. I love my 4 days on and 3 days off! So many perks and benefits! Just make the best of it. I plan on going back to school while still working there full time! A great job for either a stepping stone to another career or advance with the company!

Don’t let anybody else experience stop you from working there if you want too!
Every facility isn’t the same",557,2022-01-28T00:53:44Z,rR4h-V7rO6Q
"I'm still as  a stower as Jan-2022, do anyone know that i will get a pay-cut or a race as a packer, perhaps, remaining my hourly pay?",1,2022-01-27T23:16:35Z,rR4h-V7rO6Q
"Are you kidding? No 40 lb boxes of cat litter, computer tables, queen size platform bed frames??? I want to work at this fc!!!",0,2022-01-26T04:36:55Z,rR4h-V7rO6Q
"Second day I got a tape machine that let me tape without making me scan the SP first so I thought the job was cool. Then all the other days my first week I was slowed by either that damn central scanner as it scanned things I didn't want scanned and I got all these distractions. Shit pissed me off. Ain't like everything is grab 2 items and a 10, 50, 28... That effin' six pack of LaCroix comes thru times 2 from the bottom bin ya gotta drop to your knees to grab that shit. Like military boot camp, might as well just do 20 push ups while down on my knees. I was like, ""How this Jeff Bezos guy have 200 billion dollars and can't keep his tape machines from jamming, his bubble wrap machine belts from going out of commission?"" Unbelievable what the system wants you to shove in a M2, PM3...",0,2022-01-20T09:48:39Z,rR4h-V7rO6Q
"I START AT THE AMAZON FULFILLMENT CENTER IN CARTERET,NJ NEXT SUNDAY AND FROM ALL THE VIDEOS I'VE SEEN SO FAR THIS IS THE EASIEST JOB IN THE WAREHOUSE AND HOPE IM PLACED THERE PERMANENTLY!!",8,2022-01-15T19:54:44Z,rR4h-V7rO6Q
"That's what you call pure professionalism!   :D And he's not busting his butt, as some said you need to do (rolls eyes)  just going at a good steady pace and making sure the boxes are packed well and accurate.",43,2022-01-13T22:05:04Z,rR4h-V7rO6Q
Asmr is so fucking stupid. Especially at this shit job,1,2022-01-12T00:41:34Z,rR4h-V7rO6Q
Must not be peak cause the Amazon I work for expect you to move at machine speed to make rate,1,2022-01-11T15:49:51Z,rR4h-V7rO6Q
Corporate America.,1,2022-01-11T03:26:06Z,rR4h-V7rO6Q
Can you apply specifically to be a packer? Will they give you a different job?,1,2022-01-06T05:03:19Z,rR4h-V7rO6Q
How do you become a packer? Do you just request this position on orientation day or do they just place you wherever? Cause i would most definitely like to work at this station!,0,2022-01-02T06:03:17Z,rR4h-V7rO6Q
Being a packer looks so peaceful. I work at the customer returns and I always have to deal with someone's BS and attitude,48,2021-12-31T13:22:34Z,rR4h-V7rO6Q
"i wonder if this person likes there job
lol",0,2021-12-21T21:39:50Z,rR4h-V7rO6Q
Yo también soy packer! Viva los Amazonians! hehe,0,2021-12-20T10:49:43Z,rR4h-V7rO6Q
This is a good packing training video. Learned a few tips to increase my rate just by watching this lol.,26,2021-12-11T19:52:37Z,rR4h-V7rO6Q
"I work in ICQA as a counter. It is so boring. I am looking to switch into another department in January. I was thinking pick or stow, but this pack seems like a good idea as well! Plus it's on the ground floor so I don't have to do any stairs!",0,2021-12-02T14:54:31Z,rR4h-V7rO6Q
Funny thing is you’re working 3x harder than the ppl next to you and yall getting paid the same lmao 😂  work smarter not harder ✌️,0,2021-11-30T20:05:21Z,rR4h-V7rO6Q
"Hello, I am an Amazon seller, and I need you to help me make a product introduction video. I think your video is very good, please make a video",0,2021-11-27T09:44:03Z,rR4h-V7rO6Q
This is quite oddly satisfying to watch,0,2021-11-19T10:23:34Z,rR4h-V7rO6Q
You gotta love your job there if you fold the boxes that efficiently.,3,2021-11-17T22:29:21Z,rR4h-V7rO6Q
I go for my drug test today so I’m watching as much as i can so i can calm myself down because i have bad anxiety and the only place i worked at was a summer school as an assistant back when i graduated high school 2 years ago 😂,7,2021-11-15T14:13:13Z,rR4h-V7rO6Q
That’s exactly why my stuff just came bk broke..pack it like you don’t pay for it.,0,2021-11-07T17:42:31Z,rR4h-V7rO6Q
"I used to work at Amazon 
I hated being there
So this is not satisfying to me
It just brings back long, boring memories of misery",1,2021-11-06T17:54:09Z,rR4h-V7rO6Q
ur fast bro.👍 You have a bright future in Amazon,1,2021-11-04T23:18:48Z,rR4h-V7rO6Q
Which fullfilment centre ur working at bro?,0,2021-10-30T03:34:23Z,rR4h-V7rO6Q
Some of those packers need to be retrained on how to apply tape. So many boxes come to the sortation warehouse all jacked.,0,2021-10-30T03:10:54Z,rR4h-V7rO6Q
Job looks easy but looks like it can get really boring and I heard you can't headphones on so that kinda sucks,0,2021-10-25T17:52:20Z,rR4h-V7rO6Q
"Just remember, all of your hard work for low pay is putting BILLIONS of dollars into Jeff Bezoz pockets. He thanks you.",1,2021-10-24T23:10:54Z,rR4h-V7rO6Q
Can you wear headphones while working,0,2021-10-24T21:06:36Z,rR4h-V7rO6Q
are you happy working there? a yes will be interpreted as an amazon bot response.,0,2021-10-22T17:03:34Z,rR4h-V7rO6Q
I would like this job because it would be fun seeing what people buy,0,2021-10-15T22:25:25Z,rR4h-V7rO6Q
I want this job 👍🏻 I’ve done packing duties at a factory . It was ok .,1,2021-10-13T20:14:44Z,rR4h-V7rO6Q
I'm actually thinking about working at Amazon soon this looks fun and satisfying to watch,7,2021-10-12T08:58:00Z,rR4h-V7rO6Q
"If Amazon watches this, they'll automate this process and get rid of even more associates.",0,2021-10-10T22:03:05Z,rR4h-V7rO6Q
I am working for Amazon in a Delivery Station.,0,2021-10-07T02:13:40Z,rR4h-V7rO6Q
"Hi,what's the rate in your location, in my is 230.You got a new subscriber",0,2021-10-06T22:08:09Z,rR4h-V7rO6Q
I wanna do this instead of stowing 😬,1,2021-09-30T00:40:10Z,rR4h-V7rO6Q
"I am a delivery driver for amazon  .and whe hate it when whe get  big boxes  amd  boxes are not even heavy.but thats not the point all this fucking boxes dont fit in van when whe load it 
pleaseeee stop  putting small things in big enormous boxes fills tje vans right away",0,2021-09-25T07:40:05Z,rR4h-V7rO6Q
"I enjoy working as a packer, now if only u didnt have to look around for missing packages every other order ! i hate a sorter who cant even put stuff in correct cubies lmao",0,2021-09-23T05:56:24Z,rR4h-V7rO6Q
Thats a easy job i can do that try cutting a campanys grass at 1pm in the afternoon just before you just washed 25 pallets full of dirty baskets and pulling heavy stacks of baskets from the lazy production lines,0,2021-09-23T00:25:28Z,rR4h-V7rO6Q
"0:47 What's that doube scan on the same product? What coded are you required to scan on a retail (non-amazon) packaging?
You scan any code you see and let the computer decide what to do with those or you have received different intructions ?",0,2021-09-22T00:34:33Z,rR4h-V7rO6Q
"Comfortable, high quality shoes is a must with this job.",1,2021-09-04T10:15:47Z,rR4h-V7rO6Q
"I don’t understand why no one would want this job. The only issue I can find, is that the breaks are mediocre and you have to stand in one spot for hours ( your body conditions itself after a week of doing that also ). Other than that, you’re literally preforming a job like you would anywhere else, so what would you expect work to be like? 

Also, you’re alone doing a job. That’s a plus. Socializing on the clock just slows you down and causes issues ( such as gossip and sleeping with coworkers ). If I can clock in and out without saying a word, then I’m all in💯",5,2021-09-03T06:36:47Z,rR4h-V7rO6Q
"How many hours does you work a day?
What is the full name of this job? Where can I apply? Could it be Linkedin?",0,2021-09-01T15:20:33Z,rR4h-V7rO6Q
I just don't understand how they don't have  robots to do this job already.,0,2021-09-01T02:37:54Z,rR4h-V7rO6Q
Is this job worth it?,0,2021-08-31T23:01:27Z,rR4h-V7rO6Q
I never saw a single video of Amazone male staff packaging box very neatly.,0,2021-08-30T07:30:52Z,rR4h-V7rO6Q
Dumbass do some work,1,2021-08-29T11:16:19Z,rR4h-V7rO6Q
"Just wanted to say thank you - this answered a few questions I had about my job, lol",2,2021-08-26T01:10:48Z,rR4h-V7rO6Q
You better keep that Tape Machine Fully Watered! Former Pack Rate Lead: 2017/18 At Amazon SMF1 Sacramento. 📦🥰📦,0,2021-08-24T23:10:21Z,rR4h-V7rO6Q
Might be fast but use of dunnage(bubble wrap) is horrible! If there’s space for dunnage you should be filling that space so the product doesn’t end up damaged when being stacked.  Also very sloppy tape jobs on the boxes… some people pack for rate(speed) but quality is just as important and it’s easy to still pack fast with quality too.,1,2021-08-22T17:58:16Z,rR4h-V7rO6Q
All amazon warehouses have different jobs and I haven't found one where I can pack at yet im stuck in a scanner position and hate it...how do you know which wa t expose has what???,0,2021-08-21T00:15:11Z,rR4h-V7rO6Q
"Okay when I first saw this long before I joined amazon, I was like damn he's fast, now 8 months in and he's the average packer, I can say with confidence I can pack faster than him, and another thing I lost count but a lot of his packages will be getting kicked out at Slam, for little to no dunnage, and the damn spoo no where near the bracket, I think that made triggered me the most 😆",3,2021-08-17T18:26:01Z,rR4h-V7rO6Q
Yall i work at amazon try doing this exact thing for 12.5 hours straight....makes u crazyyy,1,2021-08-16T20:39:41Z,rR4h-V7rO6Q
He needs ro get that rate up...move faster lol! I work there so yeah we gotta pack atleast 250 an hour,0,2021-08-16T20:38:50Z,rR4h-V7rO6Q
"My lecturer ask us to do a slide about ""warehouse activities"" and here I am binge watching something else🌚",0,2021-08-12T07:34:14Z,rR4h-V7rO6Q
"you get to see what people are ordering, I'm sure you are like OMG i can't believe someone just bought that. 🤯
looks to me like you did just fine, don't know what all
the hubbub is about working at an Amazon FC?!?",1,2021-08-03T01:02:15Z,rR4h-V7rO6Q
😂 I would honestly love this job ngl.,0,2021-08-03T00:04:55Z,rR4h-V7rO6Q
where can i find job applications for jobs like this in London (preferably north),0,2021-07-28T16:46:09Z,rR4h-V7rO6Q
I used to work for SAT2 location. I hated it to be honest. I’m disabled and I tried to get accommodations for them. They never granted any and my doctors were furious. Because they technically were violating HIPAA by writing someone’s health records down for a company who really doesn’t need to know them. When they were never granted. I was also harassed by the learning ambassadors for doing my job.,1,2021-07-27T18:52:14Z,rR4h-V7rO6Q
I like how fast and smooth you are at packing. It reminds me of when I was working in a warehouse.,29,2021-07-22T03:05:29Z,rR4h-V7rO6Q
I would love this job,0,2021-07-21T03:21:56Z,rR4h-V7rO6Q
Why would I love this job even fast paced and constant I love it!!,0,2021-07-20T00:53:16Z,rR4h-V7rO6Q
"8 hours of this every day looks like exhausting work, not many can do this job and those who can should be paid more IMO",1,2021-07-17T04:57:30Z,rR4h-V7rO6Q
im still curious how those amazon tape stick on the box when its not even sticky.,1,2021-07-13T04:39:41Z,rR4h-V7rO6Q
I’m in stow now when I get a chance I’m going back to pack I’d rather do anything than stow,0,2021-07-11T01:22:32Z,rR4h-V7rO6Q
it seems really chill to work at such places,1,2021-07-06T13:09:50Z,rR4h-V7rO6Q
What a slevery job,0,2021-07-06T07:55:53Z,rR4h-V7rO6Q
I'd love to work there. Just in your own little space working quietly ❤,5,2021-07-05T19:31:29Z,rR4h-V7rO6Q
What is ur rate? Items for hour?,2,2021-06-29T14:28:54Z,rR4h-V7rO6Q
I work for a Amazon fulfillment center and I know how to Pack … Rebin … Induct … Waterspider … Problem Solve … but something about packing that I like to do because you are just there doing your thing away from people I love the isolation aspect of it lmao 😂 … people quit all the time because they find the job(s) boring … it’s easy money lol,7,2021-06-25T14:06:43Z,rR4h-V7rO6Q
You're working way too fast. That is why is rate keeps increasing.,0,2021-06-25T10:20:55Z,rR4h-V7rO6Q
"I work at Amazon (going on my 3rd week) and this is what I do. Sometimes It’s kinda fun looking at what people order. As I’m packing I’ll make up scenarios of what they need the items for and then planning it 🤣 (baby shower, birthday party, wedding etc) just so the time will go by quicker lol",498,2021-06-23T14:03:12Z,rR4h-V7rO6Q
"This is the grueling job people cry about??? 
Try the oil field in Texas summers.",0,2021-06-20T23:54:45Z,rR4h-V7rO6Q
Man I work at whole foods and they only gave us $60 for our shoes. I had to pay $68 bucks out of pocket for my admittedly PLUSH steel toes I got.,0,2021-06-19T20:15:30Z,rR4h-V7rO6Q
"I'm an amazon delivery driver, I would hate to do this all day. Ill stick to driving. But the heat is BRUUUUUUUUUUUUUUUUTAL! Also, are those tape labels only sticky on cardboard or something?? I wouldn't put it past Amazon to invent something like that. After watching this for 6 minutes I can fully tell that this guy hates his life.",0,2021-06-18T05:14:23Z,rR4h-V7rO6Q
"Amazon flex
Driver here. Please don’t put stickers over the QR codes it’s really annoying and delays scanning 😁",0,2021-06-15T22:11:44Z,rR4h-V7rO6Q
This guy sucks at doing his job. Doesnt even close the box right. Lmao just chunks shit inside too. No wonder my things be broken.,0,2021-06-15T06:16:46Z,rR4h-V7rO6Q
"If you order your kitty litter from Amazon, I recommend you don't tell an employee.",1,2021-06-14T14:32:12Z,rR4h-V7rO6Q
"Bro how to get this job ????
Please tell me",0,2021-06-13T14:01:34Z,rR4h-V7rO6Q
"I will say one thing, Amazon wastes very little space in those boxes",0,2021-06-13T04:51:21Z,rR4h-V7rO6Q
"Haha, I recall seeing a news report of an Amazon truck abandoned in the woods! Now I know why!",0,2026-02-02T13:15:56Z,zrgUJSs_jzg
"Dude quit a job because it wasn't ""easy"" and ""chill"" like he assumed it would be. I'm not a boomer, but I can see why they look at younger generations as being super lazy.",1,2026-01-02T20:42:23Z,zrgUJSs_jzg
The warehouse is worst I did it for a year during Covid never again 😅,0,2026-01-02T19:06:34Z,zrgUJSs_jzg
"Many people that have worked as amazon drivers have quit, and it's understandable why so many amazon drivers quit.  Lots of amazon delivery drivers that quit are hard workers, have a great work ethic, are great employees, etc.

Many amazon delivery drivers quit since they constantly feel pressured and rushed to make 200 stops per day and make 20 stops per hour.  At Amazon, many drivers have to make 200 stops per day and 20 stops per hour, and they're being monitored to make sure they're making 200 stops per day and 20 stops per hour.  There's lots of circumstances that occur that make it hard or even impossible to make 200 stops per day and 20 stops per hour such as traffic jams, detours, rainy conditions, delivering several packages to apartment complexes, customers asking questions about packages, etc.  Many amazon delivery drivers urinate in cups on the side of the road due to fearing that if they stop somewhere to use the bathroom, they won't be able to make 200 stops per day and 20 stops per hour.  Many amazon delivery drivers skip their breaks, run stop signs, run red lights, etc due to feeling rushed and pressured to make 200 stops per day and 20 stops per hour.",0,2026-01-02T04:05:20Z,zrgUJSs_jzg
Keeping it real 😂 I did warehouse for UPS because I wanted to be a driver but once I saw how stacked them trucks were. I was like hell nah.,0,2025-12-25T16:41:40Z,zrgUJSs_jzg
A rapper once said: you wouldn't last a year on that Amazon job 😅😂,0,2025-12-24T15:02:50Z,zrgUJSs_jzg
"I think they want people to quit , they looking into AI talking over their workers jobs.",0,2025-12-18T03:42:57Z,zrgUJSs_jzg
I remember seeing older people bent over walking like they feet was hurting at Amazon.  12:45,0,2025-12-15T02:57:49Z,zrgUJSs_jzg
Overworked. Underpaid,0,2025-12-15T02:21:22Z,zrgUJSs_jzg
I worked in the warehouse and I delivered for Amazon.  I prefer the warehouse for sure.  My experience wasn’t bad in the warehouse. I am an introvert and no one really bothered me.  It was fast paced but it was easier compared to delivering in my opinion.,0,2025-12-14T03:06:53Z,zrgUJSs_jzg
Co workers kept correcting me and I don't gf they don't pay me enough to care no one bosses me around I am free no boss owns me I am paid wether they yell at me or not I'll just go do something else for cash there is other jobs out there don't worry cut throats if you don't like were your at,0,2025-12-12T02:11:46Z,zrgUJSs_jzg
I just quit filling out the application halfway thru!😂😂😂 j/k. I feel you tho I do uber..20 deliveries get u a buck 50 easy,0,2025-12-12T01:57:06Z,zrgUJSs_jzg
"It’s 21.50 to start working 40 hours a week. If you proved worthy you can make a lot more because you’ll drive bigger vans and trucks. This job is not for everyone, it takes commitment and innovation. The upside outweighs the downside working for such Behemoth company.
How does one quit in the first day on the job. That to me is mental weakness and insecurity.
When life challenges you and decide to fold?
Uber Eats is probably more for you 😅",0,2025-12-07T22:51:15Z,zrgUJSs_jzg
This is time working for Amazon “this finning to be a breeze.”😢,0,2025-12-02T08:31:43Z,zrgUJSs_jzg
Respect for realizing it is not for you. Drones will be doing it soon enough. So when these jobs are gone.... it will be a blessing?,0,2025-11-29T20:11:26Z,zrgUJSs_jzg
"41 and been through blood sweat and tears with these smaller companies. Been screwed over,  Lied to about a raise, and talked to crazy at these lower level jobs in the field. I look at it if you can get a job with one of the big 3, Amazon, FedEx, UPS, at this point in my life I'm ready to sacrifice and buy a house and create assets. Once I accomplish that I'll probably work for myself with something similar in the field. Ive been through it all. My background check just got approved at a Amazon DSP in Tennessee and I'm excited about the opportunity 🙏🏼",0,2025-11-29T15:19:52Z,zrgUJSs_jzg
Listening to this at home from my work at home computer job. More power to people that do this type of hard work.,2,2025-11-28T17:10:05Z,zrgUJSs_jzg
"CRAP MONEY FOR THREE TIMES THE WORK!!! I DIDN'T HAVE TIME TO QUIT I JUST LISTENED TO THE INTERVIEWER BS ME PRACTICALLY TO DEATH ABOUT HOW GOOD IT WAS TO WORK THERE!!! HE EVEN SAID IT WITH A STRAIGHT FACE BUT,I HAVE THE ABILITY TO SEE THROUGH LONG-WINDED STORIES ABOUT BEING ABLE TO BUY A HOUSE,YADA YADA YADA ..THE JOB SCREAMS HIGH TURNOVER RATE!!!!",0,2025-11-28T15:24:23Z,zrgUJSs_jzg
Real video here. I’m gonna quit before my first day,0,2025-11-24T13:40:52Z,zrgUJSs_jzg
The post office fck'd up too! They were delivering Amazon packages as well. That's why you see the mailman out as late as 9pm....They were backed up for a while. I think Trump put a end to that shit though. If I'm not mistaken they were working on Sundays as well.,0,2025-11-24T07:11:00Z,zrgUJSs_jzg
What bunch of cry babies. Just do the damn job. Be happy its not 7 an hour.,0,2025-11-24T02:31:05Z,zrgUJSs_jzg
"Its not that hard bro. Put it this way, benefits are the best ive had at any job, u don't get that with Uber and doordash, yea the first day I was by myself after the 2 days that you get with somebody training you in the van it seems hard but you got to give it a chance you got to learn how to Organize And it makes Shift go a lot faster I've done 189 stops 350 packages And was done Before My 10 hours It's not that hard G",0,2025-11-21T17:22:26Z,zrgUJSs_jzg
"It need to be at least like $1 / box plus tips lol 

On top of the base hourly pay.. then it might be worth it",0,2025-11-20T01:26:29Z,zrgUJSs_jzg
"Bro got a business route w/ houses. And was working for Amazon at that, so nothings heavy. Bro can be done by 3:30pm  everyday(walking) but he quit his FIRST day. Dont be like this guy bro. He’s lazy. It’s dumb dumb entry level work. It ain’t construction",0,2025-11-19T20:38:31Z,zrgUJSs_jzg
"I’m a driver now and the hourly pay is 23.75 , but the package count be somewhat of like 50-65 stops , 350 packages, sometimes less maybe abt 315, but when peak season starts the packages increase drastically. It’s alot of work tho! Honestly they should bump our pay up more because the work is not easy especially when your in commercial areas and high traffic areas",1,2025-11-15T22:42:00Z,zrgUJSs_jzg
"If I could do this for over two years in my 50s in all weather conditions you could have made it past one day. 😅 You actually have a lot of insight for only one day.

I don’t blame you for not wanting to do it, though, cause everything you said is true. I’ve seen it all and then some…businesses, garden apartments with no elevators and 4 floors, dogs, etc. My body is still paying for it now (thankfully retired now).

I think it was 13 minutes to load up.

Difference in mail carriers, UPS, etc. is those companies have more respect for their workers. To Amazon, employees are a necessary evil.

The warehouse seems worse. They turned over people just as fast as DSPs.

Good video. Hope you’re doing well now. 👊🏾",0,2025-11-13T15:04:28Z,zrgUJSs_jzg
"every person who makes the ""i quit on the first day"" have the same complaints. at some point it has to be ""i couldn't handle the job"" over the ""they are overworking us"" its almost like joining the military and complaining they made you do push ups. like, you should've expected that lol. its an actual job unlike doordash or uber eats.",3,2025-11-12T16:08:45Z,zrgUJSs_jzg
DSP jobs sucks ass. Working in the warehouse is awesome. Sooooo much better. All the amazon complain videos are drivers for a reason,0,2025-11-04T20:59:39Z,zrgUJSs_jzg
I remember working Prime delivery and all the vans would go to this speedway gas station at the end of the day to refill gas. All of the the trash cans were filled with piss bottles to the brim…,0,2025-11-04T20:02:31Z,zrgUJSs_jzg
Bruh 192 is nothing. I pack 250 items a hour and do it again. So you delivering is easy as fuck man and that just you getting to route so no rate on you yet.,0,2025-11-02T06:25:32Z,zrgUJSs_jzg
Amazon is a demonic owned company.,0,2025-11-02T04:23:51Z,zrgUJSs_jzg
"i’ve worked at usps before as a mail carrier and now i do amazon. amazon is so much easier in my opinion but it is still terrible work, wouldn’t recommend unless ur desperate looking for a job, get in get some paychecks while ur on the nursery routes and get out",0,2025-10-28T23:24:58Z,zrgUJSs_jzg
"I see where you fail right now.It's easy to do a layup, m***********I can't do that, but I can do 350 packages 250 stops in 8 hours.Why?Because I didn't give up and I kept practicing and I kept getting better at the job.You just quit the moment you thought it was too hard.You didn't have the mentality.I'm gonna quit tomorrow

You are a lazy motherfucker seriously

But I'm not gonna knock you too hard.It could be you had a bad employer.Because some d s p's are absolute shit But again, I can't do a layup if I practiced for a 100 hours, I probably could it's the same thing.I really haven't changed anything i've done since i've started working here but i've just gotten faster and better at it because i've done it so much",2,2025-10-25T08:30:14Z,zrgUJSs_jzg
Lol that's why I only work 3 days a week shit is hard labor,0,2025-10-22T03:42:35Z,zrgUJSs_jzg
"Quitting this job after finding a better job is such a relief, this job will stress you out in ways you couldn't even imagine, They cut my hours because they said i was taking to long to finish my route and they rarely ever sent rescus to me, i kept it professional and once i found another job i was outta there F*ck that job.",18,2025-10-21T15:55:34Z,zrgUJSs_jzg
Amazon delivery is the type of job that makes you realize what self-respect truly means.,0,2025-10-17T18:21:42Z,zrgUJSs_jzg
"Soon, Amazon will have to make the pay rate $27 to maybe keep a 60% retention rate.",0,2025-10-16T13:13:28Z,zrgUJSs_jzg
I did the fulfillment center.  Went to car on my lunch break and never went back.  They have unrealistic expectations on how they expect people to work.,0,2025-10-15T17:07:28Z,zrgUJSs_jzg
Post office is 100% easiest. However you have to be able to tolerate ignorance!,1,2025-10-13T15:43:29Z,zrgUJSs_jzg
"That's a damn shame. You dip your 1st day woooow . 😂😂
I quit in classroom training 🎉🎉",0,2025-10-12T11:18:44Z,zrgUJSs_jzg
"I give everyone credit that don't mind this work for real cuz I found it so depressing... I quit yesterday and best choice for my mental health! I did the ride along route then the next day I did my first route on my own with 152 stops.. The camera said distracted driver as I reached for my water bottle so I punched it so hard that it was dangling in the air.. I wanted to be done then, the DSP said you're 15-20 deliveries ahead of schedule don't give up.. It was hush hush between him and I about the camera situation and I guess I was the first person that ever did such a thing haha.. So the next day I gave it another try, well yesterday around 6ish I called the DSP and said I am done with this so someone came out and grabbed the remaining 4 totes left.. It felt like such a lonely boring job, I didn't even find time to take a leak, so I did pee in a bottle in the back of the van knowing I couldn't hold it anymore 😅 ... Probably would of been great if I had country routes but in a city and no spots to park or turn around nahhh hell no not for $21.25 an hour... All drivers should be getting $30 at least for that crap gig.. Slave plantation is what I will always call amazon now and 80% of the drivers looked miserable!",0,2025-10-09T14:37:31Z,zrgUJSs_jzg
Spend time researching the job before you apply,0,2025-09-27T04:16:01Z,zrgUJSs_jzg
How u quit in one but u got rescued more then one time make it make sense 🤔,3,2025-09-17T23:43:47Z,zrgUJSs_jzg
"I know it  seems bad but not gonna lie a job is a job, at the end of the day there will be times I wish I had a shit job",2,2025-09-17T15:13:14Z,zrgUJSs_jzg
"I worked for a DSP with great benefits. Got through 2 classroom trainings, a ridealong, and one day on my own. I didnt need to be rescued but I had to deliver 20 packages an hour in a different state with hills and stairs. Someone even let their dog out on me to get me off of their property. Luckily they cut me as soon as I told them it wasnt for me because my anxiety went through the roof. I would NOT have been a safe driver on the road if they made me work two weeks like a formal resignation. I have a whole new respect for delivery workers. There are people who love it but it's definitely not for everyone!",10,2025-09-17T02:24:38Z,zrgUJSs_jzg
In my state New York Long Island it was 22.50 and it was the new truck and good seas neighborhood but I quit affwe a week ago,0,2025-09-11T05:50:31Z,zrgUJSs_jzg
I got fired from Amazon yesterday,0,2025-09-11T01:56:29Z,zrgUJSs_jzg
"I’m 58yo and have been a delivery driver for a month. I meet with the DSP in the morning, get my assigned van and area, load up and go deliver the packages all day. We do 4-10hr days and they are split up so you get down time. I’ve done a lot harder work in my lifetime.",4,2025-09-09T22:21:36Z,zrgUJSs_jzg
"Loading the van was the worst 😅 esp if the packers beforehand misplaced amy that was supposed to go in the load. Picking up the van then packing it, waiting in line to leave the warehouse, takes so long just to get going. If they paid $35 an hr that would make a bit more sense gor the amount of stuff they font share. I lasted a couple of months before I just found something else.",0,2025-09-07T13:32:02Z,zrgUJSs_jzg
U can work a simple security job that pay better than Amazon and don’t have to drive all over the place.,1,2025-08-17T07:59:01Z,zrgUJSs_jzg
"2 problems:
1) never work a job with quotas: quotas are slavery, they ONLY benefit the company at your economic and bodily loss. they bring stress every day for the life of the job.

2) dont work for 2nd party or 3rd or whatever. you will get slave drive. the money is at amazon not the 2nd party employer. amazon is afraid of unionisation and propper pay. any workers they can shed off their direct payroll is their strategy. well, make them pay what is propper.

many people did not study economics so they cant see the bad deal. they can feel something is wrong but they dont make decisions off of feelings. so they stick around.",3,2025-08-16T19:28:30Z,zrgUJSs_jzg
"I was going to be a delivery driver but it was sketchy asf. I waited to be interviewed at the Amazon HQ in Austin, but no one knew anything. I said I was here for the interview and early, no one knew anything. Finally they said wait in the lunch room so I did. I was the only person that showed up and the lady interviewing me had kind of a put-off vibe. I already had a job and another one I was about to start but I figured since i was visiting a buddy in Austin I might see what this driving gig was about. Needless to say the interviewer didn't respond too well to my questions, I was like Im gonna need more than this wage another dollar or two? They're like nope.. I was like ok, good day bye. haha",0,2025-08-15T19:57:02Z,zrgUJSs_jzg
You did the right thing. I was a former Amazon driver. When I first started i was actually working for Amazon. Modern day slavery Chile. I quit after 5 months.,2,2025-08-09T20:46:43Z,zrgUJSs_jzg
"You don't want the job , I'll take it👍",0,2025-08-07T23:21:30Z,zrgUJSs_jzg
"worked for amazon grocery fresh in brooklyn, NYC. 

scan items every 30 seconds.",0,2025-08-02T18:59:50Z,zrgUJSs_jzg
me2 i lasted 4 hours on my first day got chased by a wild ass looking dog got super pissed off texted them said im bringin yr van back all they said was ok they didnt give a fuck at all,0,2025-08-02T17:56:27Z,zrgUJSs_jzg
"I worked at USPS for three weeks...the number of stops was impossible to make. Letters, boxes, and circulars to every house and collecting mail boxes. That's why there are so many that leave quickly.",0,2025-08-02T02:41:17Z,zrgUJSs_jzg
"I will tell you secret, you dont earn 21 a hour, you earn 10,5 because you work job what can be done properly  in time by two persons!",0,2025-08-01T21:41:37Z,zrgUJSs_jzg
"i do my best not to order anything these days. stock up at the grocery store and never go inside the gas stations or dollar stores or fast food places even drive thru just to take the work load off the people who work there. posted this to facebook today

So i have been preparing to quit my Job and move on to other things for a long time. Just never made the jump. I been doing the work of at least 2-3 people for a couple years now after corporate bought our local business, cut half the staff in half and made the remaining people there responsible for 2-3 times the work. This seems to be the corporate mentality these days.  My feet have been hurting for over a year now, I was always trying different shoes. Asking to work less, or maybe they should hire 1 more person to help. I had to pick up hundreds of hundreds of car and boat batteries every week,  every day sometimes over 100 batteries in a day.  The last week or 2 my right foot was turning purple and blue and I had to go to urgent care.  Nothing was broken but I had a swollen vein and couldn't work anymore.  I was off for 5 days and they wanted me to come back but I still couldn't put pressure on my foot even though it is healing with treatment and rest. I've been preparing to leave this job for a long time, I have money saved, im good, I've been there 6 years.  I am 100 percent ready to start my new  journey. Just gonna rest and get 100 percent again  before I do. Im letting yall in on this personal stuff in my life becuase this is a decision I was not strong enough to just make on my own, switching jobs like this, but sometimes God makes the decision for you. And puts you in a position with no other choice. I truly believe God has put me through this to get me to move on and make a change in my life I've been too scared to make myself. And thats what im doing. My boss of 6 years, not the corporate manager, is also out with sepsis. Almost died. He is 65 and was being overworked like me, always telling me he was gonna quit and move to the mountains. I didn't find this out till I gave my resignation. And he might be done for good there too. Him and I were very close and he showed me what it's like to work hard and take care of ya family and ill never forget that. So by the Grace of God my last day and his last day were the same. Keep him in your prayers yall and if at least one of yall prays for him this morning that would be 💯 
Again im only sharing this post to share the Grace of God. Love ya guys 🫶🫂🙏
1 Corinthians 15 1-4",0,2025-07-30T13:39:06Z,zrgUJSs_jzg
"Way to burn a major bridge bro! 

All major employers have record of EVERYONE they hire and seeing as you quit your first day, they likely won’t rehire you! 👏🏼",0,2025-07-29T03:57:42Z,zrgUJSs_jzg
"191 deliveries? I could never. 

I worked at FedEx for one day. I was lifting a package with the help of a male coworker. He didn't tell me he was going to slam the heavy box down. It landed on my finger and i was injured during the first hour. 

My manager didn't give me any ice or anything for my finger. 

Then I was told I had to do mandatory overtime while injured. I worked for 12 hours and nearly passed out before I walked out on the job.",11,2025-07-28T00:54:38Z,zrgUJSs_jzg
"Amzon Delivery can be labor intensive and have you slaving your life away. But in the end of the day it's overall one of the easiest jobs in the world. Of course a lot of bullsh** comes with it but, that's every job. This job should be used ideally as a stepping stone to help you get funds for the next chapter of your life, whether it's hitting the trades or starting up your own business. That's not to say it's the worst job to work for the rest of your life but, it's a dead end job where you stay at $21.25 an hour. I've worked construction at 17, 18, 19, 20 years old. Concrete laborer & masonry laborer. Amazon delivery comes NOTHING close, NOTHING near how hard and labor intensive construction is. When I hear people cry about Amazon it just makes me laugh. These folks got soft hands fr. All through the grace of God can I get it done. Thank you Jesus 🙏🏼 You people need to grow a pair of balls. It's like you get paid to exercise daily.",0,2025-07-27T21:50:31Z,zrgUJSs_jzg
"I made it halfway in to the second day. Idk how warehouse workers do it, but I felt like my soul was being crushed and my brain was dying in that warehouse",0,2025-07-24T18:57:08Z,zrgUJSs_jzg
"Quit on my first day (the very first day solo). GPS kept screwing up on me, I was hot and sweating, i even ended up stubbing both my toes. I was so emotionally and physically exhausted I called my dispatch and said I was done once I got home.",0,2025-07-24T08:50:54Z,zrgUJSs_jzg
"Post Office is much more relaxed.. I deliver about 200-300 packages and letters a day, but I also have a 90- minute lunch.. only 5-6 hour shifts.. great pay! Starting at $25 an hour up to $75 an hour for Postmaster position, highest-- running your own post office.",0,2025-07-24T01:20:38Z,zrgUJSs_jzg
Can't hold a job for one day?  What does that tell other potential companies.,0,2025-07-23T09:18:23Z,zrgUJSs_jzg
ive been hearing bad things about amazon for years. drivers and warehouse,0,2025-07-16T17:48:17Z,zrgUJSs_jzg
This job is mainly for people that love to workout intensely.. I worked there for 6 months and left because of my sciatica nerve problems.. I actually came back again because I don’t enjoy working with people. I love being alone and not having anyone micromanaging me while working.,3,2025-07-16T17:30:09Z,zrgUJSs_jzg
Hard work isn't a concept for many in this community.  Your handouts are coming to an end and  you'll need to learn to put your head down and work hard.,0,2025-07-15T12:27:47Z,zrgUJSs_jzg
You had GRADUATED TO A GROWN ADULTS JOB!!!! Not little CHILDREN.  .. you're not mature enough  yet .. someday... but not yet..  I'll pray for you!!!,0,2025-07-15T05:42:54Z,zrgUJSs_jzg
"Worst part of it was my llc I worked for, said it was mandatory to take on a ""rescue"". Basically, you're forced to help the lazy workers who don't get through most of their packages, so at the end of your shift, you have to help them. F THAT",0,2025-07-14T08:31:14Z,zrgUJSs_jzg
My first day the soul of my shoes I ordered from them came off and I had to finish the job that was cooked,0,2025-07-14T07:24:33Z,zrgUJSs_jzg
"Its true, they teach u all this safety stuff, then in practice bro, if u wanna keep ur job u gotta forget about it, it wouldnt even be worth 30 tbh, with what they expecting from u, i left first day 2. They got slaves working for em",0,2025-07-14T03:47:30Z,zrgUJSs_jzg
Eventually Amazon is going to run out of people to drive for them from all the turnover. I hope I see that day.,1,2025-07-13T15:20:07Z,zrgUJSs_jzg
I really hope Amazon goes bankrupt and out of business one day.,0,2025-07-09T17:35:48Z,zrgUJSs_jzg
"Bruh, I'm going through this shit, RIGHT NOW! I'm on day 3, and all I'm doing in laughing at the absurdity of this nonsense. I'm working part time, but I don't think I'm going to be doing this for long at all. I got rescued all 3 days. LOL.. I'm not even that slow, but bruh.. there is no regular season as a Amazon driver. It's the conference finals EVERY GAME!",0,2025-07-08T06:16:32Z,zrgUJSs_jzg
They rejected me even after going to training even though I was hired in the first place but now the Amazon flex is still active maybe waiting for my schedule blocked,0,2025-07-04T14:49:43Z,zrgUJSs_jzg
Anyone had their paycheck withheld after quitting?,0,2025-07-02T17:10:12Z,zrgUJSs_jzg
"I've never done this before nor did i know anyone who has done it either so i figured all those people that quit were probably not hard workers so i had high hopes for the job and myself. They started me off at $22/hr so i was genuinely looking forward to it. After training, on my first day ALONE i went home that day and I started applying to other jobs. I quit that same week. I've never worked a job this physically demanding before. Not to mention the hundreds of little things you have to look out for while doing the job. I literally felt like a rat, sprinting on a circular treadmill for 10 hrs straight. I just gave them a 2 day notice and quit. I advise everybody to stay away from this job. Good luck everybody",5,2025-06-28T20:21:56Z,zrgUJSs_jzg
Don’t blame you. I went to training and figured out I didn’t like it.  It wasn’t worth the $23 for seasonal job.,0,2025-06-27T10:04:09Z,zrgUJSs_jzg
"I had my first day ride along on the 17th, quit same day after i punched out.",0,2025-06-27T04:49:08Z,zrgUJSs_jzg
You are lazy. You knew when you took the job,0,2025-06-23T14:00:13Z,zrgUJSs_jzg
It’s crazy if u think this is bad work for the postal service it’s 1000 times worse,0,2025-06-22T03:55:18Z,zrgUJSs_jzg
lol bro it really ain’t that hard I work for Amazon delivery partners for the past 3 years and do almost 200 stops daily it’s fr not as bad as all these ppl make it sound like it’s def got a lot more cons then pros but it’s mad ez the whole job depends on how organized and clean u can keep ur truck through the day and staying with the small vans it’s a terrible idea,0,2025-06-22T03:53:44Z,zrgUJSs_jzg
"I quit fedex after the first night as a package handler. They started me my first day working ""tuggers"" which is where two people go to a belt where all the stuff too heavy to lift goes. And they made me work alone. I lifted probably 200 packages AT LEAST 60lbs. I couldn't move for 3 days and got fired for no call no show. lol",1,2025-06-18T21:23:49Z,zrgUJSs_jzg
I lasted 1 week. Never again. Worst job of my life. Would rather greet customers at Walmart than doing this. 😂,1,2025-06-11T06:27:00Z,zrgUJSs_jzg
It’s not the best job for sure but I’ve been doing it 8 months now and started like 2 months before peak ong it was a mess. The station never had our packages or carts ready and you would have to recycle every time cus the hospital lane was full. So I’d have a late start which makes matters worse since there’s so many packages/stops they expect to be done. Ended up skipping my paid breaks and never took lunch break. I feel stuck between I kinda like it and I hate it here ugh,0,2025-06-10T06:24:47Z,zrgUJSs_jzg
Try Amazon flex,0,2025-06-06T22:37:04Z,zrgUJSs_jzg
I lasted 3 days 😂 I had another job lined up and I just worked there until my orientation at my new job and for a little extra money. I hated it. I feel sorry for anybody who call that a FT job. With so many job options choose something else. I only picked it fast because they had open interviews everyday in my city. I do understand you gotta do what you gotta do but my God I’m praying for all that has to work there .,0,2025-06-01T23:43:20Z,zrgUJSs_jzg
I start Thursday and I’m ready to get active. I ordered filled before I seen a lot of ppl quit that job. I can walk a 120%. I feel like this Amazon shit ain’t nothing what yall making it out to be. This generation just spoiled wanna be on TikTok and YouTube. Nobody wanna work no more just want things handed to them. I’m built for fast pace work,0,2025-05-28T06:11:55Z,zrgUJSs_jzg
"Yes that is why half of amazons fleet of vehicles is out of service all the time, so much wear and tear.  I have seen full parking lots of amazon vans just waiting to get repaired.",0,2025-05-26T16:43:20Z,zrgUJSs_jzg
Don't feel bad brotha I also quit on the first day. You'd have to pay me like $40 an hour to do this dumb ass job. I felt like a damn SLAVE! 😂,0,2025-05-21T04:45:14Z,zrgUJSs_jzg
I've worked overnights at Walmart and been an Amazon delivery driver. I would rather work at Walmart,2,2025-05-17T07:06:06Z,zrgUJSs_jzg
It’s unrealistic and the worst job I had. They had the nerve to tell me I took an hour lunch because I couldn’t find the place and didn’t want to go over the legal time for my lunch,0,2025-05-17T05:29:30Z,zrgUJSs_jzg
Bro no disrespect but you’re acting like you had absolutely no idea what you were getting yourself into and that’s hard to believe when you are a YouTuber yourself and I’m sure you’ve seen other people’s content on YouTube about how the job actually is. Also you are with a trainer for 2 or 3 day’s delivering packages and asking questions. If somehow you made it to your first full day on the job all by yourself and still had know idea what you were getting into please introduce me to your plug 😂,0,2025-05-07T19:55:07Z,zrgUJSs_jzg
I hear you bro. The job is insane! I quit my 3rd day. It’s not what I thought it was. I was sore after my second day,1,2025-05-06T20:35:49Z,zrgUJSs_jzg
"I left after 4 hours of tran ing ,when we went on the floor to see how the truck are packed for your delivery.At that time I could see that it was to much and drivers told us we would start out with at least 300 packages to delivery and even more when it gets busier",1,2025-05-04T16:12:38Z,zrgUJSs_jzg
bro im not lazy at all but my mental is not for this job ill crash out!,0,2025-05-03T09:46:15Z,zrgUJSs_jzg
"I feel you I quit 3 weeks in gave me 186 stops and 256 packages on a nursery route 2 my 4th day of actually working .
Amazon dsp so petty held my direct deposit made me travel Friday after Friday to pick up a check . And the unrealistic expectations is crazy to me too man…
This joint ain’t worth it fr . People acting like it’s a badge of honor to finish early and run for Amazon .
Them dsp don’t give a damn about you and that safety training about you begin safe number one rule does not apply in the feild",1,2025-05-01T13:13:34Z,zrgUJSs_jzg
"I do amazon in downtown DC they sent you out with around 400 packages, so you better load the right way and pray all your doors work or is going to be HELL 😂",0,2025-04-23T19:06:03Z,zrgUJSs_jzg
Did you not pay attention during training? Lol they show you how to load the bags and how to load the oversized box’s lol,0,2025-04-22T12:10:37Z,zrgUJSs_jzg
The crazy part people will try to shame you for not wanting to work these jobs that take advantage of you.,3,2025-03-30T16:53:42Z,zrgUJSs_jzg
"I quit fedex recently. They didn't properly prepare for peak season, & then tried to tell us we had to work 6 days a week, mind u peak season during the holidays jump us up to like 200 plus delivery's. No raise or nothing. I chuck the dueces  on they a$$ ✌🏿. They take advantage of people that have no other options its so sad. Vehicles were death traps equipment dont work sometimes,  loaders don't know what the f@#k they doing. Terrible job",0,2025-03-30T16:47:03Z,zrgUJSs_jzg
Me with FedEx quit my first job,0,2025-03-28T14:03:58Z,zrgUJSs_jzg
You will have even more complaints if you worked as a postal employee trust me lol,0,2025-03-17T18:12:43Z,zrgUJSs_jzg
"Been here gonna be 2 years now, but don’t know what else to do 😢
No need for a gym this job will take all your energy also just a in sane amount of packages to stow, in humanly possible amount",0,2025-03-15T16:19:59Z,zrgUJSs_jzg
I am blessed. I work for a local linen delivery company similar to Cintas. I have about 10 stops a day and work 4-5 hours daily and am paid for 10 hours. And we're only 4 days a week.,0,2025-02-25T05:54:29Z,zrgUJSs_jzg
I worked the warehouse position for a Year and a half. I quit Monday not even a hour into my shift because they were trying to train me in another department I didn’t wanna do and said I had to do it regardless. They will break your body down in every which way.,0,2025-02-19T10:31:38Z,zrgUJSs_jzg
Man i just delivered for Amazon this past peak season july- January it was a dsp also but im in Atlanta when delivering to those crazy apartments and confusing condos and duplexes is not for the weak and amazon be talking bout go door to door but i think that's why i got let go because i would honestly just leave the customers packages in the mailroom some apartments and duplexes have amazon lockers and some dont but i wasn't going door to door its extra work.,0,2025-02-17T20:07:04Z,zrgUJSs_jzg
"Brother Amazon or any type of warehouse manual labor job should be a steppingstone, not a career. What year were you born? You have to get a better work ethic than that my man.",0,2025-02-14T01:05:12Z,zrgUJSs_jzg
"Go and learn a trade(bricklayer,window fitting, plumbing, electrics, carpentry, roofing)..your young, stop fuckin doing shit jobs ..it only takes a few years to learn a trade..you’ll never get rich,but you’ll aways have money in ya pocket...Jesus, it's not rocket science..",0,2025-02-10T01:59:43Z,zrgUJSs_jzg
Cause they (Amazon) are a bunch of hoe$,0,2025-02-09T04:30:09Z,zrgUJSs_jzg
My recommendation is to get a trade that you can't take to any State such as a Electrician or plumber because you can live anywhere and have a job opportunity.  The # 1 career if you really want to create wealth is tect.,0,2025-02-08T18:33:06Z,zrgUJSs_jzg
"The issue is, the third-party company has to make money on top of paying you so, they need you to work like five people in order to make a profit",1,2025-02-08T18:29:44Z,zrgUJSs_jzg
I’m crazy how fucking accurate bro is anybody that works for amazing is just smiling I know it bruh cause you hit every point and idk not done with vid yet but you ain’t talk about van conditions and phone conditions and equipment like vans be str8 dog shit no back up camera sliding doors fucked up or don’t work phones be str8 ass smh man it’s tough,3,2025-02-08T05:02:53Z,zrgUJSs_jzg
I use to be a rural Carrier for usps too and the rural driver is SWEET ASS SHIT it’s just not as simple as Amazon you doing a lot of your own work but I recommend usps for anyone as far as pay benefits that for rural I’m saying now city that look like slave work lol,0,2025-02-08T04:57:31Z,zrgUJSs_jzg
I’ve been at Amazon now and been here for like 4 years bro this is the shit I be trying to explain to people when I try to explain the job and naw they give you like 7 mins to load your vans and ima 300 packages plus nigga a day I get a min of 150 stops a day and if it’s less than 150 ima have a lot of dog shit ass apartment it really is Slavs work foreal I wouldn’t recommend that shit to anyone and I’m still here lol smh the turn over is so high just because of stories like this I see this shit like every month new niggas start be gone the next day lmao,1,2025-02-08T04:53:53Z,zrgUJSs_jzg
I’ve been at Amazon now and been here for like 4 years bro this is the shit I be trying to explain to people when I try to explain the job,0,2025-02-08T04:46:13Z,zrgUJSs_jzg
"I once drove down the wrong side of a weird ass dual carriageway. 

I shat myself so i put the van in the middle grass bit....there was mud...

I was there hours later...
I should have left the van but i was too far from home....

Id leave a van on a motorway if traffic was bad enough. 

Just ring work and tell them your done and the van is still on the motorway....

Iv driven into height restrictions and left them on the top of the van....they didnt like that....",0,2025-02-07T03:30:40Z,zrgUJSs_jzg
My girl worked for one of those warehouses they gave her 300 packages is crazy im surprised she kept going to work at 19.75 in Florida is crazy they got cameras on their vans too,1,2025-02-07T01:15:07Z,zrgUJSs_jzg
"""they want you to be machines"" 

That's how all these jobs are, they just want you to be fast, don't care about anything else",1,2025-02-07T00:00:58Z,zrgUJSs_jzg
I work as an Amazon delivery driver for 19.50. I work 11am- 9:30pm and then work a 2nd warehouse job at 16 dollars an hour. 12 am -6:30 am. It’s decent money makes me a little over 3k a month.,3,2025-02-06T21:51:55Z,zrgUJSs_jzg
I'm a bulky mail driver at usps Not bad. I'm sure the mail carrier delivers no where near what u talk about. I still have the same mail woman delivering my mail to my house for many years now. Might be easy work. She never looks tired or exhausted usually be on her handfree phone delivering,0,2025-02-06T05:37:26Z,zrgUJSs_jzg
I’d like to see Jeff bezos do a full day of work and meeting the time requirements,30,2025-02-06T02:45:53Z,zrgUJSs_jzg
I know a couple of people who use to do Amazon Deliveries for a while but ended up quitting due lower back problems 😢,2,2025-02-05T18:38:13Z,zrgUJSs_jzg
Job not hard. A lot of people just overthink it,0,2025-02-05T07:57:41Z,zrgUJSs_jzg
"take a guess:
Post office: unionized
Amazon: non-unionized",0,2025-02-04T15:38:57Z,zrgUJSs_jzg
I worked a month in the full fillment wharehouse and moved on.,0,2025-02-01T23:06:55Z,zrgUJSs_jzg
I did Amazon delivery for a week and a half then quit.  They gave me businesses and housing complexes.  My last day I had 284 stops and started from 7am to 12 midnight.  That was it,0,2025-02-01T22:59:08Z,zrgUJSs_jzg
I'm glad you are in a position to walk away from Amazon.  I know how you feel because I worked at Clorox Warehouse several years ago and was hired to do a job that was impossible for only one person.  I had done warehouse work off and on for years before I applied for Clorox so I was very familiar with the routine.  I lasted one work week and had to quit because I couldn't do the job of three or four people.  I know what they expected us to do was wrong so I quit.  They set us up for failure!!!,0,2025-02-01T13:36:43Z,zrgUJSs_jzg
I quit Amazon after the last day of orientation,0,2025-02-01T11:04:07Z,zrgUJSs_jzg
"I quit MY 1ST day too✋🏿 I promise!
Fools had the nerve to call me and tell me that I needed to pick up the pace🏃🏿
So I  peed in a bottle🤬
Then I grinded out working through my lunch...60 yrs old bruh. Then when I was done with over 200 stops! Called in and said I'm done, they sent me to meet another worker and take half of his load...I pulled up I thought the dudes van was on fire...but it was VAPE SMOKE😶‍🌫️😤 coming out this young dudes mouth🤯
The next time they called and asked me how long was it gonna take for me to finish that next delivery! I said..""I'm on my way to return the van"" guy said come on you're during great, don't abandon your job. Wtf...I'm on my way to drop yo slave ship off bro.",58,2025-02-01T10:06:52Z,zrgUJSs_jzg
"You work for USPS , you can work for any delivery service..FACTS😂😂😭😂",0,2025-02-01T04:42:36Z,zrgUJSs_jzg
That's why I been at my same job for 8 years since 2017. Janitorial work mop sweep floors take out trash fuck all that hard labor shit. It's what you do with that money on payday.,0,2025-02-01T02:55:56Z,zrgUJSs_jzg
You apply for jobs that are at your skill level so don’t complain about the pay. Up your skills/education and maybe you’ll get the salary that you think you’re worth.  Problem solved.,0,2025-01-31T05:48:32Z,zrgUJSs_jzg
Amazon delivery is so easy you got to have the mindset to do it I use to do 2 routes in peak season I was getting that paper 🤑🤑,0,2025-01-31T00:20:38Z,zrgUJSs_jzg
"I AM CURRENTLY A DRIVER FOR AMAZON AND HE IS ACCURATE. SORTING PACKAGES IN THE FRONT SEAT IS THE ONLY WAY TO GET IT DONE. THEY DONT TRAIN U TO DO THAT THOUGH WHICH IS WHY DRIVERS STRUGGLE. THE PROCESS ON CALLING CUSTOMERS DUE TO (LOCKED GATE, DOGS, OR ADDRESS ISNT ACCURATE) IS CRAZY BECAUSE U GOTTA CALL TWICE AND TEXT ONCE TO THE CUSTOMER BEFORE U CAN MOVE ON AND MOST TIMES CUSTOMERS DONT ANSWER AND IF THEY DONT ANSWER U HAVE TO CALL AMAZON TO LET THEM KNOW WHICH COULD TAKE 5-8 MINUTES. PLUS CUSTOMERS DEMAND ONE TIME PASSWORDS AND THEY NEVER HAVE IT READY OR THEY DONT KNOW WHAT IT IS WHICH TAKES UP TIME. REMIND U AMAZON WILL FIRE U FOR BEING LATE REGARDLESS IF ITS THE CUSTOMERS FAULT OR CONSTRUCTION FAULTS U WILL GET FIRED AND BLACKLIST YOU SO NEVER WORK FOR AMAZON AFTER. ONLY REASON PPL STILL DELIVERING IS BECAUSE ONLY FEW PPL KNOW THAT U CAN SORT UR PACKAGES IN THE FRONT SEAT AND SORT YOUR BAGS INSIDE THE TRUCK. IT IS MENTALLY🤯 STRESSING BUT I NEED THIS JOB TILL I GET ANOTHER",0,2025-01-30T17:10:41Z,zrgUJSs_jzg
Hard physical job full of stress...glad you quit these evil delivery companies..they all the same,0,2025-01-30T16:07:53Z,zrgUJSs_jzg
"Lmao, C'MON MAN, nobody ever said life is easy, work is work and I have busted my ass my entire life, I have worked all sorts of physical jobs for super low wages. I worked in an aluminum die cast foundry, ladling 35lb  ladles of molten aluminum into a 3"" hole , then pulling that part out with a channel locks 300+ times a day for 12 hours and 12 years! Mind you, in the summer it's 160 degrees plus! Then I started construction by roofing, carrying 40, 90lb shingles up 2 stories for A DOLLAR a bundle! At 50 I STILL build large decks and fences ALONE Because nobody wants to work! I WISH I could just get a delivery job! Man up son! You cannot start at the top my man!",0,2025-01-30T15:53:31Z,zrgUJSs_jzg
"holy cow this guy could never work constitution for an hour , holy jheez whiz he calculated open the door on his shoulder very interesting for a guy so young , rarely seen somwthing like this",0,2025-01-30T15:26:27Z,zrgUJSs_jzg
you are being jerked by the company you work for imagine they getting $200 just fpr doimg $35 worth of work,0,2025-01-30T15:24:10Z,zrgUJSs_jzg
damn bro you quit ? why ? deal with amazon directly wtf ?,0,2025-01-30T15:19:43Z,zrgUJSs_jzg
200 deliveries is alot but opening that door 800 times that day sounds like hard work on that one arm dang lol,0,2025-01-30T10:51:17Z,zrgUJSs_jzg
"Delivering to huge apartment complexes slowed me down the most.  
I did 4 days of this and quit too.
They give you too many packages to deliver.  
It sucked.",0,2025-01-30T10:06:53Z,zrgUJSs_jzg
"I agree with everything you said , and idk anything about post office work but I know they be sounding way more miserable than Amazon workers so I wouldn’t even do that, I think it’s just like way more strict with it being federal . I haven’t met one post office worker that was happy doing their job as a mailman/woman.",0,2025-01-30T09:28:29Z,zrgUJSs_jzg
The post office was no better!I worked for them three weeks an lawdddddd!It was like a horror movie!I feel you on this tho!Your body can only deal with so much....,0,2025-01-30T04:47:36Z,zrgUJSs_jzg
Economy going down buddy...jobs aren't as plentiful soon,1,2025-01-30T02:22:20Z,zrgUJSs_jzg
"You are absolutely right lil brotha Believe me, I would rather make less money and go to a job that I'm happy to go to everyday then make a whole bunch of money and go to a job that I hate.",13,2025-01-29T17:35:52Z,zrgUJSs_jzg
Don't blame you bro. I made a video about leaving Amazon too,1,2025-01-29T02:46:02Z,zrgUJSs_jzg
This isnt just amazon this is every factory ive ever been to . The wear and tear on body is  not worth  the peanuts they pay. The amount of work expected by companies is actually insane. Every year the company goes up in sales but workers pay stay the same. Modern day slave jobs that leave americans MISERABLE. This is why i started my own business mowing grass. Instantly started making 70 to 100 an hour and i work at a speed i find comfortable. No boss no lazy co workers that leach of of you.Ive never been happier. Dont go with the flow in life my G ....find your own,3,2025-01-28T10:25:14Z,zrgUJSs_jzg
Dang you beat me i worked 2 days,0,2025-01-28T10:16:20Z,zrgUJSs_jzg
Title. Amazon D.S.P yea Amazon doesn't hold Amazon D.S.P to the same standards as Amazon employees not even close. Even the way Amazon D.S.P drivers have to load packages from the Delivery station is crazy. People be assuming when they see An Amazon uniform outside they work for Amazon 0 of them does unless they going to clock in as an Amazon employee. I Thought about trying Amazon D.S.P ion know now 😂,0,2025-01-28T07:45:32Z,zrgUJSs_jzg
Im only a few mins in but this sounds like an average day job for most americans,1,2025-01-27T23:46:49Z,zrgUJSs_jzg
"I once spoke to a Lady that works at at the post office and she says the they put them through hell. Though work, also they are mean to them.",1,2025-01-27T19:50:42Z,zrgUJSs_jzg
"They expect alot for that little bit of money. When i worked for trugreen, they paid good per hour but they wanted you to do an unrealistic amount of stops per day, which you would never meet the quota. Then when you couldn't meet the quota, they would want you to work Saturdays as well. So on average, you're working 60+ hours a week, and by the time you get off work, you have hardly anytime for yourself aside from showering, eating, and sleeping. Not worth it at all. People just don't realize cause it sounds easy, but no.",1,2025-01-27T19:49:17Z,zrgUJSs_jzg
200 deliveries in 8 hours in one area🤔,0,2025-01-27T13:50:49Z,zrgUJSs_jzg
Me too I pulled up to the parking lot of Amazon and was like nah I’m out.,0,2025-01-27T13:00:29Z,zrgUJSs_jzg
You were an amazon employee misclassified as an independent contractor,6,2025-01-27T06:49:40Z,zrgUJSs_jzg
Create your own work and stop crying.,0,2025-01-27T05:47:13Z,zrgUJSs_jzg
"Why is no one telling him the truth, clearly you were at Amazon for a reason, and I’m sure it was not because he had a wealth of knowledge in other categories in life",0,2025-01-27T05:01:03Z,zrgUJSs_jzg
Would you consider doing Amazon Flex instead?,0,2025-01-27T04:38:50Z,zrgUJSs_jzg
"I work for Amazon, so I feel him. He hit the nail on the head. Working at Amazon is not for everybody. Whether it be delivery, driving or working in the fulfillment centers it is very demanding. I've seen people quit on day one.",31,2025-01-27T00:25:42Z,zrgUJSs_jzg
It's hard to get a job so don't be quick to quit your job unless you have no choice,0,2025-01-26T17:49:41Z,zrgUJSs_jzg
"the DSPs literally break every rule their is in the book, they instruct you to knowingly lie about the conditions of the vans and they encourage u to not take breaks ever",0,2025-01-26T11:08:04Z,zrgUJSs_jzg
You had 192 stops first day? I don't regret quitting Amazon after 3 months but 192 stops first day is  diabolical and they tried me with mostly businesses also but the businesses were not easy to get to,0,2025-01-25T17:47:55Z,zrgUJSs_jzg
"After peak season you're scheduled to work, but then you don't work. You don't get a route because you've been taking breaks on your routes before and they lied to you saying everyone's an extra",0,2025-01-25T13:36:11Z,zrgUJSs_jzg
"Not to mention you have to pee in a bottle

Most of the drivers that have been there longer.Don't take a break or lunch
Song You take a lunch break, you're behind and they send a rescue

They want 20 to 30 stops an hour 

Your knees start hurting.It makes you slower now",2,2025-01-25T13:35:39Z,zrgUJSs_jzg
This generation doesn't like to work I wish I was still young they make more money these days,0,2025-01-25T05:28:35Z,zrgUJSs_jzg
They mustve put you in that cage for being 1 min late from lunch break,0,2025-01-24T22:55:42Z,zrgUJSs_jzg
Warehouse work is for men who have 3 kids and are 10k in debt… they literally can’t quit. Or if you are a woman who can’t lift 50 pounds I highly recommend working a warehouse the lonely men at the warehouse will never write you up and spoon feed you cause you are a woman. Ever since warehouses got rid of physical fitness tests they all went downhill,0,2025-01-24T17:25:43Z,zrgUJSs_jzg
"Nope, Post Office is the same thing! You have more prep time to get stuff on your truck though. Another difference is that there's no AC in the old mail trucks, they still have a small metal fan that barely does anything in the summertime. Plus, they get alot of Amazon packages too. Summertime wasn't that bad but not a fan of daylight savings time making it dark earlier & not a fan of the rain.",3,2025-01-24T04:17:50Z,zrgUJSs_jzg
"Hated this job man, was blessed to find a better one after 4 months in, never put in my 2 weeks just called n said I’m done.",0,2025-01-23T16:43:37Z,zrgUJSs_jzg
192 deliveries is INSANE!! when i worked there they wanted me to pick about 300 items in hour . i left after 3 months .,1,2025-01-23T11:30:17Z,zrgUJSs_jzg
Don't worry robots will be taking over those jobs soon anyway.,0,2025-01-23T09:57:20Z,zrgUJSs_jzg
A black guy quitting his job! on day one! no way I just can't believe it😅,0,2025-01-23T01:31:51Z,zrgUJSs_jzg
"So, how come you didn't mention anything about your Training as a Delivery Driver? For example, how long did you spend in the streets training for the job? How experienced was your Trainer? Since Amazon has no union for its employees, of course the company is going to pile on the delivery stops galore!! Especially during the holiday season. And as you said, the job is not for everyone. But it certainly beats toting a pistol and robbing elderly people on the streets doesn't it? The work might be tough at Amazon, but at least it's an Honest Job. I hope you will find what you're looking for young man.",1,2025-01-22T21:42:27Z,zrgUJSs_jzg
Ima just say if u tryna work these jobs be in shape bc they gonna milk that 21hr,1,2025-01-22T18:23:15Z,zrgUJSs_jzg
Thanks bro for the in depth detail how it work. Sound like they training americans to be robot. 👍,0,2025-01-22T18:01:04Z,zrgUJSs_jzg
I was a mail carrier for 12 years and much of your description of the Amazon work is very similar. Really hit home when you start talking about the opening and closing the door with future shoulder issues. I quit the PO 8 years ago and still have shoulder pain,21,2025-01-22T17:11:34Z,zrgUJSs_jzg
Worked for two Amazon dps. Every time I started they gave me a nursery route. When they give you a real route you gotta play it smart. Bust out 80% of the stops and take your time for the last 20%,2,2025-01-22T12:56:42Z,zrgUJSs_jzg
I forget this new gen don't like work that might make you break a sweat.,0,2025-01-22T10:18:11Z,zrgUJSs_jzg
I did it 3 summers ago for 2 months. I used it to get back in shape. It wasn't that bad. The only problem was there wasn't enough hours. You could come to work and get sent home if there wasn't enough routes. The guy in the video is just lazy.,0,2025-01-21T19:21:34Z,zrgUJSs_jzg
"Damn, i made over 25 an hr back in 2014, fuck working for 16",0,2025-01-21T05:26:31Z,zrgUJSs_jzg
Amazon flex,0,2025-01-21T02:24:12Z,zrgUJSs_jzg
"No work is ez thats y its call work,by the sweat of ur brow u shall eat bread",0,2025-01-20T23:36:16Z,zrgUJSs_jzg
"USPS definitively more, we deliver our packages, Fed-Ex, UPS, DHL and Amazon package 🤣",0,2025-01-20T22:53:13Z,zrgUJSs_jzg
"They should install emergency sirens on the Amazon van, that way when driving in traffic other cars will move out of the way so they can deliver the packages fast since it’s such an emergency.",0,2025-01-20T17:04:10Z,zrgUJSs_jzg
My son deliver for amazon.. He been doing it for a few years.. its not for everyone...,0,2025-01-20T06:19:39Z,zrgUJSs_jzg
They want people to leave so they can hire new people who they can pay less,0,2025-01-19T13:42:33Z,zrgUJSs_jzg
$21 an hr is great for college students who live with their parents or roommates and need a job for the summer. Thats exactly who this job is for.,1,2025-01-18T02:14:36Z,zrgUJSs_jzg
"I quit fed ex on my first day Lol, Same thing contractor of fed ex, Billy Bobs transport or something, I am not doing 200 deliveries a fricken day.",0,2025-01-17T22:32:27Z,zrgUJSs_jzg
"I quit a job after my second day working at a high end shoe store. We were required to put the shoes on the person's feet, put a sock on them and put the shoes on.... No way I was going to touch people's funky feet for money, no matter how much it paid. The other guys that worked there had no problem doing it, but it was not for me. Don't dog the job and make it seem like it was unreasonable because there are obviously a ton of people all over the world who can handle the job, it's just not for you.",1,2025-01-17T20:06:49Z,zrgUJSs_jzg
Nigga i did it for 2 years tf u mean u quit in 1 day ? 😂,0,2025-01-17T16:24:11Z,zrgUJSs_jzg
Almost 200 packages 📦 on your initial day I don’t know what to say honest I might quit 😆 almost like doing phone and tablet sometime the manager want you to have certain numbers for the days.,0,2025-01-17T15:36:03Z,zrgUJSs_jzg
Trying to search for a job bro bc my mom retired,0,2025-01-17T15:31:00Z,zrgUJSs_jzg
"When I first started, they would give you a few practice runs, delivering about 75 packages each day during your training period. My dumbass thought that normal routes couldnt be much more than this right?? Here I am thinking this job is SWEET. FIRST day after my training ended, first full route ever given to me and immediately my coworker that trained me is like, ""I got bad news for you. I tried to tell them not to give you the route on your first full day but they did it anyway. They gave you a route with 293 packages, 174 stops. I almost threw up man. By the time I finished packing my van, you literally couldn't SEE the back of the van nor could you walk back there. I had to fucking dive into the packages and swim back there to find anything. I had to get rescued by like 5 people! I quit a couple days later 😂",95,2025-01-17T13:18:59Z,zrgUJSs_jzg
" OUTSTANDING video wow!  Loved the way you explained in DETAIL like you have to open and close your door 4 times for EACH stop and that is wear and tear on your BODY!!!! Delivering in Alllll types of weather wow!  I never thought of that, thank you for explaining that to all of us, sincerely.  and thank you for your hard work even for one day.  Have a great week.  again OUTSTANDING video!",5,2025-01-16T13:17:13Z,zrgUJSs_jzg
yea you super soft I delivered for like 8 winters yea you got a lot to deliver work your quick pace get ur shit done and go home. Too many drivers like you....... soft,1,2025-01-16T07:04:11Z,zrgUJSs_jzg
I worked for Amazon and quit too had almost 500 a day f that!,0,2025-01-16T01:31:36Z,zrgUJSs_jzg
I think ppl who take care of our mail should be compensated well. We are tricked in to thinking 21 is a lot. It’s not. With inflation 20 is the new 15. 25 is the new 20. Like you said it’s not what you thought. That 21 is not what you think it is with the wear and tear on your body. Amazon needs to be taken down and Jeff bezos needs to be dealt with.,0,2025-01-15T19:24:15Z,zrgUJSs_jzg
My buddy worked for them and told me he would get done early or just about on time just to get sent out to help someone else finish lol,0,2025-01-14T22:49:57Z,zrgUJSs_jzg
"I worked for about a month or so as a UPS seasonal support driver using my own vehicle. From all the stories you hear working for Amazon DSP, UPS was a thousand times better. The pay was great, you get reimbursed for your milage, the work wasn't overwhelming, it was very laid back, ....yes you get a lot of packages but nothing near 200 or 300, there is no micromanaging, no one tracking you every minute and telling you to move faster, as long as you kept moving and delivered your packages that is all that really mattered at the end. I personally loved it, I just wished it had not been a seasonal gig or that at least it had lasted longer.",1,2025-01-14T19:41:23Z,zrgUJSs_jzg
I did the same stuff I felt the bs from the  start plus they only paid like 15 an be hour and was like 9 miles out nahhh lol. It was so ghetto not even a warehouse just some big backroom like a garage,0,2025-01-14T13:21:29Z,zrgUJSs_jzg
"Some parts of this had me rollingggg🤣🤣🤣....because I know exactly what you mean!!! It's nice to know there are other people who feel the same way. I hate trying to talk to some people about these jobs and they make excuses for them. I'm like oh you don't value yourself, time or money to no extent huh🤔...",0,2025-01-14T04:48:32Z,zrgUJSs_jzg
💯 You cant let a job get more out of you than you get out of them. I tell people all the time that doing double work at any job for regular pay only benefits the company while you run yourself into the ground only to get up the next day and do it all over again frustrated. It aint worth it.,0,2025-01-13T19:32:31Z,zrgUJSs_jzg
"I made 20 a hour 20 yrs ago, and you say that's a lot of money today, naw bro, that's still close to minimum wage today, minimum wage is 15 hr today, it was a joke back then when you heard 25 dollars for a hamburger well that joke bout to get real today. Every time I think of amazon or ups and all the young kids running to get those jobs straight out of high school, lol is that what you graduated for to become a amazon worker or such, those jobs should be for retired workers at a much easier way, When I graduated from high school i became to good to work for McDonalds or Wendy's or any such naw not me, went straight into computer work on the job training in Oracle which still pays good today. Tell your kids to stop disrespecting that high school diploma make it worth the 12 yrs you took to get it.",0,2025-01-12T15:58:25Z,zrgUJSs_jzg
Lol. 😂 EVERYTHING you said is 💯 facts. I made a video similar to yours and quit AFTER my orientation was done. Got the same bashing immature comments trying to gaslight me into a job I don't feel comfortable doing. I don't regret quiting and now I'm at a better job where the weather for me indoors is better to work in. 👍🏾,0,2025-01-11T21:25:53Z,zrgUJSs_jzg
"🤦🏾‍♂️.. Yall are just a Lazy generation of humans !!!  I worked for Amazon and would finish a 300 pack load by what was Supposed to be my scheduled lunch!!   Im 41 years old with two decades of Moving and Logistics on my back😶😶😶😶😶....  No wxcuses cuz,",0,2025-01-11T20:12:08Z,zrgUJSs_jzg
"From what i heard, Amazon deliberately push workers to work hard so they can quit them self. They save money this way by hire new worker",0,2025-01-11T16:29:45Z,zrgUJSs_jzg
Those are the type of jobs you gotta hit quit 90days max with exit plan and savings.,1,2025-01-11T10:16:23Z,zrgUJSs_jzg
I do security work which is easy. I just don't get paid enough weekly. 😭,0,2025-01-11T01:27:48Z,zrgUJSs_jzg
"200 deliveries is just stupid.  We’re not machines.  Killing yourself for $21/hr? Nah, I I’ll live in my car.  This system is cooked.  Workers have to stick together.  Unionize and strike.",1,2025-01-10T18:26:29Z,zrgUJSs_jzg
Trust me bro. Those folks don’t have to worry about that job for long. Give it about 10 years and robots will be doing it…💯👍🏾,0,2025-01-10T17:26:25Z,zrgUJSs_jzg
I’m 23 I do hvac now but I admit amazon was my most brutal job ever was there for 5 months became a top 5 driver in my dsp got punished with more packages and stops it’s physically draining I lost 30-40 pounds working there barley have time to eat between stops absolutely terrible,0,2025-01-10T11:42:47Z,zrgUJSs_jzg
"Amazon is known for abusing their employees. But if you can afford to quit, quit.",0,2025-01-10T06:51:35Z,zrgUJSs_jzg
"Sounds ridiculous, I don’t blame you I would’ve quit too",0,2025-01-10T03:10:23Z,zrgUJSs_jzg
"You ain’t tell no lies, and I’ve worked for Amazon and the DSP side. The concept is easy like you said, but all the rules you have to follow to make those deliveries makes it harder. And when it comes to the money think of it like this. The higher your hourly pay. (barred prior DSP experience) the more work you will do. They’re able to pay you as much due to the production of your employer. That’s why they always offer bonuses, raises and offer instant health insurance. You’re literally doing this job until they start rolling the robots out… everyone is shopping online now, which means more work hence why they are always hiring and hire 90% of people. if you can do the job more power to you, just not in the cards for me.",0,2025-01-10T02:55:33Z,zrgUJSs_jzg
I quit too after going through the first day of orientation. I did the math and was like hell no. I firmly believe in quitting on the first day if the job isn't a good fit for you. $21 an hour isn't no money honest with how high rent is ( and wouldn't pay the rent). Amazon is one of those companies i wouldn't even work for if i was going to be homeless because it still wouldn't pay the bills for the suffering I will have. You spoke the truth.Subscribed.,25,2025-01-10T00:14:28Z,zrgUJSs_jzg
Only reason i lasted just even 2 months at Amazon delivery is because i started part time - i had time to heal in-between shifts lol,0,2025-01-09T20:53:34Z,zrgUJSs_jzg
"Yeah they can miss me with that, I used to do Uber Rides & Uber Eats while also working in a Nursing Home. Woke up one day and said God there has to be a better way. Now I Day Trade. Best decision I ever made, I can work from my laptop or phone and I never spend more than 1 hour on the charts. I spent 6 months learning and the rest was history. Now I make in an hour what most people make in 2 weeks and after that hour is up I close the charts and have the rest of my day to do whatever I want. Financial Freedom should be the goal. I know Day Trading won't be for everybody but I still encourage everyone to learn and give it a try especially young Black Men. It can really change your life!! All I trade is Nasdaq at 9:30am to 10:30am Tues, Weds & Thurs just 3 days a week and I make anywhere from $1,500 to $3,000 each of those 3 days I trade.",0,2025-01-09T20:28:29Z,zrgUJSs_jzg
It's the DSP company. I was already a flex driver and went to be a DSP driver because it's more money and not using my own car cause I was cruising as a flex driver plus I can choose when I work. I go in for the interview and they say 10 plus hours a day plus you have to work weekend days and deliver x amount of packages plus you have to load your own route. I walked out right then and there because I smelled pure bs in the air. I just went back to my flex routes. I'm in my own car taking 4 hour blocks work Monday to Friday and it's cake. If I'm really froggy I do 2 routes a day mon to Friday and I was making about 800-1000 per week but they are on bs too because they will schedule the stops wrong and ding you for it. They will put priority deliveries in the middle of a route that were supposed to be delivered before the others and ding you with the late delivery. The app doesn't route around road construction and half the security pins to get into locations don't work. They will ding you for everything. I was shot at during a route so I took the rest back because I was good for the day. I wrote driver support and off road to report it and they dinged me for an unfinished block. Amazon and everything about them is trash.,0,2025-01-09T19:25:56Z,zrgUJSs_jzg
My entire algorithm .. not just YouTube but all platforms you can think of is about people complaining how the old times you could you rent an apartment for the cost of a McDonald’s meal. Like wtf are we even doing ? It’s not even fair for the people that are working so hard in schools just so the world can come to shit,0,2025-01-09T16:34:20Z,zrgUJSs_jzg
"I’ve been delivering for Amazon for over 2 years, slowly been losing my sanity lol",0,2025-01-09T16:11:28Z,zrgUJSs_jzg
"I didn't even make it to the first day myself. I went through the three-day training; on the third day, they paired me with another person. After seeing how many packages he had to deliver by himself, with no restroom access outside of using bottles, and how Amazon tracks you, even when you're just sitting for a second, I realized I couldn't do this.

Lol, maybe if two people were doing routes together, where one drives and the other brings out the packages and they switch every so often, but for one person to do all this, no thanks.",0,2025-01-09T13:14:22Z,zrgUJSs_jzg
Sound like your soft ass should have gone to school and got a job using your mind instead of physical labor my boy,1,2025-01-09T10:52:39Z,zrgUJSs_jzg
If they was payn $35-$40 an hour i would do it...i get what u say'n..but it comes with the territory..u young King as young man u should be able to handle it..but i appreciate ur insight cause u right every job aint for everyone.,1,2025-01-09T09:37:58Z,zrgUJSs_jzg
Oh wow I thought they load your vans for you guys like they would have loaders they would pay I didn’t know that,1,2025-01-09T05:44:41Z,zrgUJSs_jzg
"Bay Area an San Francisco Amazon starting pay is 23 an hr they pay for 400 for 3 day training,",1,2025-01-09T05:33:15Z,zrgUJSs_jzg
Unless you have a back up plan lil bro you don’t be needing to quit a job and I see a baby car seat in the back you need to get it together! It about ya feelings especially with a child (unless I’m mistaken by the baby chair in the back).,1,2025-01-09T05:20:16Z,zrgUJSs_jzg
"I worked as a mail carrier a couple of years ago at the usps and it was a very similar experience to what you’re describing. I only lasted about 2 weeks because they kept calling me to the office saying I was delivering too slow. 

Some locations I straight up couldn’t find even with my phones gps, and one day this lady was screaming at me because I couldn’t find her dog food and she claimed I was starving her dog. Not even joking.",2,2025-01-09T03:59:04Z,zrgUJSs_jzg
"Hey Theo, I admire you for your self respect. I’m 62 and have had a lot of jobs over the years. I understood just as you that some jobs just ain’t worth the BS you gotta go through. You’ll find where you’re supposed to be….. take care",27,2025-01-09T02:23:33Z,zrgUJSs_jzg
"These type of jobs dont seem worth it, the company breaks your back and turns you into an old man prematurely with no unions and you're just another body to them.",0,2025-01-09T02:00:08Z,zrgUJSs_jzg
I did the Amazon Flex where I picked the hours that I wanted for 3 hours the they put a time on your delivery which is hard to do considering traffic it does take a toll on your body like he's stated and your car,0,2025-01-08T21:39:12Z,zrgUJSs_jzg
I worked as a delivery driver in 2018….starting off at 13.85 a hr. We did the same amount of work if not more. It’s just funny to see and hear people complain about a non skilled job paying 21hr😂,0,2025-01-08T21:27:11Z,zrgUJSs_jzg
"You go fired, didn't you?! 🤣",0,2025-01-08T19:55:52Z,zrgUJSs_jzg
"Apply @Carvana, my grandson  worked there delivering cars, it seems like it would easier then delivering 200 packages. Good Luck !!!",0,2025-01-08T19:32:35Z,zrgUJSs_jzg
Im happy you realized how back breaking working at Amazon is. Glad you quit. You have to do what is best for you. Thanks for sharing your story!,1,2025-01-08T17:29:22Z,zrgUJSs_jzg
"Man i worked for Amazon for a week to finish the training so i can get the new employee bonus. After that, i left. It was the hardest job i ever had, and i only wanted to do it as a side hustle. I can't do it",0,2025-01-08T17:04:22Z,zrgUJSs_jzg
"i lasted 4 months, i don't even know how I lasted that long. At times the brakes would not work in the vans and if we complained about the vans having issues they'd take us off the schedule. This one time my van turned off as i was driving down a steep drive way and almost hit a house, thankfully i pulled the parking brake , the dsp told me to leave the van there, had someone sent out, helped me load the packages into another van and start delivering again lol..piss bottles everywhere in the vans, some employees were straight up disgusting as well, leaving literal crap everywhere in the vans, some of those vans were never cleaned for years.",0,2025-01-08T16:43:20Z,zrgUJSs_jzg
"Have every sympathy for you. I used to work as a cleaner for a big company and had to walk 5 miles there and back to make it ""profitable"". It was laughable but there are benefits, like nobody bothers you, choose the hours, get fit, achieve something after hard work ... money isn't everything believe me.",0,2025-01-08T16:23:53Z,zrgUJSs_jzg
"Bezos can drop 600million on a wedding but cant give his workers atleast a raise to match that of UPS is crazyyyy ,i see how hard Amazon workers work just looking out my window n i can tell they are overworked just how my wife alone orders packages 😔,hope 2025 is better for u guys",0,2025-01-08T11:22:53Z,zrgUJSs_jzg
I quit my first day too like 5 years ago. They had me do 322 deliveries and it was 110 degrees on that day and I live in Dallas. Never a fucking again. Too much for me!! And it was 13 an hr instead of 21,0,2025-01-08T11:10:06Z,zrgUJSs_jzg
"I was there for 2 weeks and it was not worth it I quit, we were delivering 350-400 packages a day and during that time they EXPECTED you to finish in 8 hours (now it’s 10 hours) and at the time it was $15 an hour!!!!so much work for little pay, my knees would be SORE after every shift, shout to the people who have done this for years, this is literally slavery. They really don’t care about us, we are just numbers in their eyes.",1,2025-01-08T10:59:11Z,zrgUJSs_jzg
Running out the van all these packages rescuing people pitch black at night can’t see address timed breaks I quit after 2 days they was out they freaking mind,0,2025-01-08T06:28:35Z,zrgUJSs_jzg
192 packages sounds overwhelming. I would of quit before I started.,3,2025-01-08T06:10:16Z,zrgUJSs_jzg
Quit after one day 😂😂😂,0,2025-01-08T03:43:37Z,zrgUJSs_jzg
"Lmao  I was doing Uber and lyft and it put wear and tear on your car, my car started overheating.  The next week I got a delivery job for Amazon took my first paycheck as proof of income and got a brand new car and it's paid off now and early.   Never driving my vehicle again for any driver gig.    I'm at the warehouse now I want to go back to delivery again that job was sweet.   You tripping and you just got there you don't always have the same route and if you are a better driver they'll give you the route you want.    And everything you talking about you tweaking I would be so hot in the winter time from that heat beaming it felt good to get out the car.    Man I miss the freedom of doing delivery.  Just like you talking about the repetitions of getting out of the van look at all the miles and you messing up your car doing what you doing",2,2025-01-08T02:24:48Z,zrgUJSs_jzg
Keep posting bro.. I felt like I was chopping it with my boys. Btw I work in the warehouse and I help the drivers load up their vans in the morning and you right they think you guys are robots when it comes to packing your vans and getting on the road within 15 minutes.  One thing I tell ppl is that Amazon operates the way that they do for a reason… Promised Delivery Date is the reason why  Amazon is modern day slavery and that’s why they rush yall in the morning cause if they get yall out early then you guys have a better chance of completing the route.,0,2025-01-08T01:26:28Z,zrgUJSs_jzg
"Rainy days was the worse days I had , I did a year , you get used to it , but I left , I’m now doing doordash , and I realized how little work I do compared",0,2025-01-07T23:43:19Z,zrgUJSs_jzg
"😂 this generation freaking LAZY FR! I did Amazon Flex, Instacart, and worked at a group home! Bro, I guess it wasn’t for you then because I got a good workout and I’m in my 50s😂",3,2025-01-07T22:06:47Z,zrgUJSs_jzg
"I've never done that job sir, but I've had my fair share of other manual labor.  You are absolutely right.  It does wear on you and if It's monotonous, it wears specifically, quickly, and painfully.  I feel for y'all.  When I order from ""Uncle Jeff"" I'm always appreciative when stuff shows up on time of course, but it makes me sad at the same time.  The human toll is real",2,2025-01-07T19:59:47Z,zrgUJSs_jzg
"I work for usps and trust me it’s hard but we get paid 3x in one day 
7:30-3:30 regular pay
3:30-5:30 time in a half 
5:30- until penalty means double pay 
 So after 5:30pm I make $50 a hour",51,2025-01-07T17:56:45Z,zrgUJSs_jzg
"Yeah, I'm not the fastest person in the world. I am looking to get me an office job.",0,2025-01-07T17:41:40Z,zrgUJSs_jzg
i feel you on that repetitive motion of opening and closing doors on top of lifting heavy packages for long hours. i had to have surgery on my shoulder a few years ago due to repetitive motion tasks while working long hours.,5,2025-01-07T17:35:47Z,zrgUJSs_jzg
I hated that job with all my soul..,1,2025-01-07T17:31:17Z,zrgUJSs_jzg
Stress of work is better than the stress of no work,2,2025-01-07T17:18:01Z,zrgUJSs_jzg
Very Disrespectful.I have left So many jobs on the First day,0,2025-01-07T17:02:08Z,zrgUJSs_jzg
No easy 21hr job i guess😢,0,2025-01-07T16:49:41Z,zrgUJSs_jzg
"You didn't have 192 stops you just had a nursery route with 192 packages. That's not the same as the  actual stops. So may have had 60-100 stops at the most. Me and other vets are doing 180-200+ actual stops/ 250+ locations/40-80 multi-stops/300-800 packages. The person that trained you didn't do a very good job because its a lot of things you didn't have to do. Good that you quit, its a dead end job. Salute for trying and seeing this BS we have to deal with.",5,2025-01-07T16:00:34Z,zrgUJSs_jzg
"The 1st day was a nightmare,  the manager followed me to the 5th house and told me I was too slow and I couldn't use the gps on the phone. Dps company phone (3rd party) died, I had to use my own phone and my own charger. The manager call me every 1/2 hr on 1/2hr tell me how I was slow and wanted an explanation. 

1 had 220 delivery on my 1st day. Never got replace phone and the usb in the van did not work.

1st day I quite.",0,2025-01-07T15:38:11Z,zrgUJSs_jzg
"0:54 “I DONE WORKED ALOT OF JOBS BUTTTT I AINT NEVA QUIT ONA 1st DAY!!!!”
😂😂😂😂😂😂😂😂 Lawddddd… Amazon so wrong!",5,2025-01-07T15:05:03Z,zrgUJSs_jzg
Amazon is trash. I dont need a package at 7pm on sunday.,0,2025-01-07T15:03:49Z,zrgUJSs_jzg
my thing is if you willing to do it... the whole thing... the old people made a system you havent figure out but there many jobs out there but looking at other end people in africa or mexico will jump at this and not complain. but one on a level where why work hard when you dont have to then something fit more where you dont have to be physical and timed... this is for those who move around fast ...you got have plan and able move around.. some us not built for certain things,0,2025-01-07T14:53:07Z,zrgUJSs_jzg
The problem is people/workers do not know what concerted protected activity is or how to use the workers rights they have without a crooked UAW\Teamsters Union you don’t need them to have rights and negotiate for yourselves the true disservice workers provide is ignorance.,0,2025-01-07T13:47:06Z,zrgUJSs_jzg
The Amazon employees in the warehouse are the most unhappy people I’ve ever seen. You would think you’re watching the walking dead it’s nothing but Zombies,14,2025-01-07T13:43:34Z,zrgUJSs_jzg
"You don’t want to be a corporate slave? 

The DSP makes the employees think Amazon is the problem when the problem is the DSP and not demanding Amazon change through negotiation they just do what they are told like good corporate Nazis.",1,2025-01-07T13:42:11Z,zrgUJSs_jzg
"6 yrs delivery driver here 👋🏾. If you like a good challenge its for you!!! Pack your van correctly its a easy breezy day!!  I dont play about my van at load out!  I've trained 100s of drivers to make sure that van is right.... I have many side hustles on the side including working customer service from home and helping people do customer service from home... The 4 day schedule works great with my side Hustles....    If you dont like the weather than its not for you. Just dress accordingly and you'll be fine!!!   But i will admit Amazon will give you some routes that dont allow you to take a break, thats almost always (Honestly a strike is needed against that part)",4,2025-01-07T13:38:35Z,zrgUJSs_jzg
"I worked at a fulfillment center for about nine months. I’d worked my way into a leadership position at one factory. Then I moved and I had to transfer to a different factory that place was a mess. There was protest happening every other week and picking the routes for the delivery drivers was literally impossible especially the trucks that had apartment buildings. They expect us to pull these huge routes in 20 minutes or less After sorting 20,000 or more packages. It’s literally so impossible and the drivers have only 20 minutes to load their trucks so they’re really wanting us to work hard but we’ve already been working hard for eight hours before they even pulled up. I went on workers comp for six weeks and then quit after my physical therapy.",0,2025-01-07T12:51:41Z,zrgUJSs_jzg
"Dude you didn't want to do no hard work, bottom line.For you to think door dash is similar to Amazon delivery, you sound very immature. You know for yourself there are different levels of delivery jobs. Keep it a buck...Bettet luck in the future.....",5,2025-01-07T12:02:21Z,zrgUJSs_jzg
"Worked for fedex for 6 months  & had 200+ deliveries and everything was potentially 50+ lbs up to 125lbs per package. 

Couldnt do it after a while due to the terrible trucks just got with amazon this month.

The packages are extremely light compared to fedex + the trucks are super safe with heat ect

I would honestly say due to fedex i was already conditioned to terrible experience for a decent amount of money. 

Delivery driving isnt for everyone but i will say its not as hard as it may seem if you are resdy to be physically fit fr",0,2025-01-07T11:45:17Z,zrgUJSs_jzg
"That's true, it's a third part of the Ohio. That's why if you're gonna strike which I did Amazon don't come to the table. They're telling you to go to the certain party. It's what a scam. I will never look for a packaging company or a factory flow site or assembly table. Never no breaks you can't walk away. That's not a secure to God job where you have to wait for your relief to come before you can go home those jobs. I don't do I love my freedom too much.",1,2025-01-07T10:17:54Z,zrgUJSs_jzg
"So many of you guys are trying to get away from authority at work. There is authority everywhere. Whether it's a boss in person or an app that's tracking your every movement.
Self-employment even comes with authority from your customers. If they don't like you, or don't want your product, you'll be out of business.",1,2025-01-07T09:22:15Z,zrgUJSs_jzg
I used to do this part time on the Flex side.. before they fired me for no reason. It was so fun and about 50 packages and like 28 stops.. then it became like 80 packages on a 3 hour shift with like 40 stops. The computer must’ve been bad too because the evening had fewer packages but they were like 35 minutes apart .. also didn’t account for traffic time or anything! The warehouse workers would push items in to ur car and didn’t care if it was too huge to lift or no space. It became crazy !! I had to keep the car running and just leave it on park!! Also had weird roads and hard apartments with no stairs and neighborhood watch areas where I was questioned multiple times and dogs !! It is really HARD labor now with the volume of packages. First day was easy and relaxing and misleading. It ain’t worth it. I don’t know how they do it. Much respect !! Again I’m speaking of  Amazon Flex.. not full shifts.. that’s WAYY harder.. I don’t know how they do it. Heard the warehouse is horrible too!!,22,2025-01-07T08:39:10Z,zrgUJSs_jzg
We had to pack and label 300 bags an hour that's like 5 bags a minute. Two 15 min breaks and one 30 minute break and it takes 10 minutes to get to the car I had to chose rather I wanted to eat or drink at lunch there wasn't enough for both.,4,2025-01-07T06:27:30Z,zrgUJSs_jzg
"i always feel you should give a job at least a week before determining if you want to stay there. Every first day at a job i had sucked for one reason or another. But once you get into the groove of things and all that, it's not as daunting or overhwelming. Should have stuck it out a little longer tbh to make sure.",1,2025-01-07T06:06:52Z,zrgUJSs_jzg
My co worker used to do dhl for 10 yrs delivering 30 packages a day.  Tore both his knees out and cannot walk anymore,0,2025-01-07T05:37:35Z,zrgUJSs_jzg
I worked at Amazon for one day and didn’t finish my route . I dropped all my stuff off at the hub and never came back .,71,2025-01-07T04:00:31Z,zrgUJSs_jzg
"Crime will be out of control very soon after AI replaces 90 percent of the workforce, scary to think about it",0,2025-01-07T03:51:33Z,zrgUJSs_jzg
I worked for 6 months to get ready on forex and get my car to do Uber and Lyft,0,2025-01-07T03:25:11Z,zrgUJSs_jzg
No matter how bad the job is. there always people will line up to work there. I saw amazon trucks line out to the street almost everyday.,2,2025-01-07T01:51:57Z,zrgUJSs_jzg
"That's gotta be demoralizing having to feel the need to quit on your first day. It's like WTF!! Doesn't Amazon give people more than 1 day to train for such a complicated job? It's a lot more than just dropping off packages. I'm glad this video details all the nuances. Also, $20/hr isn't what it used to be. Back in the mid 2000's, it was great. Now it feels like making $10/hr. My only concern is the fact that finding any job is hard. It takes weeks just to process a new hire, so you might be out of work for a while. Hope you've got some savings because a lot of people don't!",0,2025-01-07T01:08:09Z,zrgUJSs_jzg
even amazon flex is booty no cap,0,2025-01-07T00:48:24Z,zrgUJSs_jzg
200 stops!? That's insane. I work for FedEx Express. I had less than 60 stops today...,0,2025-01-07T00:03:18Z,zrgUJSs_jzg
"Post office just like them bruh, u just get more benefits, but the work load around holidays is krazy",0,2025-01-07T00:02:29Z,zrgUJSs_jzg
"The post office is worse. I saw them breaking out the Vaseline and putting on some music so I started the escape plan early. The post office starts minimum wage and caps you after a certain amount depending on your area. You are forced to save everyone in your office if you are the new person and when you do over time they cap it so your over time is taxed away once you get your check (your overtime usually stays within 10 hrs a week). If you are first starting, you have no days off. You basically have to ask them for a day off, there was a time I worked 3 weeks straight and when I asked when are my days off they sent me home from the office I was stationed in (meaning I came clocked in asked when do I get a day off they said come back tomorrow).  After you are made permanent and you're receiving your cap payment, they give you a union that brings your check take home about the same as when your first started working there. Plus your health care is dog shit. Oh and the people who are in power are really just people who have been with the company, and dont really have any other options, i usually see when companies are like this the people in power dont really understand how to do management, and its very obvious when you go to different offices because not one office i have been to coincides with the rules that you sign when you are endorsing the employee contract. I do not recommend and I implore you to never to ever ask about this place again.  Amazon has gotten their service ideas from the post office, the only difference between Amazon and the post office is Amazon pays way better and has better trucks and better health care. But the post office offers a pension (the pension won't do shit for you in this generation because the economy will  dissolve your check like alcohol to a drunks liver)",4,2025-01-06T23:14:48Z,zrgUJSs_jzg
"Awe man this is hilarious to hear to someone who has worked both warehouse and 3rd party delivery service for Amazon and I feel your frustration especially with the delivery side of things.

 I use to deliver well over 300 packages and make like well over 250 stops on average! 

The reason they raised the hourly rate is cause the job was too physically demanding!

 I worked for the worst dsp in my area and some would quit 2 to 3 stops in.

 the team would have to pick up the slack and split what was left from the person who quit and we didn't get any bonuses especially for ""rescues"" for ppl being behind on their route.

 Shit was wild but on the positive side you didn't need a membership cause it was a great workout. 

Just need to know how to properly lift things and also stretch as needed.

 The warehouse downside was just lack of pay but that just recently changed so working at the warehouse is far better, especially if you know how to network you can easily move up. Just gotta get noticed by putting in the work!",0,2025-01-06T22:59:40Z,zrgUJSs_jzg
I quit Amazon here in Cleveland OH at there Fulfillment center on my 4th hour during orientation. I knew it wasnt for me. I don't blame you,0,2025-01-06T22:57:16Z,zrgUJSs_jzg
I don’t blame you! There’s no amount of money anyone can pay me to work at one of those factories! 🏭 😂 and so many of my friends quit working for Amazon too. I’m never gonna apply for it! Everything I heard sounds miserable!,0,2025-01-06T22:10:11Z,zrgUJSs_jzg
"Shout out to you at least trying. 

What a difference in stories lol. I started delivering and didn’t quit. I actually had 400 packages and over 200 stops the week before Christmas. 

You’re right about staying organized in the van. Critical. Especially if you don’t drive those big box square trucks that have a lot of space. 

I did it for about 2 years in total (not consecutively but in total). I’ve worked for three different delivery service providers across two different states. 

(For people in general) If you don’t yet know how to earn money separate from standard employment and you need $ resources, and a place is hiring and you can work, and you can earn enough to do what you need to do while keeping your integrity intact, then it is definitely an opportunity to do what you need to do and your WHY (why you’re there) has to be way bigger than the money or you’ll always quit hard things. 

It is hard, but if you’re fit, focused, disciplined and agile, delivering for Amazon is simply fitness and mental strength. See yourself like an athlete and take care of your body so you can actually do it. 

I actually heard that UPS is even more demanding for different reasons.",0,2025-01-06T21:49:09Z,zrgUJSs_jzg
It's a blue-collar job! What do you expect? You are going to get older and older without a thing unless you acquire a skill.,0,2025-01-06T21:41:12Z,zrgUJSs_jzg
"When I ""retire"" from the traditional 9 to 5 in about 5 years, I would like to deliver for Amazon on a part time basis. I'm curious to find out just how brutal it can be.",0,2025-01-06T21:19:56Z,zrgUJSs_jzg
Me with social security over here 😂 fk a regular azz job NAH,0,2025-01-06T21:17:40Z,zrgUJSs_jzg
I heard working in the warehouse is even worse,0,2025-01-06T20:09:14Z,zrgUJSs_jzg
"AMEN I'm so glad ur telling it like it is , I would have Quit the same day too, if they fire you they do not give u 2 minutes notice",0,2025-01-06T19:38:18Z,zrgUJSs_jzg
No no compare UPS to Amazon😮😅,0,2025-01-06T19:29:59Z,zrgUJSs_jzg
FOR ANYONE DOING AMAZON DELIVERY….THE WAY YOU PACK YOUR VAN IS THE KEY TO FASTER DELIVERIES.,35,2025-01-06T19:21:10Z,zrgUJSs_jzg
When I worked back in 2017/2018 I had 400+ packages everyday and they wanted me to do rescues lmaooo. I only had a nursery route the first day by myself.,0,2025-01-06T19:20:07Z,zrgUJSs_jzg
"Don't matter how much it is. Never will. What matters is finding reasons not to spend it on bs.
21 an hour plus benefits is a lot. When my girl got pregnant I had to take a pay cut selling weed to take a factory job for 13.25 working nights. Smile, these are the best days of your life 😊",3,2025-01-06T19:08:58Z,zrgUJSs_jzg
Lol 🤣 he said they send a rescue 🛟😭 OMG now I understand why I saw two trucks in my area at one time. Nevermind all that but I know the only jobs I quit was one at FedEx and one was at a hotel. 😆,1,2025-01-06T19:04:01Z,zrgUJSs_jzg
So yall out here wearing all this amazon gear and not even working for amazon 😂😂😂😂😂😂,5,2025-01-06T18:37:00Z,zrgUJSs_jzg
Brotha!😂😂😂This generation makes me so happy because y’all are NOT HAVING IT! Like we’re not literally breaking our backs to still be living paycheck to paycheck!😂😂😂 I’m a proud millennial! Lol,1,2025-01-06T18:35:55Z,zrgUJSs_jzg
"So what would you say is the solution to this problem? Let's face it, Jeff Bezos is rich because of the volume of sales and delivery. So does he need more drivers or to pay more money? It's DEFINITELY not a job I could or would do.",0,2025-01-06T18:24:11Z,zrgUJSs_jzg
That kind of job REQUIRES 2 workers...fr...driver and delivery guy! They can switch positions...when ever they like!,1,2025-01-06T18:17:47Z,zrgUJSs_jzg
This is feminine talk. A job is work. If it's easy then why would they even need you? Imagine teaching your child to be weak like this.,1,2025-01-06T18:01:38Z,zrgUJSs_jzg
"19:30 Trust me bro, the warehouse is no easier; You have to process hundreds of boxes or items per hour; Your standing up for 10 hours and depending on your position you might be standing in the same area for 10 hours; 

If you are able to move around in the warehouse, such as moving pallets, you will have walked several miles by the end of your shift

Even if you have an ""easy"" warehouse position, the work will be so dull and repetitive to where you will feel yourself becoming mentally ill

With Amazon you're in a lose/lose situation; Ironically I thought the opposite of what you thought and assumed y'all drivers had it easy, Lol!!!",0,2025-01-06T17:51:48Z,zrgUJSs_jzg
"23:20 Real talk; Amazon and plenty other corporations do not care about the damage being done to your body because of the job; If you're trying to work these hard labor jobs, you will not age good

I want to be able to walk around easy and not have any body damage for the rest of my life; Also, Amazon and other jobs do not care about employees who have passed out on the job or got hurt while on the job; They still continue to expect you to work at a ridiculous rate",0,2025-01-06T17:40:55Z,zrgUJSs_jzg
People want to get paid real money but not do real work… 😂,6,2025-01-06T17:28:59Z,zrgUJSs_jzg
I worked at a Amazon warehouse and I don't know how I lasted a year at that place,0,2025-01-06T17:25:53Z,zrgUJSs_jzg
I worked there for 3 days and said F this prison!,1,2025-01-06T16:55:00Z,zrgUJSs_jzg
I just hear I'm too lazy and the comments are the same. Stay broke and don't be asking for handouts hard working tax payers put in because you all are 'above' entry level work 🙄 $21/hr is OK  money for being unemployed and starting out these jobs are meant to be stepping stones not careers,0,2025-01-06T16:29:42Z,zrgUJSs_jzg
I make 12 deliveries a day atmost with doordash and make more money in 3.5 shift 😂😂😂,0,2025-01-06T16:29:35Z,zrgUJSs_jzg
And this is why I'm self employed these jobs out here don't care about you just use you and treat you like another number,2,2025-01-06T16:25:28Z,zrgUJSs_jzg
I quit after half a day.,0,2025-01-06T15:53:15Z,zrgUJSs_jzg
that’s how it is..which is a shame they do that because look at majority of the drivers are brothers and sisters you don’t see nowhere in any states that white folks are driving doing this job.  y’all better wake up. Smh,0,2025-01-06T15:51:25Z,zrgUJSs_jzg
Amazon is slavery,0,2025-01-06T15:46:30Z,zrgUJSs_jzg
I should have quit my first day.  That type of work no longer suits me.,0,2025-01-06T15:44:37Z,zrgUJSs_jzg
Lmfaoooooo 😂😂😂😂 it’s not for everybody especially when you not use to moving fast lol you have ya days but if ya mind set ain’t there then it’s not for you I was there but only quit to purse my CdL career but if not it wasn’t bad accept for the hot summer that was a toll on everybody but 😂😂😂😂 believe me it was some days where I was like wtf over 400 packages a day 🤦‍♂️🤦‍♂️🤦‍♂️,0,2025-01-06T15:39:35Z,zrgUJSs_jzg
"Flex? 😂 I started flex for car payments, jump to other apps and will return to spark by march hopefully. Oh amazon driver , thats a physical job , 8-12 hour shift. I remember us parking behind the trucks at one location, thats alot of work.",0,2025-01-06T15:29:53Z,zrgUJSs_jzg
So you found out work… requires work? Just a long video of complaining. Amazon has a reputation for being difficult. How are you breaking new information here?,0,2025-01-06T15:26:44Z,zrgUJSs_jzg
Go back to school  and get ur GED .98% of Amazon workers  never  finished  middle  school,1,2025-01-06T15:17:53Z,zrgUJSs_jzg
"The 3rd party companies you work for in delivery truly vary. I worked for one company for 15 months  until I decided to leave, but the next company I worked for had a broken seat belt one day and broken heating the next (in 20° weather). I ended up calling off the next day from a terrible cough after the no heat day only to get terminated the day after. Some companies are better than others, but the turnover rate is high on a lot of these due to Amazon's strictness in particular. I've already boycotted all of Amazon for 9 months now. I'm currently setting up 2 part-time jobs to get over the setback of the one place. Job security is definitely loose with Amazon, so be careful...",1,2025-01-06T14:43:27Z,zrgUJSs_jzg
I work at the post office but at a warehouse/distribution and people prefer that over being a mail carrier.,2,2025-01-06T14:20:40Z,zrgUJSs_jzg
You must have someone taking care of you since you do not think you need to work. It's not fair to them.,0,2025-01-06T14:11:17Z,zrgUJSs_jzg
Where I live at 200 is the highest it get and on your first day they give you the hardest route to see if you going to stay. Then they switch you. But if you do good they keep you there at that point you gotta move slow and complain and they would stop put you on bs route. Best think to do is get cool with the dispatcher and have them put you on the recuse team so all you got to do is most 70 stop in one day and still get your hours. If you don’t know how to talk or you can’t finesse you won’t last. The old people in there usually have a set route that they been doing.,0,2025-01-06T13:42:04Z,zrgUJSs_jzg
Same with fedex 😂 alot of the fedex drivers you see are 3rd parties and they get worked the ground. I do security for a AFB and get $27 in california.  Still aint shit but vetter than busting my ass all day,3,2025-01-06T13:18:26Z,zrgUJSs_jzg
I did Amazon flex and I only liked the routes that were 20 deliveries tops. 200 deliveries in one day??? Yall crazy 😅,36,2025-01-06T13:15:09Z,zrgUJSs_jzg
And that my friends is why working for corporations is damn near impossible to keep the job in 2025. Automation will takeover these jobs just to save money.💲💲,0,2025-01-06T13:10:27Z,zrgUJSs_jzg
I work security $24 hour and I do absolutely nothing 😂,156,2025-01-06T11:26:47Z,zrgUJSs_jzg
Better to just walk away when they obviously tryna make the job harder then what it supposed to be..Foh my nicca,0,2025-01-06T11:00:24Z,zrgUJSs_jzg
"Yup, quit i the same day on my trial period!  Plus that janky ass GPS, slipped twice on ice, don't forget the apartments!",0,2025-01-06T10:58:46Z,zrgUJSs_jzg
I quit my 2nd day lmao 😂... they want you to be a robot. These corporations are way outta control. They should be boycotted 💯. Then the rich assholes wouldn't have the money that they have.,5,2025-01-06T10:12:44Z,zrgUJSs_jzg
"I work at Amazon warehouse. I make 21 an hour. I've been working here for about a year now.And with all this hard work, i'm about to pay a year's worth of rent.

And because of that, all of my bills will be 850 month.
Dammit  i guess me working all the time.
And about to save 3 grand a month minimum. After that, I guess it just aint worth it. I'm working myself to the bone, you know😂😂😂.

I don't know what town you were in, but I live in colorado Springs and it was one of the easiest jobs. Besides the warehouse job i'm doing now.Delivering packages is one of the easiest things you can do. 
If you have your life right? A delivery job like that is something good to get into. When you're eighteen and twenty one, if you wanna get into a transportation type career field, it would look good on someone's resume, trying to become a trucker..

Now I do understand that this delivery job is s**** If you're in a high density city, I would never get a delivery job as name is on driver in those types of cities like denver would have never done that job there

Who is this not good for people? That need to pay their rent, pay. All their bills and still be able to save or have an extra five hundred a month.On most of these amazon delivery jobs, they don't pay more than two grand a month.

Whereas right now, with this warehouse job, I can work overtime and make a total of forty one hundred.

I work uber eats, so I make an extra grand.

In total, I make around five grand a month.

Working hard Is not a waste of time, nor
Is it pathetic? People like me aren't corporate shows? We're hard workers. Why do I get to have 3 grand in my bank account every month in savings? Because I don't have any debt, and I didn't choose bad decisions for the last four months.😂😂.

No, don't get me wrong. YouTube is another great source of income. That's why i'm gonna be making some channels on my own, but the video is good.Nonetheless.😂😂",1,2025-01-06T09:59:19Z,zrgUJSs_jzg
"Be cautious of scammers who may ask you to message them on telegram or privately in the comment section. They are not affiliated with me. Please be aware of this.

To obtain a professional CV overhaul in the Health Care Assistant, Customer Service Representative, and Human Resources sectors in an international format, please click on the link below: https://forms.gle/KcEWrenCZ871BUWh7.

If you wish to contact me, please send an email to faithjobseeker@gmail.com.",20,2023-03-20T10:35:02Z,L-sK2vdmO1Y
I love working at Amazon .but I moved from Tennessee to Texas. Last month I tray requirements. Then I fell the exam. So now I can't     work. How could again chance?,0,2025-11-08T21:40:13Z,L-sK2vdmO1Y
Here’s one of the problems that can be fixed.  Don’t drink or eat sugar at work it will cause you to crash.,0,2025-11-01T14:37:41Z,L-sK2vdmO1Y
Are you allowed to take your phone with you while working?.,2,2025-10-04T17:20:10Z,L-sK2vdmO1Y
Wished Jeff Bezoes would not have made wedding party with 39 gowns for his new wife in Venice but in his warehouse to see who makes him and her so rich and to celebrate with his real precious people. What a hard job. And you sound also very tired for good reason. Thank you for showing.,0,2025-08-27T19:52:53Z,L-sK2vdmO1Y
Good job 👏👏👏 Don 🎉❤😂,0,2025-08-14T02:01:37Z,L-sK2vdmO1Y
"I am working on work VISA through live and study in Europe for warehouse Amazon work in Poland, jindly advice me on the work",0,2025-07-23T09:25:09Z,L-sK2vdmO1Y
"Really need some tips, about to start this job next week, never worked in warehouse before",0,2025-07-22T23:50:54Z,L-sK2vdmO1Y
Hi this amazon sortation in Croydon ?? My husband working in tilbury amazon warehouse he want to move to this department,0,2025-07-21T19:20:17Z,L-sK2vdmO1Y
I looking for a job please,0,2025-06-28T12:31:10Z,L-sK2vdmO1Y
Hey thanks for the hard work Faith you are inspiring ✊,0,2025-05-19T13:17:40Z,L-sK2vdmO1Y
I used work at Amazon  last year yes I understand what said good job for you,0,2025-04-20T21:07:13Z,L-sK2vdmO1Y
Looking forward to apply for a warehouse job in Germany,0,2025-03-24T20:46:23Z,L-sK2vdmO1Y
"Did you know you can get fired for filming amazon warehouse,",0,2025-03-21T15:30:09Z,L-sK2vdmO1Y
What warehouse is it. I did not catch it in the video. I have just applied for Swindon depot. Thanks for the video,0,2025-03-17T10:03:24Z,L-sK2vdmO1Y
hi how you get this job,0,2025-02-24T12:58:40Z,L-sK2vdmO1Y
I am planning to go to Africa Guinne Conakry this year to go build a jods training warehouse. Wish I could connect with you. W your experience will make things easier. I know that.?,0,2025-02-19T22:11:32Z,L-sK2vdmO1Y
"Worked in a DS for 8 months. Absolute trash. For the most part waterspidered with 1 other guy when there should have been 2-3 more workers. Ended up having to do the bulk of the work unloading all the trucks, pulling empties, dealing with snobby unloaders. Then to end the shift Pick and Stage was the worst of all. Super congested, people everywhere with no awareness of their surroundings. Everyone is in the way. 3-4 people in each aisle trying to pick at the same time. 

Another thing I'll say is favoritism was terrible. The brown-nosers who created small talk with management always got favorable treatment. Hard work was rarely acknowledged.

I transferred to a fulfillment center. Much more peaceful with better schedule options. Making $24.30 now and get to work by myself. Just go in, grab my scanner, and work. I don't even have to deal with the managers. Also went through Career Choice and obtained my CDL",3,2025-02-08T02:45:47Z,L-sK2vdmO1Y
Best warehouse job 👍🏿👩🏿‍🦲🦵🏿💪🏿,0,2025-01-17T17:44:32Z,L-sK2vdmO1Y
Hello is it a good place to work at when I move to a new place in Florida and I’m thinking about getting a job there,0,2024-12-05T02:16:10Z,L-sK2vdmO1Y
Amazon wherehouse  is the Worst job ever.,0,2024-12-03T01:22:06Z,L-sK2vdmO1Y
Please how do I apply for Amazon jobs  in UK from Nigeria,0,2024-11-25T14:37:35Z,L-sK2vdmO1Y
"Can age 50 do this  job,I like the documentary",0,2024-11-18T20:03:36Z,L-sK2vdmO1Y
we all work in the uk and have to have break at times,0,2024-10-24T16:16:10Z,L-sK2vdmO1Y
how much did you get paid by the hour and could you do overtime or do 12 hours shifts per day or work on saturday and sunday??,0,2024-10-18T05:39:34Z,L-sK2vdmO1Y
Not you working at two different Amazon. You go girl. I lasted three weeks and I threw in the towel. Amazon can have that job.,1,2024-10-14T21:37:53Z,L-sK2vdmO1Y
It's amazing. I like that job,0,2024-09-25T22:37:30Z,L-sK2vdmO1Y
4years experience on Flipkart warehouse job from India,0,2024-09-17T00:55:47Z,L-sK2vdmO1Y
Please give me a job too I am from India,0,2024-09-01T17:35:27Z,L-sK2vdmO1Y
Are u allowed to work more hours if u want??,0,2024-08-15T15:46:03Z,L-sK2vdmO1Y
"I like this kind of jobs, I like to be on my feet and active rather than being seated on front of a screen. I also like to handle things with my hands… may I ask you what’s the pay.
This was a very nice video, thanks for sharing it.",0,2024-08-08T16:22:01Z,L-sK2vdmO1Y
"Thank you for showing this video... I have a idea now about work hard on Amazon warehouse. It's for me this job, I'm a yong man 😊",0,2024-07-22T04:38:03Z,L-sK2vdmO1Y
That warehouse looks huge! I can't imagine doing problem solve in there.,0,2024-06-03T11:04:22Z,L-sK2vdmO1Y
"I’m starting this soon, and got a good shift pay too. How much OT is available?",0,2024-05-23T13:59:58Z,L-sK2vdmO1Y
I never knew about the lights. Makes the job so much easier.,7,2024-05-06T04:23:36Z,L-sK2vdmO1Y
Jobs like this are so easy to teach people and even tho they say you don't need experience and they will train you they still don't hire you sometimes because of your of lack of experience 🙄it's so annoying. That's why it's so hard to find jobs now days,0,2024-04-21T17:10:52Z,L-sK2vdmO1Y
One of the hardest and boring work. Worked there for three months and could say that Fulfillment is much better than sortation!,2,2024-04-13T11:55:58Z,L-sK2vdmO1Y
GOD BLESS YOU. YOUR HARDWORKING 🙏🙏🙏,0,2024-01-02T12:57:18Z,L-sK2vdmO1Y
How to get this job sis plz tell me,0,2023-11-30T18:05:27Z,L-sK2vdmO1Y
How much do they pay u though,0,2023-11-22T02:06:41Z,L-sK2vdmO1Y
HI I am from India and i am 43years old  i have ECR possport and my edu is 9th pass can i apply for forklift full time jobs in warehouse and without any english test. what is procedure for applying and which visa can apply ?,0,2023-10-03T06:41:45Z,L-sK2vdmO1Y
Oh my gosh! What a work out! Who needs a gym. Great video. I was always wondering what it was like for people packing all the stuff we order. Thank you for all your hard work!,14,2023-09-02T07:12:05Z,L-sK2vdmO1Y
Which one is easy sortetion and operative in amazon?,0,2023-08-21T18:29:03Z,L-sK2vdmO1Y
"Stowing is by far the hardest for beginners!

This job is not for the psychically weak!

It’s psychically demanding, hands down!!!!",2,2023-08-11T00:52:15Z,L-sK2vdmO1Y
"Hi, which area is it love? and are you allowed to make such a video like this? did you love to work at Amazon warehouse?",0,2023-06-23T22:33:00Z,L-sK2vdmO1Y
Hard work! Good job! Thank you for showing everyone what’s going on with working at Amazon! Good content!,5,2023-04-15T04:00:06Z,L-sK2vdmO1Y
"Hi, how much do they pay per hour if you don’t mind me asking bcz i am going to be working soon",0,2023-03-04T16:26:42Z,L-sK2vdmO1Y
"Oh I see u did night shift it's not easy as that what I did , 600 per hour what 😳😳 , I noticed because I have to be standing for a long time my feet were hurting  and from work I had class not easy struggle is real but at least we get paid for what we do unlike how it is in Nigeria",0,2022-12-05T20:19:44Z,L-sK2vdmO1Y
"30 minutes break nah that ain't much ,  I'n the warehouse I'm working it's 2 40 minutes break",0,2022-12-05T20:14:37Z,L-sK2vdmO1Y
wow if you have back or knee problems forget about working in amazon warehouse be a driver if that...,0,2022-12-05T19:38:59Z,L-sK2vdmO1Y
"600 items per hour? Omg sis. That's 10 items per min. That's a lot of work. 
At a fulfillment center, we have to count 600 items per hour but the work is simpler than this.",1,2022-12-02T06:26:55Z,L-sK2vdmO1Y
"Hi, hope you notice me ☺️ I’m your new subscriber. Planning to work at Amazon and your video really helped me to have a glimpse of working there. What is your work schedule usually?",1,2022-11-27T19:12:33Z,L-sK2vdmO1Y
Well done. Do you get paid more for night shifts? Do you get paid weekly?,1,2022-11-22T17:37:41Z,L-sK2vdmO1Y
Do you get shift differential pay for working overnight?,0,2022-11-13T18:25:14Z,L-sK2vdmO1Y
That’s definitely a job for young people. You did a great job!,59,2022-10-20T23:43:55Z,L-sK2vdmO1Y
even me that I'm a man I ran far away from this job well done sister !!,0,2022-10-20T09:55:44Z,L-sK2vdmO1Y
"600 parcels an hour for 8 hours straight is ridiculous 😮. I’m due to start next week but the more videos I see regarding working with Amazon, the more I’m getting apprehensive 😬. Thank God this is only temporary for me before I start studying again",24,2022-10-20T04:04:49Z,L-sK2vdmO1Y
Please how much were dey paying and when do they pay.. weekly or biweekly?,0,2022-10-16T17:38:50Z,L-sK2vdmO1Y
THE HELL     this is working in this kind of places,0,2022-10-15T20:08:09Z,L-sK2vdmO1Y
Are you still working there?,0,2022-09-16T13:29:41Z,L-sK2vdmO1Y
how did you get the job,1,2022-08-28T13:58:36Z,L-sK2vdmO1Y
I applied in the US and got the job with no interview!! As long as I pass the drug test I start next month!! It's the sorting position,5,2022-08-25T13:14:02Z,L-sK2vdmO1Y
I like your work sis  is that sortation associate center??,0,2022-08-11T14:24:47Z,L-sK2vdmO1Y
You guys take breaks at the same time,0,2022-08-10T15:44:25Z,L-sK2vdmO1Y
What shift are your doing their? Also do you know depending on what shift you take what you will be doing ?,1,2022-07-27T07:36:06Z,L-sK2vdmO1Y
This is really a bad job....there is no hack to it.... spondylosis straight up,0,2022-07-09T01:42:51Z,L-sK2vdmO1Y
are you still working there ?😂,0,2022-06-26T00:59:53Z,L-sK2vdmO1Y
"Hi!
Can a person who is in Pakistan apply for amazon directly from Pakistan?",0,2022-06-17T09:39:28Z,L-sK2vdmO1Y
"I saw the Amazon vid, and this position I watch that you have to pick up boxes and wrap it.",1,2022-06-15T03:36:17Z,L-sK2vdmO1Y
Thanks for the video. I just applied for amazon sortation operative. Do u have an idea of how the virtual chat would be.,0,2022-06-10T14:27:19Z,L-sK2vdmO1Y
Maam can i apply to your work do you have link so we can apply thanks .and do you accept foreign workers ..🙏,2,2022-05-27T08:10:36Z,L-sK2vdmO1Y
Do or can they pay by cash if requested?,2,2022-05-27T05:22:34Z,L-sK2vdmO1Y
I m interested in this job can you hire me,0,2022-05-12T15:24:30Z,L-sK2vdmO1Y
"Quick question at the one I work at it’s the same stuff but we have to wear steal toe shoes, do they do the same at yours cuz it looks like ur wearing normal shoes but I ain’t tryna be wearing boots lol",0,2022-05-11T11:44:47Z,L-sK2vdmO1Y
"i was working there one night, its nightmare 400 parcels per hour, next day i cant stand up from bed my legs hurts me afk, fullfilmeny center is better than sortation operative",8,2022-04-24T19:58:05Z,L-sK2vdmO1Y
"you are amazing faith.
I am thinking of applying for this job, but I am a student in Germany. do I need the german language for the job?",1,2022-03-19T18:08:50Z,L-sK2vdmO1Y
3:25 what is the name of this job? Did you show us only the Sortation Associate job from the beginning of the video or did you show us different jobs like picking or any other job?,1,2022-03-16T19:28:03Z,L-sK2vdmO1Y
So hard job we don’t have chair to sit down in it !!! 10 hr you got the disc for your back,1,2022-03-06T04:28:04Z,L-sK2vdmO1Y
How did you train for all the different jobs at Amazon ❓I just started as a Stowing associate 3 weeks ago‼️,2,2022-03-04T23:33:21Z,L-sK2vdmO1Y
Do you guys have Stow carts ? Here at our Sortation center here in California USA 🇺🇸 it’s mandatory that we use them at all times when we do stow along with our Ring finger scanner to be the most efficient lol I do 10 hour shifts I switched from the 8 hour shifts cause ya know more money lol,3,2022-03-02T22:48:38Z,L-sK2vdmO1Y
15kg? you cant lift 33 pounds? requirements at most amazons are at least 50 lbs by yourself.,0,2022-02-18T21:11:59Z,L-sK2vdmO1Y
This is a delivery warehouse,1,2022-01-30T15:01:15Z,L-sK2vdmO1Y
With your production rate is there a different rate for women or men?  I know we want equality but me are just naturally stronger then women.,0,2022-01-24T05:31:39Z,L-sK2vdmO1Y
"Hello Faith, I bought a mic on Amazon and I requested for a cable but they sent me another mic instead. I went ahead to request for a refund, they did for my first purchase and not the second. Now I got a mail that I should send back the product, it’s so confusing as this is my second time making a purchase on Amazon. Please can you assist? Aramex delivered it but they have been so unreachable.",0,2022-01-15T14:33:47Z,L-sK2vdmO1Y
Got fired Amazon mdw2 no reason,0,2022-01-15T00:11:35Z,L-sK2vdmO1Y
How many hours a week did you work and how much did you get paid. Thank you ❤,4,2022-01-10T16:04:59Z,L-sK2vdmO1Y
I thought it's wrong to vlog at one's place of work,0,2022-01-07T17:29:24Z,L-sK2vdmO1Y
Wow ..Lotz  of work,0,2022-01-07T05:42:59Z,L-sK2vdmO1Y
"I recently got offered a job at Amazon as a sortation Associate, I’m a little nervous as I start on the 1st any advice you can give me for my first time plz",5,2021-12-31T00:02:52Z,L-sK2vdmO1Y
Where is this warehouse In England?,1,2021-12-24T18:12:42Z,L-sK2vdmO1Y
"Thank you, I have been looking for a video where the package goes into the bags that we see in the delivery trucks. I was searching for bagging but it's called stowing. I learned something. Thank you.",9,2021-12-16T13:22:36Z,L-sK2vdmO1Y
"wow a very informative and good video. i work as a sortation operative in leeds and have been doing that for 3 weeks now. main differance i see is footwear, you wear some good trainers and at out location Lba8 we are only allowed the amazon safety shoes which are horrible.
Good luck on your journey",4,2021-12-07T04:03:40Z,L-sK2vdmO1Y
"Hey thank you for the video! I'm thinking to apply for a Sortation Operative role at my local branch, but I have seen another role called Warehouse Operative. Are warehouse operative and sortation operative jobs the same or different?",11,2021-12-06T13:16:02Z,L-sK2vdmO1Y
Nice video! I just got hired and will start next week. My question is how do you know where to go each day of your shift? Thanks!,4,2021-12-04T00:45:36Z,L-sK2vdmO1Y
"When I look up this position, it will be called Amazon Package sorter right?",3,2021-11-21T05:47:48Z,L-sK2vdmO1Y
I’m interested to work at amazon but I’m worried about my height I’m only 4.11 feet I don’t know if they will deny me because of that ! Pleas let me know if you see short people there,0,2021-11-20T11:19:55Z,L-sK2vdmO1Y
Hi can you answer my question. Do I have to park in the Amazon parking lot? I’m working at night and I’m scared the parking lot will be crowded. So can I park on the street?,1,2021-11-19T07:39:03Z,L-sK2vdmO1Y
"Hi. You are strong and very good at stowing the packages. 
I wanted to know if they give you an option to stow or pick the packages.",3,2021-11-16T05:44:07Z,L-sK2vdmO1Y
Hi. Just wanted to ask if overtime is mandatory? Do you only have to work the normal shifts or do they make you do overtime?,4,2021-11-15T17:28:09Z,L-sK2vdmO1Y
I have that job too  in glasgow and I find it difficult to get to by public transport....ill be on nights.,0,2021-11-14T00:07:20Z,L-sK2vdmO1Y
"Am having interviews at 11am UK time. Am starting a 10hr shift 😱 Am so scare.  People are making me scare. 

Am confused between Sortation operative/Warehouse Operative!",3,2021-11-12T10:00:12Z,L-sK2vdmO1Y
"600 packages stowed per hour is impossible at my warehouse, we do 300 per hour thats because we have plenty of heavy packages like water in bulk, dog food and cat litter boxes that weigh 40-50 pounds..",19,2021-11-11T23:36:20Z,L-sK2vdmO1Y
Do you have to wear safety boots?,2,2021-11-10T01:33:13Z,L-sK2vdmO1Y
"hi Faith,  May I ask which Warehouse you working?",1,2021-11-05T23:54:24Z,L-sK2vdmO1Y
"Thanks for a peak at what to expect 2 days from now. 
Keep up the work on building your channel here. Good luck with that... ABRAZOS!",7,2021-11-03T10:51:55Z,L-sK2vdmO1Y
Can you help me get a job there,1,2021-10-31T05:22:25Z,L-sK2vdmO1Y
Hey I am live in london and 3 months ago I am here in UK I don't have work experience in UK can I get any job here I can speak and understand basic english and I have a workpermit visa,1,2021-10-31T02:56:15Z,L-sK2vdmO1Y
Could you please let me know the difference between sortation operative and warehouse operative? Please,2,2021-10-30T16:26:08Z,L-sK2vdmO1Y
Can't you get fired for filming inside the warehouse?,10,2021-10-29T17:54:13Z,L-sK2vdmO1Y
How much does it pay per hr? Is the job hunt process easy? Can you have 5 hr shifts?,2,2021-10-27T15:58:17Z,L-sK2vdmO1Y
I like to work in Amazon,1,2021-10-25T19:10:33Z,L-sK2vdmO1Y
"Hey , so good to see you working so hard 
I wanna know if they allow people for have 20hr work permit to work or no",1,2021-10-24T17:17:44Z,L-sK2vdmO1Y
Does the day go by fast? And how much they pay in uk? I’m about to do this in California and it’s $19/hr here,1,2021-10-20T22:41:31Z,L-sK2vdmO1Y
"Hii Faith, do you work full time? If no, how many hours to work part time",2,2021-10-20T00:59:25Z,L-sK2vdmO1Y
"Thanks for your video! I am trying to get hired to Amazon Sortation in the USA. I am a lot older than most of the workers, so just a bit nervous! Wish me luck! 🥰👵🏼",13,2021-10-19T23:36:21Z,L-sK2vdmO1Y
Thought they were 10 hour shifts . 4 on 4 off ?? Our local Amazon is hiring for this shift pattern !,5,2021-10-13T17:39:26Z,L-sK2vdmO1Y
How many breaks you have on a 8 h shift? Is the break paid? Thanks❤️🙏,2,2021-10-11T11:01:26Z,L-sK2vdmO1Y
Thanks for showing the work you do at amazon this will give others a inside view of the hard work put in to get the package to customers so fast.,59,2021-10-11T08:29:07Z,L-sK2vdmO1Y
Never ever stow with packages on the floor. That’s a safety issue.,5,2021-10-11T00:35:31Z,L-sK2vdmO1Y
Yass Sis! You are a good and hard worker! You deserve a medal!!,21,2021-10-09T17:09:12Z,L-sK2vdmO1Y
"I work a sortation center as well and omg this girl is the type of stower that I hate! 🤦‍♂️ 7:00 No organization in the bags whatsoever, boxes aren’t even fully inside the bag! I don’t understand how some people are like this.",4,2021-10-07T08:55:43Z,L-sK2vdmO1Y
I am starting in this position on 10/11/21 so this is a good video showing me how the job is going to be.,18,2021-09-30T04:36:55Z,L-sK2vdmO1Y
Great to see a UK Amazon day in a life. Which warehouse you working in and what is the management like? Seems like hard work and not stresful once you get use to the physical work. love to see more UK Amazon vids and the different roles,22,2021-09-29T19:01:32Z,L-sK2vdmO1Y
You are hard working baby.csny wait to see you when I get to uk,1,2021-09-21T12:20:00Z,L-sK2vdmO1Y
"This is energy draining,and 30 minutes break is just too small.
do you have white people do this type of work overthere  I'm just curious to know",2,2021-09-16T17:48:41Z,L-sK2vdmO1Y
Great video Faith! I start next week doing nights as a Sortation Associate in the South West of England. This was a good insight into what I may be doing! How long have you been working there?,18,2021-09-15T16:48:51Z,L-sK2vdmO1Y
Job welldone sis better doing something then nothing dear,2,2021-09-15T09:09:13Z,L-sK2vdmO1Y
I always wondered what this job entailed! Thank you so much for sharing ❤,20,2021-09-13T11:57:26Z,L-sK2vdmO1Y
"This is great but how did you take pictures, do they allow it? It doesn't bother me because I don't like Amazon's policies or Jeff Bezoes anyway but I'm glad you have a job there and showed us the vid how it is.",4,2021-09-10T16:25:50Z,L-sK2vdmO1Y
Well done Sis. This clearly show that people in UK are not plucking money on trees. People work really Hard. There’s lot of competition for the “office job”. Staying idle doesn’t pay the bills. You are the real MVP!,173,2021-09-06T18:45:40Z,L-sK2vdmO1Y
"Agba omaye, you're such a hard worker. I hope to be in the UK soon with my family, still trying to find out the best way. Much love sis",5,2021-09-05T16:47:42Z,L-sK2vdmO1Y
Good job hun,1,2021-08-31T18:26:04Z,L-sK2vdmO1Y
"Ride on girl, working out your hard earn cool cash",3,2021-08-31T11:17:33Z,L-sK2vdmO1Y
"This is hardwork for lady.
God will be with you sister",18,2021-08-31T09:36:35Z,L-sK2vdmO1Y
"Love ur voice,lol gud job dear",2,2021-08-31T08:07:19Z,L-sK2vdmO1Y
You are hardworking...i trust our 9ja peeps sha...oyibo woman no fit do this...na fainting things,2,2021-08-31T07:24:33Z,L-sK2vdmO1Y
"This is hardwork, well done babe!!!!! You’re so strong😍",20,2021-08-31T06:23:35Z,L-sK2vdmO1Y
