text,rating,job_title,platform,source
Amazon is a great company to work for.,4.1,Stower,careerbliss,amazon
The amount of experience gained while working at Amazon sets you apart due to the volume of work and interactions.,4.9,Anonymous Employee,careerbliss,amazon
I worked for Amazon as an Operations Manager and it gave me the ability to prove my skills and learn the dynamics of being peculiar at Amazon which is an inner talent of the company. If you are seeking a career with Amazon do your research as there are endless opportunities in many different areas of their operations.,3.9,Anonymous Employee,careerbliss,amazon
Easy work with a good company but needs lots of improvement in training the supervisors/management team. The vehicles and equipment are falling apart all around the workplace. The amount of work being asked of the employees far exceeds the compensation received. Would be a great place to work if they just listened and took advice from their current employees.,3.4,Delivery Specialist,careerbliss,amazon
"I've worked in the Amazon-Whole Food Team for 3 years. It is a wonderful company where I have learned to work as a team to achieve high-level goals, with an excellent staff.",5,Associate,careerbliss,amazon
"The company is amazing and has a good exposure to the vast culture and different aspects or fields to explore. I like how the company is fast growing and is in almost all the fields of business. Amazon Business is a marketplace for businesses of all sizes. It looks and works very much like regular Amazon -- only it offers access to ""hundreds of millions"" of business products from ""hundreds of thousands"" of business sellers, according to Amazon.",5,Anonymous Employee,careerbliss,amazon
"I've worked there since 2019. Coworkers are great, management is poor. salary is less than desirable, work conditions are less than stellar, some supervisors are great and some sit around and play on their phones. Overall it's a job, not a career.",2.1,Anonymous Employee,careerbliss,amazon
They don't let you choose the schedule for your work,3.6,Anonymous Employee,careerbliss,amazon
Great team to work for very energetic focusing on people first operation second,4.1,Ambassador,careerbliss,amazon
"Amazon has given me the scope and scale I have been looking for after transition from the military. I had the opportunity to build new things, fail fast, and learn from amazing leaders. I want to continue to grow my career and have loved my time with Amazon. I’d recommend anyone to work there!",4,Anonymous Employee,careerbliss,amazon
"amazon, is a good company but it's biggest opportunity would be working on giving its employees a better work life balance",3.4,Anonymous Employee,careerbliss,amazon
"Working as a product photographer at Amazon Canada was a great opportunity for me. It is probably the least relevant of my work experiences when it comes to Data Analyst and other roles, however it was a position that was offered to me via a recruiter who reached out. I was keen to work for a company like Amazon and was curious to how their organization is structured, so I took the opportunity. My coworkers were very friendly and everyone got along well, my manager was also very good at his job and easy to get along with as well. I learned quite a bit about the organization and was happy to contribute to the company.",4.1,Photographer,careerbliss,amazon
"Amazon is an extremely tough place to work. Their corporate staff seldom get raises over and above their predetermined bump up for their first four years, even if they are a star performer. Be prepared to work very long hours. The environment is extremely competitive and cut throat! The promotions are few and far between and they prefer to hire from outside the company. This makes for a very difficult environment. They believe in sink or swim mentality. Be prepared for 65-90 hour work weeks every week!",2.8,Anonymous Employee,careerbliss,amazon
"Due this pandemic situation I was laid off from my previous job on April 2019, thus I have started to work for Amazon Colombia as a Virtual Customer Service Representative since September 2019. Even if this work is not on my field (Civil Engineering) I have learned a lot of leadership skills and how to manage people. It has been a good time working on it, however I would like to keep growing in terms of my profession as an Engineer and looking for new experiences.",3.8,Anonymous Employee,careerbliss,amazon
"Worked there for several years. Was excited to start at Amazon. Once I got in I started to see things that were concerning. First thing I noticed is every Friday I would get several emails from people saying it was there last day and leaving Amazon. I was told the attrition rate was normal. I said NO not this rate is not normal. Then you start to see how most people are given more and more tasks and no raises. 
Then if you don't fit in or someone does not like you, you get a big target on you. Maybe even get put on Amazons famous ""Pivot Plan""
That is so awesome. This is a plan that usually has made up lies. 
Amazon rotates through employees at a crazy rate. Don't go to Amazon thinking of a career. 
If you are smart you will go to a company that cares and wants to retain good employees.",2,Anonymous Employee,careerbliss,amazon
"I worked for Amazon for a little over a year and in that time, I went from being a Tier 1 to getting 2 promotions and becoming an Assistant Manager, I believe there is a lot of room for growth but same as everywhere, you need to want to grow and you need to work for it. It can be pretty physically demanding so please keep that in mind when applying.",4.1,Assistant Manager,careerbliss,amazon
A great place to work and grow,5,QA Analyst,careerbliss,amazon
"Amazon employs a lot of people, their retention rate is very low.  The work is very hard and they have a 50% injury rate.",1.4,Anonymous Employee,careerbliss,amazon
I did enjoy working for the company however I am looking for growth opportunities,3.9,Anonymous Employee,careerbliss,amazon
Good company to work for and good pay.,4,Associate,careerbliss,amazon
Its great to work there but it depends on the person because it involves night shift,3,Anonymous Employee,careerbliss,amazon
Excellent customer  well employee focused organization.,3.3,Anonymous Employee,careerbliss,amazon
You need to work here at least once!,4.1,SDE,careerbliss,amazon
Amazon Pay is an incredible organization with a great team that is equipped to help anyone who comes aboard succeed!,5,Anonymous Employee,careerbliss,amazon
"The globally known e-commerce company is an excellent, well organized, rewarding employer.",4.9,Account Advocate,careerbliss,amazon
I have worked for Amazon for 4 years and I enjoy the company. It has a lot of room for growth and development and I love the pay. I believe there is a great opportunity to develop your skills as they provide a great deal of service to make their employees better professionals.,4,Problem Management Specialist,careerbliss,amazon
I worked at Amazon for a month and the pay was good it just was very antisocial,2.5,Packer,careerbliss,amazon
More room for improvement. Hires the best and when hired you need to work very hard to raise the bar. No clear path laid out for promotion and how to develop. Employees are sometimes over worked.,3.3,Anonymous Employee,careerbliss,amazon
A Very Good place to work it is more fun inside in the environment. Lots of stuff and prices they will give you during peak season. Also lots of sign up schedule to work if you want to earn more extra income. It is also a fast paced and comfortable place to work. It's a pretty easy working process while working with great associates. Amazon also cares more about our safety then anything.,5,Anonymous Employee,careerbliss,amazon
Friendly environment with a lot of flexibility on the task you had to do and they also provided good benefits,4.5,Anonymous Employee,careerbliss,amazon
"I have worked at Amazon since 2017. I started from the bottom packing boxes and worked my way up in the world of finance. I believe if you are determined you can go anywhere in this company, but the ask of you will be enormous.",4,Anonymous Employee,careerbliss,amazon
I have worked for Amazon Fulfillment and AMZL for 5 years starting in 2016. The work environment is very fast-paced and provides plenty of opportunity for advancement for those leaders that are up for the challenge. Overall a very positive work experience that provided great opportunities for leadership development and growth.,3.9,Operations Manager,careerbliss,amazon
Expectations are high so expect to work every minute. Breaks and lunches are good if you can find a table to eat at in the break room. Extremely physical and nonstop work. I was always dehydrated.  Managers want numbers and are not interested in safety.,2.4,Anonymous Employee,careerbliss,amazon
"Working at Amazon was a great experience for me. I'm grateful for the opportunity they've given me for all the years I've been there. I've learned and grown a lot there, the environment was also great. Good people with highly goal driven mentality. It was awesome being employed by such a great company but I chose to leave amazon to go back to school and become a Network Engineer",5,Software Technician,careerbliss,amazon
"I've worked at the Amazon headquarters in Seattle, WA for 5 years. I've had the opportunity to work for really smart people, a lot of opportunity for career growth, and I'm always encouraged to be innovative, think big, and create something new. The culture is quick and hard charging. You are always working in relevant and meaningful projects. There are really well run teams and very badly run teams. The experience for most employees is all over the board, from really run low operational load teams to teams where people burn out after a year. Amazon is built, quite deliberately, to be Darwinian. The strong survive and the weak perish (metaphorically speaking) and the 'bar' is constantly increasing. The level of performance that would have been acceptable five years ago will get you canned today. It's a kind of crucible that'll help you develop a harder edge, if you can survive, that can serve you well in your career and in life, but it's often not a pleasant experience. Work/life balance is extremely difficult to find. I wouldn't recommend it as a place to work for just anyone. Competitive salary and benefits with other major tech companies.",4.1,Anonymous Employee,careerbliss,amazon
Great customer-centric company,4.6,Cognizant Engineer,careerbliss,amazon
"I've worked in the Amazon fulfillment center since 2017. The better you perform, the more chances you have in growing as an associate. The limitation on restroom usage is a bit of an issue, but other than that it is a good experience. You are able to apply as a manager even without a degree after working for over 2 years (which they count as equivalent to an undergrad degree) and apply internally.",4.5,Anonymous Employee,careerbliss,amazon
"I've worked for Amazon Digital Goods. The team is innovative and engaging. There were a lot of transitions going on and I decided I would like to develop my programming skills in a different direction. I respect this company and the work I have done, I just needed to take a different path.",4.4,Anonymous Employee,careerbliss,amazon
I’ve worked as a delivery partner for the past 3 years.  Being able to serve customers and put a smile on someone’s face is very rewarding.  The ability to make my own schedule is a plus as well.  I enjoy the job because you earn tips for hard work.,4.8,Delivery Partner,careerbliss,amazon
"Pros: Fun, challenging work environment with a large variety of equipment.

Cons: Way too much bloat in management. Managers, for the most part, do not understand their roles and do not possess the skills to help employees succeed.",3.8,Anonymous Employee,careerbliss,amazon
"They will challenge you, but not push you too hard to meet deadlines.  Some overtime may be needed to meet deadlines at times.  Agile work environment, and good people.",4.5,Anonymous Employee,careerbliss,amazon
"Amazon has been a great company to work for! They've taught me even more about time management, predictions, labor management, and preparing for the unknown. It is a very demanding job, but the satisfaction of knowing that every day will not be the same has been rewarding. I'm always in for a challenge.",4.6,Process Assistant,careerbliss,amazon
"I worked in prime video team at Amazon. My manager was great and supportive along with my mentor. Also, I got help from my very talented teammates.",4.6,Software Development Engineer in Test Intern,careerbliss,amazon
Its a very large company!,3.4,Anonymous Employee,careerbliss,amazon
"Amazon will hire and train employees to work in their warehouse with great health benefits on your initial start date.  If you work hard and search for additional training opportunities, you can submit for higher-level roles at various locations nationally.  Transferring to other locations can be accomplished by using their internal online system to help with relocation or just job advancement.  Amazon will also help pay tuition for people interested in obtaining careers outside of the company.",4.8,Warehouse Worker,careerbliss,amazon
"My experience with retail management for over 30 years can work in the relation of all experiences, customer satisfaction, inventory control, payroll, recruiting, hiring, deposits in cash handling, merchandising according to the year, season, and holiday.",4.5,Stower,careerbliss,amazon
"I have only been at Amazon for a few months but, I find it to be a pretty smooth running company that is growing very fast. They offer benefits as soon you are deemed to be a full-time employee.",4.5,Fulfillment Center Associate,careerbliss,amazon
"Since 2020 I am an Amazonian Area Operations Manager. My current employer provides all the necessary tools to help the teams suceed. In addition, the culture and compensation are great.",5,Area Operations Manager,careerbliss,amazon
"I’ve worked for Amazon for 3 years and 4 months.
The work environment here is fast paced and hardworking getting the job done on time.
The managers here are good having communication skills that are clear and consistent.
The benefits are great for part-time and full-time employees. 
It’s also a good job for people who are also in school along with the programs they can sign up for according to their school/career of choice.",4.1,Anonymous Employee,careerbliss,amazon
N/A nothing to add to a review,4.8,Technician,careerbliss,amazon
I worked for Amazon and really enjoyed the opportunity to work with people.  The main issue I had with Amazon was the lack of communication between management.,4.4,Driver,careerbliss,amazon
"The work environment was friendly, safely, well equipped and motivational",4.8,Anonymous Employee,careerbliss,amazon
"I've worked for Amazon since 2019.  If you are willing to work and put in effort they will put you in the path to succeed.  Benefits excellent, management on par with industry standards.",5,Gatekeeper,careerbliss,amazon
Its a nice company to work with.,4.5,Anonymous Employee,careerbliss,amazon
"I’ve worked for Amazon since March of 2020 and have enjoyed my time. I work on the Prime Air side and it is a lot of fun working with planes and knowing I make a difference every day. It is a great company to work for in terms of guaranteed hours and pay. The benefits are good and start on day one which is a huge plus. There is growth potential, but don’t expect to move up quickly. Very results driven environment.",3.5,Process Assistant,careerbliss,amazon
"I worked at Excellence Mortgage as a Mortgage Loan Office for 7 years. It was a company with about  60 loan officers. I learned to originate, process my loans and repair credit to get loan approval.",4.8,Researcher,careerbliss,amazon
Amazon was a great company with lots of opportunities to grow and move up but it wasn’t for me because I need customer service experience.,4.4,Associate,careerbliss,amazon
I've worked for Amazon for six months and enjoy doing my job well and efficiently. I have developed long-lasting relationships with co-workers and supervisors. I was recently promoted to Assistant Manager and I will continue to strive to reach the highest position available. Amazon hires over 200+ in the span of every two months.,4.8,Fulfillment Specialist,careerbliss,amazon
I worked for Amazon for six years and enjoyed learning key strategies that enabled me to be successful in learning and growing a business oriented frame of mind that helped me to excel at my position within the company.,5,Operations Manager,careerbliss,amazon
"I have been employed by Amazon since July of 2019. In this time I was promoted to Lead Driver, which gave me new responsibilities such as assignment of routes, audit damages, issuance of disciplinary procedures, and documentation of the van each employee drives each shift. In all, I have not quite been satisfied here at Amazon due a lack of fulfillment with the job and periodic lack of organization by management, with addition of the recent abolition of the “Lead Driver” position",2.6,Anonymous Employee,careerbliss,amazon
I’ve worked for Amazon since 2017. I developed many skills and was able to meet great people.,3.5,Anonymous Employee,careerbliss,amazon
I’ve worked for Amazon as a delivery driver for 2 years now. The smiles on the customers face when they receive their package numbs the working conditions.,4.3,Anonymous Employee,careerbliss,amazon
A good company to work for,3.3,Warehouse Associate,careerbliss,amazon
My current employer is awesome,5,Logistics Manager,careerbliss,amazon
"Currently, I work as a bioinformatics research associate where I analyse spatial interaction between tumor and immune cells. My research goal is to find predictive markers to better existing immunotherapy treatments.

Last semester I made a project that enabled ordinary people understand clinical notes. I identified hard to understand text using reading reading scores, expanded them using wikipedia definition and then finally condensed text using SOTA summarizer. Such a tool would be extremely helpful in developing world where doctors do not have enough time to explain every detail to patients.

Last semester I made a project on drug discovery and detecting sequential patterns across dosage levels & control time using convolution network. Please find more information here.

Previouly, I worked as a Data Science Intern at Amazon where I evaluated their customer service chatbot, MessageUs. My work uncovered faults in the architecture that prevented customer from reaching desired help page.",5,Summer Intern,careerbliss,amazon
It is a great place to work at . I have acquired many skills working with them . They have a good career choice program and great benefits.,4,Anonymous Employee,careerbliss,amazon
"In Amazon, you have to be a very proactive and driven individual to be successful. You need to ensure you are at the top of the game, fulfilling your expectation daily, and keep asking for feedbacks to be improved. Don't expect that the manager will do this for you.",3.3,Software Engineer,careerbliss,amazon
"I loved where I worked except sometimes my sleep cycle would get messed up, work-life harmony, and no work-life balance. Besides that, I got better at what I do I became more of a team player and receptive to helping others to get things done.",3.1,Intern,careerbliss,amazon
I have work for Amazon for almost two years. The workload becomes more difficult day by day. I do my best but it is very physically demanding.,3.5,Anonymous Employee,careerbliss,amazon
"I've worked at Amazon for almost a year and was transferred over to multiple warehouses. Over the year all I have experienced was bad and dishonest management and along with people playing the blame game. I would not go back here, I would not recommend this to anyone.",2.4,Anonymous Employee,careerbliss,amazon
"I have worked at Amazon since 12, 2020. It's a famous e-business company with more than 1000 employees.",5,Warehouse Associate,careerbliss,amazon
I started working for amazon when Covid-19 hit. It’s a great company to work for but I am looking for a job with more opportunities. Amazon has great shifts and pays out well but I don’t have enough time to spend with my family. I am willing to find something new that works with my time schedule.,5,Warehouse Associate,careerbliss,amazon
"The company is good at building a form of camaraderie. Everyone is equally caught up in the challenge of unloading orders and subsequently organizing them in a time-crunched manner. The job is good exercise. I am easily able to achieve 10,000-plus steps per day, which confers health benefits--https://www.health.harvard.edu/blog/10000-steps-a-day-or-fewer-2019071117305. 

The supervisors could be a little more engaging in the motivational regard. They generally are too caught up in productivity to pay too much attention to morale, but some do it better than others. One gripe I have is the limitation on hours worked. They max you out at 30 hours per week, and in order to make up the difference for my level of expenses, I have to do gig work, such as DoorDash deliveries. 

Overall, it is a great side job, and can be a great main occupation if willing to stick around to climb the corporate ladder. However, it isn't sustainable to only have this entry-level position as your single source of income.",3.1,Warehouse Associate,careerbliss,amazon
"I worked for Amazon for almost a year. My job was very simple, all I had to do was deliver packages to the correct addresses. My co workers were very friendly and i mostly worked alone. Back at the station, however, was a different story. They were very unorganized and very unprofessional. I am immensely excited to be moving forward away from the company!",3.1,Delivery Driver,careerbliss,amazon
"For the duration I was employed with Amazon, it was a ongoing, learning experience. With the position I held, there was constant opportunities to ensure your permanent position, as well as possible promotion offers. Although the position involved constant activity, it gave you a sense of pride knowing that you and your work, are responsible for the Amazon customers  receiving their purchases in a timely manner. The best reward to me was the supervisors recognizing and appreciating the hard work you display for the customers, as well as the company you're employed with.",4.5,Picker,careerbliss,amazon
"I worked for Amazon as a contract recruiter for 9+ months during the COVID-19 Pandemic. Mostly worked from home after about 2 months working there, there was no work-life balance as I converted from an On-site recruiter coordinator to a Phone Screen RC and I worked 40+ hours a week (and received contract pay) plus another side job. Wished I could have been converted full time as I gave it 100% and put in extra hours to make sure I had a positive candidate experience. As a contractor, they do not provide individual employee feedback or advice so that was challenging for my career growth.",4.5,Recruiting Coordinator,careerbliss,amazon
Having to stand and walk 10 miles a day on a 60 hour week is not reasonable. Solutions do exist to mitigate this while keeping an effective work flow. Managers could have been more effective helping workers and improving product flow..,3.3,Anonymous Employee,careerbliss,amazon
The fast-paced Company and fun to work.,3.4,Maintenance Technician,careerbliss,amazon
"Don't listen to the adverts saying how good this company is they have just picked a handful of staff who say its OK. Most people say is a horrible company to work for, your treated like a slave or a prisoner, your timed for your breaks your timed every time you go toilet and if you just go to the toilet they say were you going, your a prisoner in this place once you start working for them. They have no respect for you and all they care about is targets... don't reach your target your out and its good bye... horrible company would never work there again...",1,Anonymous Employee,careerbliss,amazon
Great place to work with lots of employee benefits and opportunity to advance.,4.5,Process Assistant,careerbliss,amazon
"Amazon is a shark tank. If you have a great deal of confidence in yourself AND are willing to make you work the #1 thing in your life, this is a fantastic place to be if you can get in. If you are not able to check both of those boxes, the experience will likely be miserable and/or short-lived.",3.6,Anonymous Employee,careerbliss,amazon
Great company to work for if you want to learn and develop your skills.,4.3,Compliance Specialist,careerbliss,amazon
"Working at an Amazon warehouse is a good experience if you want to improve your communication skills, sorting and packaging skills. You work alone with a team to support you if needed, there are a lot of growth opportunities. Amazon loves to promote within, and provide resources and free classes to improve many things, such as resume writing, leadership skills, and they provide sponsorships to specific schools and trade programs after working for a consistent year.",4.1,Anonymous Employee,careerbliss,amazon
Great place to work. really good people.,5,Anonymous Employee,careerbliss,amazon
I've worked at Amazon for 3 years as a warehouse associate before my current role as a data analyst. The work was difficult as an associate but is manageable as long as you don't have bad managers and depending on the department you're in bad co-workers who can also set you up for failure.  I just got into my current role as a data analyst which is ok because I have a good boss but he's hard to read on expectations.,3.1,Anonymous Employee,careerbliss,amazon
I've worked at Amazon for almost a year. I love the environment. It is friendly and safe,5,Associate,careerbliss,amazon
I have been with Amazon for the past 4 years and I have no complaints. It is the best place to work.,4.8,Anonymous Employee,careerbliss,amazon
"Amazon is an interesting place to work. You have on hand and continues improving technology and quality system to learn from and grow into the work life. 
Warehouse safety is strictly enforced. There are rooms for self improvement - on the job, on-site formal training and out-of site formal training. Compensation -tangible and non-tangible to me are +++",4.9,Anonymous Employee,careerbliss,amazon
"It is a good company, but I may not be good to everyone. I am an independent contractor. I don't have anyone over my shoulder. They only problem I have with amazon because they always try to make everything about them.",4.5,Anonymous Employee,careerbliss,amazon
I’ve worked as an SDE intern. The work was focused on machine learning & big data fields.,4.6,Software Developer,careerbliss,amazon
Great job! No complaints. I just love starting pay good and I look forward to working part time,4,Warehouse Technician,careerbliss,amazon
I worked for amazon for about a year now. It’s an alright place to work at for the moment but there's no future for me there,4.4,Warehouse Associate,careerbliss,amazon
Great company to work for.,4,Delivery Operations Manager,careerbliss,amazon
"Its a company you love to work with. Great work, great learning. You have great mentors to guide you. Best part is their open door policy. 

My career was great here. I would recommend this company to everyone.",4.6,Operations Manager,careerbliss,amazon
"I interned at Amazon for 8 weeks during summer 2020 as part of their operations intern program. During my brief time at the company, I learned a great deal and truly believe it has been a great eye-opening experience. To be working for one of the world's leading companies was fascinating to experience especially in my role as Robotics Area Manager, I got the opportunity to work with the high-tech and sophisticated Amazon Robotics system.",4.6,Area Manager,careerbliss,amazon
I've worked at Amazon distribution center for half a year and it was alright.,4.1,Anonymous Employee,careerbliss,amazon
I worked at MDW 7 for seven years.,5,Anonymous Employee,careerbliss,amazon
"I have worked for Amazon since July of 2020.  The training could have been worse, but it was made better by a good facility - clean, organized, and the health standards are maintained strictly.",4,Associate,careerbliss,amazon
"I've worked with Amazon indirectly. I didn't work for the firm directly but working with my supervisor, I loved every bit of it. Though the pay was little because it wasn't only me that was writing at the time, but it felt great. I learnt alot. I improved and I want to do better.",3.8,Content Writer,careerbliss,amazon
"Amazon is a very busy and large company.  It does seem to lose the employee in the large amount of workers and large warehouse.  I enjoyed my job, but I did not feel appreciated for my hard work.  I always do more than is required of me.  It is part of my work ethic.  They do not see it.  I also made a few suggestions about places that i felt we could do to help the worker do his job faster and cleaner. They would say they were great suggestions, but did not use them.  They are so busy it is hard to make changes even for the better.",3.9,Anonymous Employee,careerbliss,amazon
great people and wonderful environment to grow your skills,4.9,Transportation Specialist,careerbliss,amazon
its a high speed package sorting and distribution center. Requires a lot of patience to work in a hot warehouse and physically demanding.,2.6,Anonymous Employee,careerbliss,amazon
"I worked for Amazon from 2018 to 2019. I left to focus on school. Since I left on good terms, I'm going back for part time for financial reasons. Great company!",5,Ambassador,careerbliss,amazon
Working for Amazon is fast paced and intense. It's a great active working environment that gives you many opportunities if you're willing to put in the hard work and execute.,4.8,Area Manager,careerbliss,amazon
I worked for Amazon for 4.5 moths as a delivery driver. This company has very competitive rates but without advancement to move up in the company. I appreciated this job because it wasn't a task that had a deadline.,3.1,Delivery Driver,careerbliss,amazon
I found it amazing place to begin with especially when you are recent grad.,4,Intern,careerbliss,amazon
I have worked for Amazon as SDE summer intern. It is a nice experience.,4,Anonymous Employee,careerbliss,amazon
I hurt my back and wrist.,2,Anonymous Employee,careerbliss,amazon
"Amazon is always expanding, however it is a company that continues to stay true to it's core value - customer obsession. The company is filled with strong leaders and some of the smartest people I've ever met.",4.1,Anonymous Employee,careerbliss,amazon
Why are you asking me to reviewt a previous employer when I'm applying for a new job??,2.6,Facilities Technician,careerbliss,amazon
It was a short term contract with limited opportunity. I feel any contractual position should be of at least 6 months.,4,Anonymous Employee,careerbliss,amazon
I have had the best working experience here.,5,Network Engineer,careerbliss,amazon
Amazon could be a very good and fun place to work. It lacks actual sympathy for the employees.,4.1,Systems Developer,careerbliss,amazon
"I worked at Amazon since September 2017. Amazon is a great company with strong focus on its customers, and building products and services to remove customer obstacles. It has a strong organizational culture with excellent mechanisms to implement and execute on its strategies. The colleagues there are smart and collaborative.",4.8,Head of Product,careerbliss,amazon
I’ve been working for Amazon for 3 months. I enjoyed my time there the managers where very helpful and caring as far as individual goals. Two in particular really went of there way once they found out I was in school and about to graduate in the OSHA program to help land a safety job with amazon. I’m very grateful.,3,Anonymous Employee,careerbliss,amazon
I've worked for Amazon for two years as a software engineer and I have learned a lot technically and professionally during this time.,4.9,Software Engineer,careerbliss,amazon
"Very good work place for someone who loves working, someone who wants work life balance, not so much!",4.8,Facility Manager,careerbliss,amazon
"I've worked for Amazon for about 6 months as an overnight Sort Associate.  Fairly easy job, lots of standing and plenty of work.  Hardest part of the job is the hours because you'd rather be sleeping than working hard.",4.3,Associate,careerbliss,amazon
I work for Amazon it is a great place to work with great advancement opportunities. My relationship with my supervisor is very strong.The compensation is very competitive and above average. My co-workers know they can come to me with any concerns they may have.,4.9,Anonymous Employee,careerbliss,amazon
I like the company very much.,4,Software Development Engineer,careerbliss,amazon
I recently worked for amazon for a brief period of time. The demand and work schedule could have been better but I gained a lot of experience I can use in the job industry moving forward.,3.6,Packager,careerbliss,amazon
"Amazon is a world-class e-commerce leader, driving innovation and customer experience to new levels.  Constant innovation and desire to exceed expectations make working for Amazon to be a daily challenge and personally rewarding.",3.8,Anonymous Employee,careerbliss,amazon
I have nothing to add about Amazon that hasn't already been said about the company and its work practices.,2.1,Anonymous Employee,careerbliss,amazon
"Good Company, beautiful architecture and a good compensation structure. Never had a bad experience with the salary payment on time, never had a bad experience with the server or the punch card.

 ""You must try it out to experience yourself""",4.4,Sourcing Recruiter,careerbliss,amazon
"Nice, fast paced place to work.  Great benefits.",3.9,Fulfillment Associate,careerbliss,amazon
Excellent company to work with. At the forefront of innovation and out of the box thinking.,4.9,Anonymous Employee,careerbliss,amazon
"I've worked for amazon for almost 2 years now, and the atmosphere is great. great time off benefits, and easy for growth in the company.",4.5,Anonymous Employee,careerbliss,amazon
"Working at Amazon has taught me quite a lot! Being able to have hands-on experience and see how operations work behind the scene is an amazing scene. If walking and heavy lifting in a semi-face paced environment is not your kind of job, then I wouldn't recommend working at your favorite online retailer.",3.1,Warehouse Assistant,careerbliss,amazon
"Very fun, nice people and learn about products every day.",5,Warehouse and Shipping Worker,careerbliss,amazon
I worked at Amazon as a contract recruiter. The culture is amazing with co-workers that feel like family. The work I did was both a challenge and extremely rewarding. I would recommend anyone work there.,5,Recruiter,careerbliss,amazon
"I've worked in Amazon since 2018 as an SDE. As a fast-paced company, Amazon brings lots of challenges to SDEs, but these challenges help engineers grow. Also, there are many brilliant colleagues and abundant resources you can learn from. I will recommend Amazon as the head starts in your career.",4.3,Anonymous Employee,careerbliss,amazon
"I started Amazon as a delivery associate when the company first opened the delivery site in Gary, IN. The training that Amazon provides is outstanding and far more detailed than many other companies.",4.8,Anonymous Employee,careerbliss,amazon
great place to work. I did work from home and that gave me flexibility to do my work at my own time but also kept me in check because I had to keep my pace up.,5,Anonymous Employee,careerbliss,amazon
"I worked for Amazon for 2 years.  I was promoted twice to Area Manager within exactly 1 calendar year so I must have been doing something right.  The overall environment of the Fulfillment Centers is very challenging in positive and negative ways.  If you value pushing yourself to areas you did not know were possible then you can come out with a positive experience that can be used for any walk of life.  However, if I think about the overall experience, I would confidently say that the culture is extremely toxic.  There is no better way to say it than just say it.  There are way too many people who are in positions of leadership that are insanely under qualified.  I had Operations Managers who had no idea how to talk to people.  Managers who would sit in an office all day on YouTube and make their supervisors run the shift.  The HR representatives (that are remote/not on site) give you ZERO CONFIDENCE when slippery issues arise.  They also have a track record of paying external talent INSANELY MORE than associates who were promoted from within.  I was making $10-15k less than my fellow managers who were external applicants.  You get less stock units and less salary.  Everybody talks.  The competition revolves around a toxic culture of taking credit for anything and everything as simple as hanging a sign on a door.  You absolutely can't just get the numbers and results with this company, you have to be able to play serious politics with a bunch of people who are terrible at their job and are terrible at communicating with other humans.  The running joke/theme was you have to play the game of CYA (cover your ass).  The micromanaging from Ops is brutal as well.  You are a manager yet are rarely trusted to manage without someone hawking over your shoulder.

I take everything as a learning experience, I have the right attitude and anything I learned will be used to forward myself and others.  Sometimes negative experiences are the most valuable ones.",2.6,Area Manager,careerbliss,amazon
I've worked for Amazon for over a year and I have found it to be a very flexible company that allows you to grow and learn.,4.1,Anonymous Employee,careerbliss,amazon
A good company to work for but upper management is congested and there is not much of a career path as you move up.,3.8,Anonymous Employee,careerbliss,amazon
The work culture is not something I'd wish to be in for the long run.,3.4,Anonymous Employee,careerbliss,amazon
good environment to work at,3,Anonymous Employee,careerbliss,amazon
"I worked at Amazon for 10 months and I was let go due to being a seasonal employee. But the time that I worked there, it was entertaining and tedious at the same time. Get to meet some great co-workers, upper management was relatively easy-going people, but the only part that I did not like were the breaks that they'd give. 15 min breaks were technically only about 10 min since the walk to our stations to the break room was ~2min 15sec long. other than that, it's a good job for what it pays.",4,Warehouse Associate,careerbliss,amazon
"Amazon is an ever growing and changing company.  They really push you to go try things like new projects or new positions.  You definitely work hard, but try to have fun in the process as well.",4,Anonymous Employee,careerbliss,amazon
"I worked at Amazon (AWS) as a contractor recruiting coordinator from June 2019 to May 2020. It was a great experience and you always have something to do. It's fast-paced so you need to be ready to juggle a lot of tasks on a daily basis. 

Overall, it was a great experience. Majority of your day is spent scheduling interviews and definitely look to find new projects to take on, to get that variety. I'm happy with my experience at Amazon!",4.6,Recruiting Coordinator,careerbliss,amazon
It was an awesome experience to work for Amazon. It was a great learning experience.,4.6,Anonymous Employee,careerbliss,amazon
"In my opinion, working as a delivery driver for amazon has been a good experience all around. It has limited room for growth depending on what your aspirations are. For the most part, it provides fair pay for a fair amount of physical labor. Management is amazing, very proficient and kind with their employees. Never had an issue with management or co-workers.",4.4,Lead Delivery Driver,careerbliss,amazon
"I have worked with Amazon for a few months so far and the work environment is great.  It is a high paced environment, so there is always a task to be completed.  There always is a new challenge awaiting every time you are fulfilling an order and my coworkers and supervisors are very helpful when I have a question or am confused on how to complete a task.",4.9,Anonymous Employee,careerbliss,amazon
"Amazon gave me the opportunity to learn and grow. IT was challenging at the same time, just the massive scale of operations in amazon is amazing.",4.4,Anonymous Employee,careerbliss,amazon
"With more than 5 years of experience in Amazon, I can tell that the company has great respect and values for the workers.",4.8,Fulfillment Associate,careerbliss,amazon
I'm only working there currently because work is slow everywhere.,4.3,Picker,careerbliss,amazon
Amazon is a fantastic place to work.,4.1,Anonymous Employee,careerbliss,amazon
it s a good company to work to,4,Software Development Engineer in Test,careerbliss,amazon
"Great benefits at Amazon, but the work environment isn't the best, as well as the management.",3.3,Associate,careerbliss,amazon
"I've worked for Amazon in HR over 2 years, and my team is amazing. It really helps offset the chaotic and lack of communication that we experience daily. The upside of the chaos is that you learn so much so fast.",3.6,Anonymous Employee,careerbliss,amazon
"I worked for Amazon for over 5 years and had 7 different managers during that time. If you are lucky enough to find a team and manager who is supportive of your career, then you will do well. Turnover can be significant, but there are a lot of talented individuals who work here. This is a great place to start your career and learn a lot of necessary skills.",3.3,Anonymous Employee,careerbliss,amazon
"Worked at ONT5 Warehouse for about a year. In my time, I started out as a seasonal employee for the holiday season and moved up to part time as there was no full time position. As a full time, the details are the same as seasonal but with more pay and benefits such as health insurance. Work week consists of five four hour work days with chances to work extra hours. I was working only because I was in a gap year between school and did not need to pay for necessities; but if I did, I would have needed to work the maximum extra hours every week in order to make enough money for necessities.",3.8,Warehouse Associate,careerbliss,amazon
I have been at Amazon for about 5 going on 6 years now and I would have to say it one of the best companies I have worked for. I have learned so much about the process of vendors shipping products to and from.,5,Warehouse Associate,careerbliss,amazon
Amazon is a troubled company and I didn't quite understand the depth of these issues until working there. The company is so detached from the fulfillment centers yet imposes a steel grip on anyone involved in touching the systems at these sites.,2.4,Anonymous Employee,careerbliss,amazon
"it's such a different place than when I started, but it's growing in momentum for a younger generation",3.5,Anonymous Employee,careerbliss,amazon
I have worked at amazon for about 6 months. It is a good job to make some money and keep yourself afloat if you are in a transition stage into the workforce and have not found a job in your field just yet. It is a physical job where you are required to stand for 10 hour shifts with very little breaks.,3.3,Warehouse Associate,careerbliss,amazon
"I began work at Amazon in July of 2019.  
A great reputation within the network and many people outside of my area spoke highly of other operations.  Co-workers expressed
concerns from transferring from other locations and the operational differences and concerns.  A huge amount of turnover between senior managers, operation managers, and assistant managers due to work conditions and leadership.  I found the environment to be very toxic. 
Unfortunately many promises made and none of them kept regarding shifts and working conditions.",2.8,Anonymous Employee,careerbliss,amazon
This is a strong and fast-growing company that is amazing for anyone beginning their career. It really helps you discover yourself as a leader and as a manager in order to start your career out strong. You will have the ability to take on anything if you are successful with this company.,4.1,Anonymous Employee,careerbliss,amazon
"I have worked for amazon since 2019, it's a great data-driven company with a strong foundation in technology. It would be a great place to work for if you are not afraid to work hard and always have the attitude of learning, problem-solving",3.4,Anonymous Employee,careerbliss,amazon
I joined a team of entrepreneurs who are passionate about building an internal automated training tool from the scientific perspective. Everyone was eager to help each other and happy to grow as a team.,3.9,Anonymous Employee,careerbliss,amazon
"I've worked for Amazon for a little over a year. I've found it to be a strong company with good values, having several locations over the Atlanta area.",3.4,Driver,careerbliss,amazon
I have work for Amazon since 2019. Overall I have found it to be a good company that has different positions that you can learn to different things. The company has two locations in Baltimore Maryland that has over 1000 plus works,4.6,Anonymous Employee,careerbliss,amazon
I just started working for Amazon as a Virtual customer representative. I enjoy working form home. My managers are really kind and helpful when they are needed. During these hard times I am glad I got the opportunity to be working for them.,4.5,Anonymous Employee,careerbliss,amazon
Overall It was a decent experience. I had problems with how hard they made us work and the number of units that were required for us to ship daily. On top of not having high enough pay for all the work required of us. Other than that the people and staff members are good people that you can begin to become good friends with.,3.4,Anonymous Employee,careerbliss,amazon
I've worked at Amazon since 2020. The company culture is very welcoming and positive. They encourage workers to put their best foot forward to produce the best result for the customers and investors.,4.9,Operator,careerbliss,amazon
"My experience at Amazon has been good. I've learned and grown so much since working there and learn how to balance out my time management as well. Entering the company with no knowledge of the company internally was overwhelming, but I learned a lot in the process of starting until where I am today.",3.6,Area Manager,careerbliss,amazon
A great company culture where accountability and ownership are rewarded.,4.1,Seasonal Associate,careerbliss,amazon
"It's a great opportunity for anyone looking to learn, use cutting edge tech solutions.",4.5,Anonymous Employee,careerbliss,amazon
"Great Company. Work hard, Have Fun and Make History!",5,Anonymous Employee,careerbliss,amazon
"amazon reseller, do your own job!",3,Anonymous Employee,careerbliss,amazon
"I have worked as a project engineer in oil & gas, petrochemicals, manufacturing companies for more than 15 years doing  project definition, design and construction. Additionally, I am familiar with and strong skills in estimating, budgeting, project  scheduling /control, procuring and bid preparation/contracts.
My experience could be extrapolated to other businesses for project execution for which I will be very competent.",4.5,Anonymous Employee,careerbliss,amazon
"I have worked as a Quality Assurance Intern for Sujay Industries during my undergrad in 2015. And my latest work experience is with Amazon in 2018. 
I was taught how to measure and examine the manufactured products and how to satisfy the customer's needs in my former and latter experiences. 
I am a team member. I always try to learn, work and grow every time I go in whichever field appoint",5,Anonymous Employee,careerbliss,amazon
"Great Company, however if you plan to get into Management it's best to not start as a Warehoiuse Associate, it takes too long to be recognized, apply on the outside, getting in and trying to work your way up takes too long.",3.8,Anonymous Employee,careerbliss,amazon
Amazon is the best company in the world to work for. Great opportunity to quickly advance your career if you are motivated to do so. Become an Amazonian.,4.3,Maintenance Technician,careerbliss,amazon
Too pushy. A guy with cancer could do chemotherapy and also work overtime. Amazing place,2.1,Anonymous Employee,careerbliss,amazon
"my most recent comopany was amazon but i would like to talk about my previous company American Express. American express is a great opportunity for new cold members to get a feel of what they are getting into as far as advanced credit, it give the employees a chance to be apart of that new exploitation. being an american express employee gave me the opportutinity to work on my customer service skills. as well as time management.",5,Anonymous Employee,careerbliss,amazon
It is amazing to be part of the amazon family and being Amazonian.,4.1,Anonymous Employee,careerbliss,amazon
really would prefer something closer to home,4.1,Fulfillment Center Associate,careerbliss,amazon
Amazon is a great company to work for where you are only limited by your skills and imagination to build something new.,4.5,Product Manager,careerbliss,amazon
I worked in Amazon for 4 years. I would highly recommend people to work there for high paced innovation in e-commerce.,4.6,Anonymous Employee,careerbliss,amazon
Amazon is an organization that provides many opportunities for their employees. Hard work is not a maybe but a must.,4.5,Anonymous Employee,careerbliss,amazon
"If you are looking for a fast paced, exciting, and data driven company then Amazon.com is where you want to be. In my time with the company i have learned so much about being customer centric, It is one of the principles that Amazon swears by. It something you will pick up and understand as you progress through out Amazon. One of the things i valued there was how you were developed as a person, you are trained however you are required to use your brain and co workers to solve a problem or task. So if that is up your ally in a career you are looking for than amazon it is at",4.6,Anonymous Employee,careerbliss,amazon
Good to work there. But too much politics.,3.9,Anonymous Employee,careerbliss,amazon
"I worked for Amazon as an on-boarding account manager for an counterfeit prevention program regarding the Amazon marketplace. I would highly recommend this position to anyone who likes to roll up their sleeves and get into the thick of things! If you enjoy putting the customer first, a sense of ambiguity in your job and being challenged on the daily,  Amazon is your go to!",4.6,Account Manager,careerbliss,amazon
nothing to say at this time,3,Anonymous Employee,careerbliss,amazon
"I've worked for Amazon for over a year now. Overall, it has been good because it gives me a stable income to support myself in School. It can be a challenging job environment that builds character.",4,Anonymous Employee,careerbliss,amazon
I worked at Amazon since 2018. It was definitely challenging but well worth it. It was a good environment but it wasn’t cut out for me. I loved meeting new people and seeing different faces throughout the peak period. It was wonderful talking and meeting new people every day and seeing how their lives are and how long they have been with Amazon.,4,Picker,careerbliss,amazon
"I have worked at amazon for almost a year now and I can say that its a great job for anyone who wants to start making up to $15/hr! I have a great management team that I work with, and they are more than willing to attend to any questions or comments we have at work, and go above and beyond to fix any problems. We try to maintain that same level of quality with our daily operations at work and for our customers. 

As a Sortation Associate, I attend to the tasks and duties at hand. This includes: Getting assigned for routes to be picked and staged at a timely manner, conducting crash sorts from delivery trucks sent onto a conveyer belt and then sorted to their assigned racks and taken out for driver pickup and delivery.

Although this is a very physically demanding job, I would definitely recommend this for everyone. It has great benefits and pays well!",4.5,Associate,careerbliss,amazon
"Amazon is a great place to build fundamental product management skills. The scope of opportunity varies significantly from team to team. Because of the company's size and complexity, some projects can be slow-moving and drawn out. Leadership changes occur frequently and many teams lack specific direction.",3.6,Anonymous Employee,careerbliss,amazon
I have worked at this company its a well know. Company and good environment but sometimes there is not guaranteed work or devices do not work,2.9,Anonymous Employee,careerbliss,amazon
Amazon is a great company. I really loved the amazing in house processes developed and adopted in every program. There are some issues with the work life balance.,4,Anonymous Employee,careerbliss,amazon
When first starting this position the pay and the routing was good. As time has progressed the routes have got worse(dirt roads and a routing system that has unfortunately got worse) has taken its toll.,2.4,Delivery Driver,careerbliss,amazon
"I’ve been with Amazon since 2014. Amazon is a great place to work if you’re looking for job security. Amazon is also big on safety, which reassures us that Amazon really cares about their employees. Amazon also offered great pay and benefits, which allowed my wife to be a full time mom.",4,Anonymous Employee,careerbliss,amazon
I’ve worked for Amazon for about 5 years and I have to say the company is very fast paced and hands on with a great compensation package for managers/supervisors,4,Anonymous Employee,careerbliss,amazon
"Exciting place to work, but be prepared to sacrifice your personal time to the job.",3.4,Anonymous Employee,careerbliss,amazon
I worked for Amazon as an SDE intern during the summer of 2019. I found the assigned project to be challenging and very relevant to Amazon's business.,4.6,Anonymous Employee,careerbliss,amazon
I have worked for Amazon for about 5 months now and honestly for the amount of work given it is decent pay honestly it’s just the taxes that make it not worth it sometimes. My bosses are great very accommodatable and helpful.,4.1,Delivery Driver,careerbliss,amazon
"I am part of Amazon Business - Pricing Group; handling various pricing initiatives. Recently, I delivered one of the biggest and most complex Amazon Business Pricing programs named ""Volume Aware Pricing"". I worked close to 25 internal & external teams and took this program from start to finish line & launched it in 7 regions (US, IT, FR, DE, ES, UK, JP).

I got the chance of working on a very critical, complex and high visible program.",5,Anonymous Employee,careerbliss,amazon
"I really enjoy engaging with the community and building relationships with community leaders.  I like reaching out to candidates to inform them of possible opportunities that fit their needs.  In doing so, I have built numerous connections within the community.  The amount of available resources Amazon has to offer its employees and the ability for us to use them has helped many employees focus on their short-term and long-term personal development plans.  This helps the employee become more successful at what they do.",4.8,Senior Coordinator,careerbliss,amazon
I’ve been employed with Amazon since 11/21/2019 recently converted to a full-time Amazonian. Amazon is a great company to work for with great benefits and opportunity advancements. There’s a lot of diversity and upper management focuses on employee relations on a daily basis. If you are a hard-working employee and customer-focused then this is the place for you.,4,Order Selector,careerbliss,amazon
"I have worked for Amazon since January of 2019, this company has nurtured me and taught me 80% of my knowledge regarding my professional career. They have great work ethic, sense of team work flourishes within the company and it is very fast paced. We have trainings almost every other week which enables us to learn different skills. The biggest setback about Amazon would be the high turnover of managers as no one tends to stick around, and the main reason would be long work hours(13+) and always increasing metric goals to which we submit reports which are tedious, long and reiterating. The way Amazon does process improvement is fantastic and I believe it is only a matter of time before they create new process for reporting metrics as well. But great company to work for overall.",4.4,Area Manager,careerbliss,amazon
I worked at Amazon until July 2018. Where I was able to impact recruiting in an internal space and help to drive promotions and expansions of our Operations network.,4.4,Anonymous Employee,careerbliss,amazon
Had great mentorship that helped prepare me for a role in enterprise software development.,5,Anonymous Employee,careerbliss,amazon
"Presently, I work part-time for Amazon/Prime Now.",4.4,Anonymous Employee,careerbliss,amazon
"I've worked at Amazon for 3 years as an IT support engineer.  I have found a tremendous amount of opportunities for growth and development.  We have the opportunity to work with many different technologies.  They help you not only grow with technical skills, but also teach leadership principles that translate to new positions outside of the company.",4.6,Anonymous Employee,careerbliss,amazon
I've worked at Amazon for over 2.5 years. The company is incredibly fast pace and allows great autonomy. I have learned more there than ever thought imagined. The downside to amazon is they are highly deliver results based and use every bit of there employees. There is not a balance between work and life.,3.8,Anonymous Employee,careerbliss,amazon
"I have worked for Amazon for the past 6 years in 3 different roles.  Great company, excellent transferable and applicable experience for this role.",5,Finance Director,careerbliss,amazon
"I've been working for amazon since Jan 2016. Currently, i manage five whole foods locations which ships groceries to customers door steps within 2 hours.",4.8,Regional Operations Manager,careerbliss,amazon
Amazon is an amazing company-- a wonderful place to learn and grow.,4.1,Anonymous Employee,careerbliss,amazon
I worked for Amazon as a Principal Technical Program Manager. Amazon has a strong ethos of customer focus and operational efficiency. At Amazon I learned to operate at a very large scale with 2 million B2B customers/advertisers. I had the opportunity to manage very large programs by coordinating 20+ global teams and managing regular communication with senior management. Overall it was a wonderful experience.,4.3,Anonymous Employee,careerbliss,amazon
"I can neither complain nor brag about Amazon. The job they hired me for is fine, I'm looking for better opportunities.",3.9,Anonymous Employee,careerbliss,amazon
Amazing company if you want to work on new cutting edge technology. You have plenty of opportunities to get to work on a variety of technologies. The only downside is hard to maintain work-life balance but overall it's a good company.,4.1,Anonymous Employee,careerbliss,amazon
"During my duration with Amazon, I have been given the opportunity to get experience in the field I am currently attending University for. I was able to experience Human Resources hands on and have continuously been learning through the entire process. I am now working with HR investigations and am still growing.",4.1,Anonymous Employee,careerbliss,amazon
Very good company in which you learn form the best and create working designs.,4.8,Anonymous Employee,careerbliss,amazon
"People are friendly and are willing to help each other. When you get stuck at some technical problems, feel free to reach out to others. You will learn a lot from them.",4,Anonymous Employee,careerbliss,amazon
A retail company that employs technology to reach its desired goals.,2.9,Anonymous Employee,careerbliss,amazon
Good company culture but just have no time to handle oncalls and person the and master study time together. Overall experience is good,3,Anonymous Employee,careerbliss,amazon
"I have worked for china mobile Pakistan a Telecommunication operator as Network Security Engineer, Worked on PaloAlto Firewall administration and providing security to the company network. Currently, I am working with Amazon.",5,Warehouse Associate,careerbliss,amazon
"I worked through Integrity Staffing for 3 months to work for Amazon.com, I was supposed to get hired on permanently but that was taken away because I had a disability which I reported but the doctor's note was not acceptable.",3.9,Order Picker,careerbliss,amazon
"You can learn a lot very quickly in a short time. Surrounding yourself with nothing but incredibly smart and driven individuals. Exciting project across the company that keep you interested and focused. The work life balance is amazing!
The leadership principles are actually used to drive discussions and results. 10/10",5,Anonymous Employee,careerbliss,amazon
I have been in Amazon for about an year now. It's a nice company for someone who loves to work hard like me. I have worked on multiple critical projects for the team. Overall its been a great experience.,4.4,Anonymous Employee,careerbliss,amazon
"I've worked for Amazon since July 2017. Throughout the years, the company has provided many growth opportunities allowing me to hone my skills as a manager as well as my analytical skills deep-diving into metrics and KPIs that directly contribute to the big picture.",3.4,Anonymous Employee,careerbliss,amazon
I worked for Amazona as a software development intern. My role provided me with an opportunity to work in a fast-paced environment. My project was to develop an application from scratch using a fairly new technology.,4.4,Software Development Engineer in Test Intern,careerbliss,amazon
It's the best company and a place to work. A very good platform for your personal growth and a good learning platofrm,5,Anonymous Employee,careerbliss,amazon
I’ve worked with Amazon launching sites and start ups since 2018. This is a overall stable company. Extremely fast paced.,3.8,Maintenance Manager,careerbliss,amazon
I loved working at Amazon and would have gladly stayed if possible,4.3,Imaging Associate,careerbliss,amazon
"Working for Amazon is a terrible experience and I would not recommend it to anyone who likes to think about what they are doing throughout their day. The work is both monotonous and endless in the most literal sense of both; there is no variation in any tasks performed in the day, and there is no possibility of finishing the work to any state of completion - it simply goes on until the end of the shift and even then is not concluded.",2.3,Anonymous Employee,careerbliss,amazon
Good company to work for but a very fast-paced environment. The only downside is that the busiest time of year is during the holidays so it impacts family time,4.5,Anonymous Employee,careerbliss,amazon
"Great pay, good hours but bad management",3.4,Anonymous Employee,careerbliss,amazon
Learn a ton but with lot of politics at senior level,3.5,Anonymous Employee,careerbliss,amazon
Amazon is a leader in multiple areas of business. Rapid growth creates many opportunities but also creates unstable continuity at the leadership level.,3.8,Operations Manager,careerbliss,amazon
I’ve worked with amazon logistics since 2014 and what I can say about this company is that they don’t care about there employees. I love the work and the environment but the management and the supervisors are terrible there.,4.5,Dispatcher,careerbliss,amazon
Great Deal and a life changer instead of a waste of time.,5,Seasonal Worker,careerbliss,amazon
"Nice company, challenging and interesting work here",4,Anonymous Employee,careerbliss,amazon
Great work going on in the Santa Cruz office with a great team that emphasizes work life balance while also ensuring that projects and features are released on a timely basis.,4.6,Software Development Engineer in Test Intern,careerbliss,amazon
"I did an internship at Amazon Seattle as a software engineer last summer. I felt like I experienced a whole practical workflow of doing an industrial project, from defining a problem, searching for some possible solutions, design reviewing, implementation, code reviewing and delivering results. I thrived in an open, innovative, technology-driven culture. This internship was a valuable experience for me.",4.6,Software Development Engineer in Test Intern,careerbliss,amazon
"Working with Amazon is challenging but rewarding based on what I've learned and was able to contribute to. The pay is good and the people are good, although it can change a bit depending on what department you're working with. Overall I recommend it.",4.8,Anonymous Employee,careerbliss,amazon
I really enjoyed my last role at Amazon. I was fortunate to be able to build my own group and we worked collectively and autonomously without and Amazon product oversight. We were only really accountable to our client the NHS. We had a startup mentality and worked as a team and built a nice work-family along the way...,4.5,Anonymous Employee,careerbliss,amazon
Really liked the culture of this company. They make you feel important and you have plenty of options to learn new things or try new ideas.,5,Anonymous Employee,careerbliss,amazon
it will be great if there is individual coaching,3.4,Transportation Specialist,careerbliss,amazon
"I have worked with Amazon for a few months now in the Logistics department, but I find that I miss working with a team of creative thinkers and coming up with exciting new ways to engage customers and run campaigns from start to finish.",2.5,Anonymous Employee,careerbliss,amazon
It is a challenging place to work. You gotta learn and grow very fast.,4.1,Anonymous Employee,careerbliss,amazon
"I worked for Amazon for 6 months in 2019.

Pros:
- There is a lot of opportunity to take on large projects and see them through to completion independently. 
- Many great engineers and minds to work with and learn from.
- Pay is definitely above average.

Cons:
- There is a disproportionate number of back end engineers vs front end engineers on each team, therefore your work load can become overloaded quickly.
- Work oftentimes follows you home
- Overall experience is dictated by the team that you are hired on
- Many inefficiencies",3.1,Anonymous Employee,careerbliss,amazon
Great place to work. They offer good benefits and also accommodated me while in school.,4.8,Order Picker,careerbliss,amazon
High end quality  goods and good customer service .order anything online and get delivered to you in hours,5,Driver,careerbliss,amazon
"I have worked for Amazon for 4 years, it is a great company with the smartest people. It does have areas of imperfection, the whole of the team takes ownership of those areas. I have learned much about Amazon.",4.9,Anonymous Employee,careerbliss,amazon
"I've worked for Amazon for over a year now. Overall, it's a good company to work with fair compensation and work-life balance.",3.8,Anonymous Employee,careerbliss,amazon
Not enough information is given in training. Good job of working at home.  It can be high-stress.,3.8,Anonymous Employee,careerbliss,amazon
I've worked for Amazon since 2016 and have had the opportunity to work in various locations in the US. It can be a challenging place to work but everyday is something new and things are always changing. It is a fast paced environment with lots of opportunity of growth and promotions.,3.8,Anonymous Employee,careerbliss,amazon
"I like amazon as a company, and the pay is nice.",5,Anonymous Employee,careerbliss,amazon
"While Amazon may pay good, it is not necessarily a fun job. If you just want a job to make decent money starting out then this job will work out for you. If you do work for amazon, make sure you are working on the management level which comes with more benefits and perks.",3.3,Anonymous Employee,careerbliss,amazon
"I was hired to work with Amazon, in a very dynamic environment place, a prestigious and valuable company that offers people well-being and great opportunities. They ensure employees' safety. I am enjoying this experience.",4.4,Anonymous Employee,careerbliss,amazon
Working at Amazon Logistics in Operations management,4,Anonymous Employee,careerbliss,amazon
"Great company to work for, that offers good benefits, and a great pay.",5,Picker,careerbliss,amazon
At this time I do not wish to comment even in general. This is made for strong-minded people only.,3.3,Anonymous Employee,careerbliss,amazon
"I worked for Amazon numerous times, once in the Logistic Center and most recently, the Fulfillment Center. The job is easy and fast pace, however, the only issue I had with the fulfillment center was the flexibility and the lunch breaks. Due to the warehouse being so large, it took half the time to get to your lunch break area from just walking there. So not only were most people not getting adequate rest, it's basically a 30-minute break for the entire 10-hour shift. 

If you are used to standing long hours, it's a great job and easy to do. However, if you are someone who has dreams outside of working 9-5, this will only be a short term investment for you.",4,Anonymous Employee,careerbliss,amazon
............................,5,Anonymous Employee,careerbliss,amazon
It's a new company in michigan and big growing company,5,Fulfillment Associate,careerbliss,amazon
"Amazon is a great place to work as an IT Support Technician. I supported a userbase of 500+ associates across 5 warehouses as part of a 9 member team. One of the better things is that I was fairly self-directing in my career and Amazon was well funded in the IT department, so that means that we were able to enjoy the latest tech.",4.1,Anonymous Employee,careerbliss,amazon
"Amazon Prime Now/Fresh is a good company to work for if you’re looking for flexible, part- time work. The management is great and willing to provide help and listen to problems. They are constantly trying to improve and take employee considerations.",4.4,Anonymous Employee,careerbliss,amazon
"I've worked for Amazon as a Customer Service Representative for 3 years now. I absolutely love it. The continuous opportunities for growth within the company is amazing. I also appreciate having such a wonderful insurance plan through the company. All around, it's been a great experience!",5,Customer Service Specialist,careerbliss,amazon
I have work for Amazon for about a year now. The company itself is a good company and cares for their employees but with how many people this company has it is hard for them to care for every single employee.,2.8,Warehouse Associate,careerbliss,amazon
I have worked at Amazon for almost 2 years. The company is great. There are many invasions happening everyday. The only downside is worklife balance.,4.5,Compliance Engineer,careerbliss,amazon
Best job ever. I liked it very much and met good people,5,Anonymous Employee,careerbliss,amazon
I worked in Amazon for 3 years.  The work was challenging and the opportunity to grow was excellent.  The place is designed for people who don't disconnect... ever.  It was always a problem but I'm happy to have given my time to the business.,3,Anonymous Employee,careerbliss,amazon
It is a great company to work in and work for.,4.9,HR Specialist,careerbliss,amazon
I’ve worked for Amazon for about 5 years and learned so much. I think it is time to take what I have learned and move on to better things to come my way. This is an amazing employer but I know for myself my plans for relocating and moving up in the station I am in are difficult and I have to continue to grow and achieve more goals. What I take from amazon is I am a strong manager and have dealt with everything between difficult associates to 3rd party contracts,3,Anonymous Employee,careerbliss,amazon
"It is a great place to work, and the experience possibilities are enormous",4,Anonymous Employee,careerbliss,amazon
Amazon is a good company.,5,Software Development Engineer in Test Intern,careerbliss,amazon
I’ve worked here for almost two years and I was wrongfully terminated because of my refusal of completing an assignment that was Impossible and unethical to my work standards,3.1,Anonymous Employee,careerbliss,amazon
It’s a great company for benefit and someone willing to work extra hours but they make you work like a robot and the pay isn’t fair.... the break time isn’t fair..... they can improve that and their goal makes people work fast which will cause mistakes and injury to employee body.,3.3,Anonymous Employee,careerbliss,amazon
Great Place and People!!!,5,Anonymous Employee,careerbliss,amazon
Great visiting this company website.,4.8,Remote Associate,careerbliss,amazon
"It's a mindless job, and it's not what I want for me and my family. I want a challenge.",2.9,Anonymous Employee,careerbliss,amazon
"I've worked at Amazon for 2.5 years, and have found it to be delightful company.  I am a independent contractor for Amazon.  If you are looking for supplemental income then you have come to right place.  Always deliver packages in a timely manner.",4.1,Independent Contractor,careerbliss,amazon
"I’ve worked for Amazon since August. It’s a great company, but the work environment and compensation are not ideal for the long hours and type of work that is done.",2.4,Area Manager,careerbliss,amazon
"I've worked for Amazon since August 25, 2019. While the first level managers are kind and friendly, the work is hindered by broken/defected devices that are required to get the tasks done. The compensation does not equate to the work that is required. Upper management is difficult to connect with and/or contact.",3.6,Anonymous Employee,careerbliss,amazon
I worked at Amazon for close to 2 years I loved it customer service was kind of intense but would recommend for friends,4.3,Anonymous Employee,careerbliss,amazon
I love to work! And I would love to be apart of y’all team.,5,Picker,careerbliss,amazon
Good company to work for.,3.5,Anonymous Employee,careerbliss,amazon
"Great company with great benefits. For the hours and work/life balance, the pay could be better.",4.5,Anonymous Employee,careerbliss,amazon
"I’ve worked for Amazon for a while. I truly enjoy the company and the multitude of opportunities to grow and develop. At Amazon, you own your development which means the company will take you as far as you would like to go. Over the years, I have been able to travel and be apart of Amazons history. Things are constantly changing at the company which is  very awesome!",3.6,Manager,careerbliss,amazon
It was a fun place to work!!,4.3,Anonymous Employee,careerbliss,amazon
"i,hgthjkl..kjhgfdsliytfhgjiuytfgdgvhhiuuytdf",2.9,Anonymous Employee,careerbliss,amazon
"I had an internship over the summer at the FC in Tracy, CA. It was a great experience. You will be motivated by those surrounding you and always work hard. I was able to manage a work-life schedule.",4.6,Area Manager Intern,careerbliss,amazon
I’ve worked on Amazon since April 2019 and it has been great!,4.5,Customer Service Representative,careerbliss,amazon
Very great pay but very long hours,4.6,Anonymous Employee,careerbliss,amazon
I have worked for Amazon since August 2019.,4.8,Anonymous Employee,careerbliss,amazon
I’ve worked with amazon since September of 2018. It was a really good company especially the benefits were the best! Amazon help me with my people skills and it also help me to use what I know now somewhere else to further my future. The company has around 6 amazons across Colorado.,4.3,Ambassador,careerbliss,amazon
It was a good experience that tested my ability to adapt to a new situation. They train you and try to help. They are very task oriented and focused on the nightly deadline.,4.3,Load Planner,careerbliss,amazon
"I would like to skip this for now but I would like to add that it’s not the employer that makes a difference on your every day life but it’s the team and job situations that are a critical game changer.

Thank you ??
Monica Nagar",4.1,Senior Sourcing Recruiter,careerbliss,amazon
"Good work place, great pay and over time is available.",5,Anonymous Employee,careerbliss,amazon
Amazon is a company that creates many opportunities for growth and development in a variety of areas .,3.8,Area Manager,careerbliss,amazon
"I've worked in Amazon for almost two years as a network Development engineers with different teams such has Agg deployment , Encryption and backbone",5,Anonymous Employee,careerbliss,amazon
I have worked for Amazon for about 6 months. The warehouse employs hundreds of people per shift. Its very straightforward what to do for your role at the warehouse. All that is required to be employed is a drug test and background check.,5,Warehouse Team Member,careerbliss,amazon
Not professional. Management is scattered. Unorganized,3.6,Anonymous Employee,careerbliss,amazon
A great company for self motivated individuals.,5,Investigation Specialist,careerbliss,amazon
Unable to share ant review at this time due to morale,1.1,HR Business Partner,careerbliss,amazon
It was a very easy and liberating application because it allowed the person applying to really be an open book about who they are.,5,Customer Service Representative,careerbliss,amazon
The company is a fast-paced environment,5,Associate,careerbliss,amazon
Great company. One of the best places to learn new things. You never stop learning. Great opportunities.. Huge room for development,5,IT Support Engineer II,careerbliss,amazon
Amazon is an amazing company to work for. The possibilities are endless for advancement. They have numerous programs in place to help you achieve your dreams. They are very ethical and family friendly. They always have positions for whatever your availability and skill level. I would recommend Amazon to anyone looking to become more or wanting to learn a new skill set.,4.6,HR Representative,careerbliss,amazon
I've worked for amazon since 2013. They are safety driven when it suits the business.,5,Maintenance Manager,careerbliss,amazon
I love working here. Great pay and benefits,4.4,Anonymous Employee,careerbliss,amazon
"I worked for Amazon for a few months while in school. Unfortunately, they do not accommodate school schedules or second jobs.",2.1,Anonymous Employee,careerbliss,amazon
"Working for an Amazon Fulfillment Center, most positions are like a fun game, especially if you like to workout! They are a Huge company to be a part of, where you get to help bring joy to customers All Over the World! As an amazonian you are part of a huge family of people making a difference. They are compassionate and have millions of resources to help their employees. They always have incentives and fun activities during breaks to keep everything interesting and interactive. Overall, Amazon is one of the best companies I’ve worked for and learned from.",4.8,Anonymous Employee,careerbliss,amazon
Amazon is a good place to start your career and possibly move up to management positions. Your coworkers are great to work with and able to assist anytime. Management is sometimes easy-going but other times it seems like they take extra space watching over employees work extra hard. Overall its a solid place to work but eventually you become fatigued of the same tasks and desire a lifestyle change.,3.5,Anonymous Employee,careerbliss,amazon
It provided a great challenge that I was glad to take on.,4.5,Anonymous Employee,careerbliss,amazon
"open upward mobility, passionate people, it is a good company to work with",4.8,Program Developer,careerbliss,amazon
Amazon is a great place to work / to learn.,5,Technical Support Engineer,careerbliss,amazon
The company is very innovative and allows you to be creative.,4.1,Regional Loss Prevention Manager,careerbliss,amazon
I did not feel my managers did a good enough job in communicating with me and did not give me the right motivation. I also did not feel the company cares for your well being; when you are unable to work it seems as if they do not care and they want you to suffer through and work whether or not you’re injured or ill.,3.1,Anonymous Employee,careerbliss,amazon
good introductory job into the robotics and amazon world.,4,Robotics Technician,careerbliss,amazon
Very good and flexible job,4.8,Anonymous Employee,careerbliss,amazon
I’ve worked for Amazon for over five months now and I love it. The people here are willing to help you when you need it and the job is not complicated. Amazon has companies all over the United States and has various positions.,5,Anonymous Employee,careerbliss,amazon
"Excellent company
Great pay and benefits
Endless opportunities for future advancement.",4.8,Anonymous Employee,careerbliss,amazon
"I have been a warehouse associate for a little over one year now. In my time here at Amazon, I have been given the opportunity to be a learning ambassador. This role is so important because I am the first face new hires see and have the chance to ask questions to. Amazon has a wonderful benefits package and great working hours.",4.3,Warehouse Associate,careerbliss,amazon
I work for Amazon logistics for almost 8 years. It’s a very good company with 3000 employees. I believe that scientific innovation is essential to being the most customer-centric company in the world. It’s this ability to have an impact at a scale that allows us to attract some of the brightest minds in artificial intelligence and related fields.,5,Recruiter,careerbliss,amazon
I’ve worked for Amazon for about a year; just realizing it’s not really in my personality and the hours got a bit restraining for me.,4,Anonymous Employee,careerbliss,amazon
Amazin teamwork found in all departments. I learn a lot from my Amazonian experience.,5,Anonymous Employee,careerbliss,amazon
Great company but the senior leadership teams some buildings are unaware of their managers. They say they care for our growth but really they care in self interest.,3,Anonymous Employee,careerbliss,amazon
I find Amazon one of the strongest companies,4.9,Corporate Recruiter,careerbliss,amazon
The work was fast paced and the workload was on the highend.,3.5,Anonymous Employee,careerbliss,amazon
i started woking there in june as his 3rd start up company and my boss has been doing a fantastic job running it and the care he has for his employees is fantastic.,4.9,Lead Driver,careerbliss,amazon
Excellent company to work with. Very customer focused and have good service and support team.,5,Anonymous Employee,careerbliss,amazon
"Amazon in Monee, IL is a good environment for the most part. There are some people that really care for you and have your best interest, and there are also people that make your days of working there harder. The work itself is not a long-term job for anyone and I personally wish to excel in other ways.",4,Package Handler,careerbliss,amazon
"I’ve worked at this company since September, this year as an overnight worker. Of course, sleep was hard to get, but the pay was good. One thing I didn’t like, I had been in the hospital for 2 days and reported that I wouldn’t be there. They told me they don’t have anything on my file or in their records of my report, so they fired me.",3.1,Anonymous Employee,careerbliss,amazon
"Working for Amazon.com was a great experience. I found that it isn't an easy job but the benefits were well worth the time. Anyone that likes a fast-paced work environment, and the freedom to use their own time management skills, I would encourage them to apply to Amazon. There are many perks and discounts that also come along with this job. As an employee, you get great healthcare and a retirement plan. They also provide you with work great and a pathway to success if you are willing to take it. Many employees stay for a long amount of time with Amazon.",5,Anonymous Employee,careerbliss,amazon
"I've worked for Amazon since April of 2018. It's a great job for employee's who like a fast-paced environment. It's competitive which makes for a quick day. They are constantly handing out raises so your pay improves faster than you'd expect. It's a huge company and they do their best to attend to every associate. Don't be afraid to speak up, make yourself known and go after what you want from Amazon.",4.1,Anonymous Employee,careerbliss,amazon
"I worked for Amazon for a short period of time, however while I was there they had lots of benefits offered your first day. Work/life balance was a good 50/50. The work load is demanding but it’s worth the work.",4.3,Anonymous Employee,careerbliss,amazon
"Amazon is a good company, that provides great benefits and room to advance in the company. One negative aspect I've seen is the rampant changes in supervisors. I was employed under a six month contract and had four new supervisors. It made me wonder if their workload was too much, or did they simply advance in the company. The supervisor's were very knowledgeable and went out of their way to assist.",4.4,Anonymous Employee,careerbliss,amazon
"I work for this company for almost 2 years ,they have a lot of change in management, and bring people with no experience or manners. Peolple who don’t like to work as a team.",4.8,Anonymous Employee,careerbliss,amazon
I have worked for Amazon for a few months and overall they are not a bad company. It is a safety-first driven environment with friendly faces all over. My only major complaint is that management is mainly focused on meeting their production numbers instead of helping associates move up in the company.,3.8,Anonymous Employee,careerbliss,amazon
It’s a good job for those with a driver’s license  and looking to get into the job market. Good first full time job,3.8,Lead Driver,careerbliss,amazon
I worked for Amazon as a Seller Support Associate for over a year and a half. During my time there I learned many new things and was introduced to many new people. Although there were a handful of things that were confusing and frustrating overall it was a great experience.,4.1,Seller Support Associate,careerbliss,amazon
I've worked for Amazon for 2 years and they are hard working. I contribute to having a healthier state of working areas by always making sure the employees are satisfied. It's a warehouse job so I couldn't use my full potential. If I get this career change I will  not disappoint your company.,4.1,Associate,careerbliss,amazon
"Working for Amazon was, if not the best job I ever had. Amazon always made sure I was well taken care of. The benefits were good, and everyone had an overall positive attitude. Even when we got busy, the management team always had things under control. There was never a dull moment, with the people I worked with. I believe this to be the main reason why the company has done so well over the years. They believe customers and employees are a top priority.",4.5,Anonymous Employee,careerbliss,amazon
"Working in an Amazon warehouse environment you need to have all appropriate wear before clocking in. These are required before entering the floor. Your safety vests to help visibility for vans and others, hair above shoulders, comfortable shoes, name badge, gloves in order to properly handle packages and extensive stretching before starting. As an Amazon Delivery Station worker, you should be prepared for shifts that: walk/ stand the entire time, carrying packages the size of an envelope to an oversized 50-pound box throughout the shift, walking an average of 10 miles daily, and learning the different functions in the warehouse. Though this position has the same functions daily to be prepared to adapt according to the daily warehouse needs. As a DLV1 worker, your main functions are stowing packages, being a catcher, diverter, inductor, unloader, water spider, and problem solve area. The warehouse has fun activities to reward workers monthly such as providing lunch or snacks. Full-time workers receive healthcare benefits.",4.6,Warehouse Worker,careerbliss,amazon
It was a very simple job. 10 hrs a day for 5 days. Pays decent and the benefits like medical and dental were amazing. It can get stale but the people there were friendly and can make the day go faster.,3.1,Warehouse Associate,careerbliss,amazon
"Amazon is a great workplace for learning and also provides a work-life balance. I must recommend joining the organization, to those who all are willing to join.",4.4,Anonymous Employee,careerbliss,amazon
"I’ve previously led teams for Operations and Logistics Recruiting for Amazon. My focus was to work as an innovative and results-oriented manager with over 19 years of leadership experience in global business management, logistics, and people operations. I am enthusiastic and collaborative with demonstrated success in building cross-functional teams in dynamic environments, with measured effectiveness in management of strategy planning, talent, branding and operational excellence.

Range of industry experience:

Specific expertise in recruiting ""digitally-oriented"" Executives for public consumer Internet companies. 

Turnaround talent acquisition expertise within the Digital Advertising Industry, from building and scaling company-wide recruitment strategies at the Executive and Staffing levels, to attracting top talent to help re-engineer companies.

I have extensive recruitment team management experience across multiple industries (Operations, Advertising, Retail, Online Retail and Public Relations).  I have also held sales staffing leadership roles at top-tier companies such as Amazon, Nordstrom, Washington Mutual and Microsoft. 

I’m proud to have worked to help open up emerging markets International Recruitment & Strategy experience (Europe, Canada, China, India and Mexico), which ranges from organizational design to resource implementation to project management of recruitment models.",4.5,Anonymous Employee,careerbliss,amazon
"I worked at Amazon from 2015 to 2019. It is a tough environment with constant pressure to perform and improve. Not a place for the faint of heart. However, I also worked with some of the most advanced technology and the most brilliant people I have ever met. The compensation is good, but the hours required are long. 70+ hours per week are not atypical for a Senior Operations Manager.",4.1,Anonymous Employee,careerbliss,amazon
"I work for Amazon at a local sorting warehouse and have found the job very vigerous, yet a great workout! I have met some amazing people and find that this posistion is ever changing which is great for me. I would recommend Amazon and the local warehouses for part time work as they are currently paying the highest part time hourly at $15 an hour. I have very much enjoyed my time with Amazon.",3.8,Anonymous Employee,careerbliss,amazon
"Awesome company, great learning environment and always collaborating while having many fun experiences all across global teams! If you like adventure then this is the place for you! There is never a dull moment and you will always be challenged in a good way!",5,Anonymous Employee,careerbliss,amazon
"Great company! Very supportive environment with many opportunities to grow within the organization. 

All ideas are heard and appreciated and there certainly seems to be opposition towards simply maintaining the status quo.",4.8,Anonymous Employee,careerbliss,amazon
"I've worked for Amazon since 2014, and it has been amazing. My time there has been nothing short of a great learning experience, and I have become a better leader all while growing other leaders. Working with such a diverse team has taught me a lot about management and made me more global as a leader.",4.6,Senior Operations Manager,careerbliss,amazon
Good place to work. Enjoyed coming to work.,5,Anonymous Employee,careerbliss,amazon
"Horribly unorganized. Fired good hard working people before contract was up while hiring more drivers. Managers are very petty, hardhearted, & underqualified -- amazon hires youth over experience and work efficiency.  Stoic & operates under *pass-the-buck tactics. Many have injured themselves (dogbites, falls) & were dismissed or sent to co-docs & mistreated.",3,Delivery Associate,careerbliss,amazon
"Innovative, peculiar, lightning fast, full of brilliant and driven people. Every day is a new challenge.",3.9,Anonymous Employee,careerbliss,amazon
"Pro : amazing teammates, good resource, exciting tech stack
Con: Management is not transparent, bad work-life balance.",4,Anonymous Employee,careerbliss,amazon
great company alkddjd lakjdj lkjd lkajdkj dlkjla . ldjkjl ladkjlkjkdjlajdljdljfad;lkfjd;lkjlkd/ dljadlkj;lkdjkljd;laj/aldj;j/ lajdlkjdkljkladjfklajdlkjd;lkjadlkfjdlkjldkfjad;lkfja;ldjfa;ldkjfalksdjfalkdjfkaldsjflkadjalkjfldkjf;adlskfj;ldkfjalksfjasdlkfja;ldkjdlkfjalkdfjasl;dfkjas;lkfjalksdjfdklfja;lskfjdl;kfj;djf;ajf;,4.3,EHS Specialist,careerbliss,amazon
Working here is very fast paced and this helps you to learn faster and to be agile.,4.8,Anonymous Employee,careerbliss,amazon
Exceptionally challenging but rewarding so long as pace does not overwhelm you.  Amazon's corporate offices are well laid out as one would expect from a nearly trillion dollar company.  Career growth is entirely in your hands but can be rewarding to some who take the wheel and make the best of the opportunity.,4.4,Anonymous Employee,careerbliss,amazon
"Amazon will pay you a lot of money, but will also treat you like a pile of garbage. Amazon employees have almost no rights as far as their job is concerned.",3,Anonymous Employee,careerbliss,amazon
"Fast-paced business that requires employees to think fast, and work fast. Low paying job with expensive benefits offered. It was a fun work environment, and the colleagues I met during this time helped make the job better.",3.5,Anonymous Employee,careerbliss,amazon
"Sorry, i'm not going to review just because you try to force me to.
I'm not sure what you are thinking here.",3,Anonymous Employee,careerbliss,amazon
I've been working at Amazon for last 1.8 years as Senior iOS Engineer in Neighbors by Ring  team.,3.5,Senior Software Engineer,careerbliss,amazon
"The company is good, and the culture is interesting.",5,Anonymous Employee,careerbliss,amazon
"I am pleased to submit my resume for the Management position with your organization. Given my background and training in a variety of different leadership roles, I feel I am in a great position to make a significant contribution to your business. I excel at aligning with changing trends and priorities, understanding user needs, and contributing to big-picture objectives.",4.6,Anonymous Employee,careerbliss,amazon
This summer I worked as a SDE intern at Amazon Lab126. I collaborated with several engineers on an embedded system software. The engineers around me were really smart and helpful. I improved my techical and communication skills a lot.,4.4,SDE Intern,careerbliss,amazon
"Throughout my time at Amazon, I was treated with integrity. The management was concerned with everyone's success and pushed for continuous growth. For an intern, the workload given was difficult, but rewarding when delivering results.",4.8,Anonymous Employee,careerbliss,amazon
"Great Company to work for, Amazon has opportunities to improve.",4.4,Anonymous Employee,careerbliss,amazon
I would prefer not to enter this information.,3,Anonymous Employee,careerbliss,amazon
I worked at Amazon since past 18 months. I found it quite challenging. Compensation is good but the low size is that vacation policy is not great.,3.5,Anonymous Employee,careerbliss,amazon
"I have worked for Amazon for 8 years, I enjoyed my time as a Photo Associate. Sad to say that on November 31st will be our last day in such a wonderful out going fun studio, due to a decision made to close down multiple studios including the one I worked In. working for Amazon was a wonderful fun experience.",5,Operations Associate,careerbliss,amazon
I've been working for AWS for over 2 years and I find it a nice proving ground to develop cloud skills and peek behind the curtain at AWS services.  I would recommend anyone looking to ramp quickly in the blossoming cloud frontier to take the opportunity to train and contribute with AWS.,3.5,Solutions Architect,careerbliss,amazon
I worked hard and give in my best and Amazon offers a good range of benefits for staff members.,3.9,Anonymous Employee,careerbliss,amazon
"Currently working for one of the biggest E-Commerce Entities in the world . 
I’ve found that the company is very customer centric and revolves their company culture around that same motto. I would like to see more divers change and work life balance . However the efforts are diluted when it comes to every customer if the business. Employees need growth, guidance , development, and empathetic Management members who align with their needs as well as the business .",3.8,Anonymous Employee,careerbliss,amazon
"The company is great for the most part, but it does lack in communication a lot of the times. They need managers to work weekend night and day instead of one for week nights and 4 for the week days.",3.5,Anonymous Employee,careerbliss,amazon
I've worked for Amazon for the past year. Good environment. Average pay. Not much room for a career growth. It's all depend on what you're looking for. Many good people working there.,4,Anonymous Employee,careerbliss,amazon
Good place to work if you are just starting in controls.,3.8,Systems Lead,careerbliss,amazon
"• Identify and inform management of compliance issues & improvement opportunities through the conduct of daily, weekly, and monthly audits
• Maintain required paperwork to comply with Amazon and OSHA regulations
• Perform safety observations and audits
• Train and assist Area Managers, Operation Managers, and safety team members to complete their safety responsibilities such as audits, follow safety rules etc.
• Perform specific safety training as required by the Safety Manager
• Facilitate incident investigation process
• Enter Safety Incident Information in internal database in a timely manner
• Participate in process improvement activities and manage actions to completion",5,EHS Specialist,careerbliss,amazon
"I've worked as an SDE intern at Amazon developing a new feature to fetch customer reviews for a product and decorate it with Product details on the Amazon assistant mobile app. It was a fascinating experience creating the design doc, API routes and working on new technologies.",5,SDE Intern,careerbliss,amazon
"High turnover position. Over-use same employees. Leadership demand more and more from associates. Low morality. Hard to transfer, move up within different categories of Amazon. Antagonizing demeanor from leadership to associates.",2.8,Fulfillment Specialist,careerbliss,amazon
"I interned at Amazon and now I am in my second year at Darden. My internship experience was amazing, learned a lot from the 10 weeks I spent at Amazon",4.4,Anonymous Employee,careerbliss,amazon
"Great work environment 
Awesome colleagues 
Manager can be more supportive",3.6,Anonymous Employee,careerbliss,amazon
"Nice company if you like the corporate culture. 

There are great opportunities to learn new things and acquire new skills. You can have access to the latest trends in technology, which is always a plus. 

The downside is that in my opinion politics too often gets in the way of productivity.",4,Anonymous Employee,careerbliss,amazon
Unorganized. Good pay. Simple work. Not bad if you like warehouse environment.,3.6,Anonymous Employee,careerbliss,amazon
Your experience will be what you make of the opportunity. While working here I learned a lot and expanded my professional horizons.,4,Anonymous Employee,careerbliss,amazon
aaaaaaaaaaaaaaaaaaaaaaaaa,4,Anonymous Employee,careerbliss,amazon
Good company to work with,4.4,Independent Contractor,careerbliss,amazon
I've worked with Integrated compliance consultants for twenty years.  I'm the owner of the company.  I get to work with a lot of great people.  Lots of fun.,5,Principal Lead,careerbliss,amazon
Working at Amazon EU Sarl was a great experience overall. I was working with the EU Expansion team and more specifically in the launch of Amazon Turkey. The company culture was great overall and I had the opportunity to meet great people. Everyone was willing to help me learn faster and succeed in my role.,4.1,Anonymous Employee,careerbliss,amazon
I have worked for amazon almost 3years i just cant lie about anything. I am a manager and i am working with idiots. I feel like i can do better in my life in any other company. My relationship with each and every manager is awesome. Life style amazing 10 out of 10. Co workers sweet innocent. Thats all i can think about,5,Anonymous Employee,careerbliss,amazon
"The company is great, I have a good, supervisor, however there were things i will not agree about. Overall, the job was good!",3.4,Anonymous Employee,careerbliss,amazon
Amazon was an excellent place to intern at.,4.8,Anonymous Employee,careerbliss,amazon
"Strategic and analytical finance professional with ten years of success in financial reporting, analysis, and project management. Effectively and congenially communicates with people from all cultural, educational and socio-economic backgrounds to achieve objectives. Accomplished and result-oriented professional who consistently meets deadlines and increases company revenue. Highly skilled at increasing productivity through detailed cost analysis using statistical methods to locate patterns. Thrives in high-pressure environments. Excellent financial reporting, budgeting, management, and team building skills.
Authorized to work in the US for any employer.",4.9,Anonymous Employee,careerbliss,amazon
Interesting projects but depressing culture,3,Anonymous Employee,careerbliss,amazon
I worked at Amazon for about two years and thoroughly enjoyed my time there. I learned a lot and worked with some of the smartest people in the country. Working at amazon allowed me to gain experience developing web applications that must work at the highest scale.,4.1,Software Development Engineer in Test,careerbliss,amazon
Great company to work for. I love the experiences as I work with my team to solve challenging problems every day.,4.9,Anonymous Employee,careerbliss,amazon
I've worked for Amazon as a summer intern and my experience for the internship duration was amazing. It was quite astonishing and wonderful learning experience that any individual will expect in the early stages of career.,4.9,Anonymous Employee,careerbliss,amazon
"If you are willing to work, and work hard, then Amazon is the place for you. Amazon will ask not 100% of you every day, they will ask 120% of your ability. Work life balance is a struggle to find due to long hours even though it's 4 days a week. I worked 12-14 hours my first 2 years with Amazon.",3,Anonymous Employee,careerbliss,amazon
"I've worked with Amazon for 4 years now, I'm currently a data analyst with them but I held several jobs with them. They are a great company to work for; as you know Amazon is a big company that is always growing.",4.6,Anonymous Employee,careerbliss,amazon
"I worked for Amazon fulfillment for 3 years. Halfway through those three years, they changed the rate of pay (making my raises for tenure null), dissolved several positions of possible growth, and fired people for little to no reason. On the bright side, it paid well.",3.5,Anonymous Employee,careerbliss,amazon
......................................,4.8,Anonymous Employee,careerbliss,amazon
"I have worked for Amazon since 2014. I truly have found it to be a great and huge company with such great opportunities,ethical values, and emphasis on customer retention as even actually being the biggest online business.
Amazon employs over 647,500 all over the World.",5,Anonymous Employee,careerbliss,amazon
"tedious at the beginning but after 1,000 hits the work start to become worth while and can easily make atleast $100 weekly",3.5,Online Employee,careerbliss,amazon
"I have worked for Amazon since 2019. There are 20 members in our group. During my internship, all the full-time employee helped me solve some technical problems.",5,Anonymous Employee,careerbliss,amazon
I have worked in Amazon 2 years and 2 months. Amazon is very dynamic company working on new technology such machine learning and quantum computing which helped to be update with new technologies.,4.4,Principal Reliability Engineer,careerbliss,amazon
its a good company for doing job as a business inteligence engineer,5,Anonymous Employee,careerbliss,amazon
"I've worked for Amazon since 2018, specializing in demand forecasting. I love the Amazon environment that encourages people to move fast and bias for action.",4,Anonymous Employee,careerbliss,amazon
Amazon is a place where people can learn a lot and do something interested.,4.5,Anonymous Employee,careerbliss,amazon
Fast-paced culture helped me learn on pace.,4.1,Software Developer Intern,careerbliss,amazon
I enjoyed working for amazon. It has provided me with a foundation to build upon. If you are willing to work and stand out from the rest then you will have every opportunity to advance your skills and further your knowledge. I was given a once in a lifetime opportunity at amazon being that I had no prior experince and I have made the best of the it.,5,Anonymous Employee,careerbliss,amazon
Fast paced and lots to do.  But forget it if you ever want to celebrate Christmas or Thanksgiving with your loved ones.,3.5,Maintenance Area Manager,careerbliss,amazon
Amazing company with smart leadership and a great culture; you won’t lose.,4.9,Operations Manager,careerbliss,amazon
"Great place for data driven and focused professionals who love a collaborative yet independent work culture. A great place for self starters to show initiative and motivation. A modern, cutting edge, professional yet relaxing and authentic pet friendly workspace.",4.9,Senior Product Manager,careerbliss,amazon
Exciting at first. New startup division specializing in IoT integration. Empty promises about growth and company vehicles. Would not recommend.,3.3,Anonymous Employee,careerbliss,amazon
Not bad. Have lots of challenging problems to solve.,3.4,Anonymous Employee,careerbliss,amazon
"I started working for Amazon in December of 2016.  My division specializes in integrating IoT devices for consumers and our commercial partners.  The amount of driving unreasonable.  Upon hire, us technicians were told we would have company vehicles. Three years later, nothing. Over 450mi a week.  Unfortunately it seems there is no career path or growth once becoming a Sr Field Tech.  Amazon aims to be very frugal. So frugal that it takes away from the good experiences of their employees.",3.4,Senior Field Technician,careerbliss,amazon
"I have worked for Amazon since September of 2013. They are very good with driving you to do better, not only as an employee but as a person overall.",4.3,Anonymous Employee,careerbliss,amazon
"The work in Amazon is good and Amazon has mature workflow to implement information security. The benefits is also ok but because it's mature, you need to find a chance to make impact.",4.8,Anonymous Employee,careerbliss,amazon
"I've worked for Amazon for 14 months, with a big push on the leadership principle of Customer Obsession, Amazon uses that to drive them in all directions.  Unfortunately though the company has made some decisions from the leadership prospective that has caused strain within the company, making jobs more difficult day to day.",2.5,Anonymous Employee,careerbliss,amazon
"The position is a great place to learn the logistics of a large corporation. The Delivery Driver position is essential to the gears of what Amazon is, a delivery, merchandise, and customer service company. The job itself is mostly isolated from other workers, which teaches essentially the power of working in a self motivated environment. This can be exceptionally transferable when working in an office setting that requires paperwork to fulfill day duties.",4.8,Anonymous Employee,careerbliss,amazon
"Stressful
Low Pay
No Growth
Temporary
Grueling Work",1.8,Associate,careerbliss,amazon
"Long hours, repetitious work, but pay is ok when you add benefits.",3.6,Warehouse Associate,careerbliss,amazon
"Work Hard, Have Fun, Make History.",4.3,Anonymous Employee,careerbliss,amazon
"I worked as an Area Manager Intern for a fulfillment center in Houston for Amazon. The work environment promoted a great learning experience for all involved, as well as many opportunities to be a part of a great team that drives continuous improvement. They were customer obsessed to their core.",2.8,Anonymous Employee,careerbliss,amazon
"You'll never work harder than working for Amazon. It will challenge you in both the best, and worst ways. Spent nearly five years at the company and dysfunction and chaos is rampant from the top down.",3,Anonymous Employee,careerbliss,amazon
Good. Everyone should check it out.,5,Delivery Driver,careerbliss,amazon
"At Amazon, everything we do is for our customer! That’s why we are the most customer centric company in the world! Our customer obsession has led us from selling books in 1999 to selling everything from A to Z.",2.3,Anonymous Employee,careerbliss,amazon
"Great company to work for , great benefits and unlimited training aids, highly recommended! , good working environment! Safety is first priority! Good Salaries! , Lot of planning ahead of time, you can plan your career. Nice relationship with supervisors. Overall great experience!",5,Senior Maintenance Manager,careerbliss,amazon
it's a great place to work,5,Anonymous Employee,careerbliss,amazon
Good company to work for and I recommend it to others.,4.3,Anonymous Employee,careerbliss,amazon
"I have worked for Amazon for over 5 years and I like the idea behind the company, which is its motto: building the earth's most customer-centric company.",5,Anonymous Employee,careerbliss,amazon
"Amazon is a great place to work, and you have the opportunity to showcase your skills. However, the knowledge repository available to self ramp-up is not sufficient considering the aggressive schedule we have at Amazon. Also, managers need to be more receptive to feedback.",3.6,Anonymous Employee,careerbliss,amazon
"I worked with Amazon since 2012. The work-life balance can be difficult to adjust as the responsibilities are many. What makes it tough to adjust is the lack of willingness among managers to do their part to contribute to the operation. If more managers were held accountable, this issue might be resolved",3.4,Shift Manager,careerbliss,amazon
The team I worked on was very startup-like. We were developing a new eCommerce site service. My coworkers were talented and management was good.,4,Software Development Engineer,careerbliss,amazon
I have been working at Amazon for a couple of months it’s a pretty good job for a warehouse and especially what they pay.,4.8,Warehouse Technician,careerbliss,amazon
"Discriminatory environment.

When you give feedback to your managers they retaliate.

Exhausting working hours=. No recognition. Nothing like what's shown or said on social media. The $15/hour promise to employees is just a way to promote the brand. When signing with them, make sure you meticulously read through their benefits package. The 401k is a joke. Everything is done to deter employees from complaining. They have an inside procedure of hearing employees' complaints that is totally biased. If you want to stay there, please avoid challenging your boss. They ask you to sign documents preventing you from talking about the way they mistreat employees. It will take a while for people to understand that, among the top companies in the US, this company operates in such a way that no employee can touch it.",1,Anonymous Employee,careerbliss,amazon
"Fulfilment Companies Need to be Unionized they really do.   Waiting for my other job to begin full time I thought heck I have a couple of weeks lets get a job working in amazon fulfilment it will also provide me with a glimpse into  the nuts and bolts of that business.  What I was about to discover is shocking.
First there isn’t anyone working at Amazon Milton  fulfillment who isn’t looking for another job, not one person there is happy, not one..as others have said and I have to agree if you are desperate take it for a bit then get out as soon as you can.  Long term or oldies have worked a year maybe a year and a half at most and for those who have suffered that long they get this blue vest with AMBASSADOR written on it,  in sum it means nothing...  the high turnover of workers in the warehouse positions is typical considering they are paid penny’s above minimum wage for physically demanding hard labor work. Luckily there are all kinds of benefits “SAID NO ONE” ; heck Jeff Bezos doesn’t even have free coffee for the staff.  You can’t pander to the share holders by treating your workers with common decency and respect.     I personally witnessed the Operations Manager spew the BullSh*t of safety and concern for their employees then turn around and bully employees to meet unattainable goals, and take risks to meet those goals.  One person was being yelled at for being too slow literally 2 hours and 48 minutes into the first day that they were on their own it was their 4th day  working there.   
Its obvious that a management hiring bias is for Indian ethnicity (in Canada) many of which are new immigrants,  as many others have said and I would agree “Great place to work while you look for a job.”   Any perks kick in after 2-5yrs (like stocks and matching RRSP) and so far I haven’t met anyone there…. manager or worker who has been there for 2 years...its that bad.",1.5,Anonymous Employee,careerbliss,amazon
I've worked for Amazon since 2012. This is the company you need to avoid. They treat people with absolute no respect. Office politics everywhere,1.3,Anonymous Employee,careerbliss,amazon
While compensation is rather good here at Amazon due to an appreciating stock price the workplace culture is especially terrible. This is because the company does not truly value it's employees and due to this the attrition in the first 1-2 years is very high which in turn compounds the difficulty in growing your career with amazon and building equity internally as those with which you would do so often have moved on the another department or more often employer.,2,Anonymous Employee,careerbliss,amazon
Good company for start. Good company for start.,4,Anonymous Employee,careerbliss,amazon
"This is a great place. Work environment is good. Cafeteria is excellent. Wash rooms are clean. Training was good. Co-workers were excellent. I left because it was a part time job and I want a full time. Bus service from Philadelphia to New Jersey in this location is not good. Weekends SEPTA has no service in that location at noon time. If SEPTA Bus had more frequent service in Logan Township area in NJ, I could stay with Amazon till now.",4.8,Anonymous Employee,careerbliss,amazon
"I was recently wrongfully terminated on Friday, January 12, 2018 at the Windsor, Connecticut Amazon Fulfillment Center due to poor productivity which was not my fault. Management would often acknowledge bad freight and I was often given larger products, which was very hard to stow in very pack pods that would often be packed to the max, and the water spiders who gave out the workload would often play favoritism by dividing up the workload unequally and giving their friends or those they are close to all the best mixture of products that made stowing all the more easier to stow. 

There were times I seen water spiders who stowed pick and choose which products to stow from management and management would oblige their requests.

When I was hired back in October - direct hire, I honestly thought this job would be secure with advancement in career but as I worked and received two write-ups for low productivity which was not my fault during peak, due to them having really bad freight PLUS a bad mixture of products to be stowed that took even longer, affecting my rates, and when I asked or told management about this - management would often reassure me that this would not affect my job status or productivity for the week, and in the end I would end up getting written up due to bad productivity. 

Management was quick to write me up for poor productivity and blame me for low rates or low productivity when in truth it was not even my fault - they would often say one thing reassuring me that my job would not be jeopardize and next day I get written up for the very thing I was worried about - low rates and low productivity for something that was clearly out of my control and related to them, not me (i.e. bad freight, bad mixture of products which was the water spiders fault, etc.) - things that were not even in my own control nor my own fault.",3,Stower,careerbliss,amazon
"I work specifically for the Prime Now program at Amazon, as a fulfillment associate. It's miserable. They lure you in with promises of an open work-schedule with plenty of shifts, to let you work around any other jobs. In practice, all the shifts go to those with the fastest computers, and this is exacerbated by an internal program in which those who already get lots of shifts get early access and free pick of the shifts before anyone else, ensuring that they'll remain on top of the pile forever. 
If you get unlucky and can't get any shifts that mesh with your schedule for a while, be prepared to start getting warning emails that are frankly kind of ominous and threatening, saying that if you don't respond and somehow reorganize your schedule and take shifts to meet their quota within a very few days, you'll be automatically fired. I got temporarily terminated despite working enough hours to fill the quota, thanks to the automation, had to fight tooth and claw to get back in, and then because it took me so much time to get reinstated...  they almost immediately started emailing me again threatening to terminate me. 

The warehouses are kind of a catastrophe - poorly organized, outdated jokey ""morale builder"" posters on the walls, and a strong smell of mold in some places. They're difficult to navigate even WITH the scanner you use to pick or stow, and when standards-of-practice change, they won't work with you to train you on the new methodology, so you just have to turn to your fellow employees for help and bumble through. 
HR is slow to respond when you need help with something, and are the ones responsible for the threatening and unhelpful warning emails anyway, so it's kind of self-defeating, trying to reach out to them. 
And last but not least, the CEO is an egotist, buying half the town and turning it into his playground for weird quirky architectural media-coverage magnets. I know they treat the higher-ups better, but if you're offered a fulfillment job... run.",1.8,Anonymous Employee,careerbliss,amazon
"The site was not organized, nor did it have the necessary tools to remove barriers that slow production.There is a big turnaround in associates and management, which led to problems in quality, production and decision making, due to inexperienced new people filling the vacant roles. It took a long time for necessary change to take place.",2.4,Anonymous Employee,careerbliss,amazon
"Great place to work, friendly staff.",5,Warehouse Associate,careerbliss,amazon
"After working the sh-- out of me for six months, they decided to terminate me based upon a 26 year old background check.",1,Warehouse Associate,careerbliss,amazon
"I worked at Amazon for 4 years, ending in January 2016. I enjoyed working with many smart and highly driven people, however the management structure and team likes to burn people out. It is no secret, you need to be wiling to give up a significant portion of your personal life (ie: No Work-Life balance) to be successful at Amazon. They often manage people out if they are not working enough.",3.3,Anonymous Employee,careerbliss,amazon
"I've worked for this call center for about three months now, and I have to say it is one of the most positive environments I've ever worked in.  Everyone here is so helpful and fun to be around. The work itself can get a little stressful but that comes with any job. The work can also be rewarding.  Ultimately I'm really happy with where I work.",4.8,Logistic Associate,careerbliss,amazon
,4.3,Intern,careerbliss,amazon
I worked for Amazon for almost 9 years if you add the 2 contract positions I had prior to be hired as a regular employee for 7 years. They are a great company though the balance of work and personal life is skewed heavily in favor of work.,4,Anonymous Employee,careerbliss,amazon
"Amazon provides an opportunity to work with some of the best and brightest engineers in the world.  The environment is massive and there's no such thing as a boring problem.

The down sides come mostly from company culture: frugality will limit the equipment you are issued to do your job to an underpowered laptop and a low end monitor.  Most managers I have worked with value and respect their employees up until annual review time when all employees are ""stack ranked"" and forced into bell curves by job class and level.",3.8,Anonymous Employee,careerbliss,amazon
Really enjoyed summer at Seattle. Amazon is a great company to work with. I had learned a lot from my mentor and co-workers.,3.8,Anonymous Employee,careerbliss,amazon
Good company and good team.,4,Anonymous Employee,careerbliss,amazon
"No training for the CSS position or internal working of an amazon FC at all. There was no communications from the Facilities Manager on expectations, duties or direction. I was very disappointed with the position of CSS at Amazon. I liked it but I had no one to lean on and no training. Then they said I wasn't qualified, even when I completed every task they asked of me. I was never addressed on any performance issues in 4.5 months. Found out through text message on my day off that my contract would not be extended.",2.1,Control Systems Specialist,careerbliss,amazon
"A huge company present on all continents. They use cutting edge equipment procured mostly from Cisco, Citrix, Juniper. They have a retail website network, a border network and a cloud computing network. They offer a lot of advantages to grow professionally and the pay is relatively amazing. Amazon functions on the base of a a 14 core values that they believe is customer-centric.",4.8,Anonymous Employee,careerbliss,amazon
I found it to be a strong culture. Numbers driven. Not very fun.,2.4,Software Development Manager,careerbliss,amazon
It's a good company. Kind of warehouse.,4.1,Data and Report Analyst,careerbliss,amazon
"There are a ton of really smart people at Amazon, and they do great things. If they need something that doesn't exist, they build it, turn it into a service and market it.",3.6,Software Development Manager,careerbliss,amazon
You can learn stuff fast and remain cutting edge.,3,Anonymous Employee,careerbliss,amazon
"I've worked here twice. It's an intense environment, but gives you a lot of ownership of your projects. My main complaint would be that you are treated like a number, I saw far too many people lose their jobs without advance notice as soon as the company decides to cut costs.",4.9,Anonymous Employee,careerbliss,amazon
Great company to work with as an independent contractor.,5,Anonymous Employee,careerbliss,amazon
"Good place to work,  but hard work.",4,Anonymous Employee,careerbliss,amazon
The TRMS department at Amazon is not a place I have enjoyed or would recommend working at. There is little room for career advancement and the micromanagement is extreme.,1.3,Anonymous Employee,careerbliss,amazon
"I have only worked for Amazon for short while. However, I have already experienced the good and the bad reputation of the company. There are lots of very smart people who work there, many of them being very ambitious. I think ambition may get the better of some of the employees as they sometimes resort to making themselves look better by making others look worse. Level of experience overall is quite low because of the high turnover.",3,Software Development Manager,careerbliss,amazon
I've worked for Amazon in 2012. I found it to be a good company to work for with a lot of great people. I enjoyed my job while working there.,2.6,Senior Electrical Engineer,careerbliss,amazon
"I worked for amazon as a risk investigator for 4 months, it was a wonderful experience as i got to learn how amazon tries to keep its activity so secure and safe. I saw the possible happenings of a credit card fraud and i was in MRI which stands for merchant risk investigations.Which prevents the seller from doing a fraud to the customers.",5,Risk Investigator,careerbliss,amazon
"The people were nice to work with, but I was grossly underpaid for the work I was doing, I found my manager difficult to approach, and because everyone else on my team was as green as I was it was difficult to get help.  Lastly I was cut from my contract along with every other contractor on my team with only a weeks warning, which I might add was less than I was required to give them in the case that I wanted to leave.",2.5,Anonymous Employee,careerbliss,amazon
"Amazon has strong vision for future consumer business.  Employees at Amazon are very competitive and may be tough for new mom due to lack of work-life balance.  If you are willing to spend many hours, you will be successful.",2,Anonymous Employee,careerbliss,amazon
Amazon is the top most online retailer. It is one of the top most companies of the world.,4,Big Data Consultant,careerbliss,amazon
Great learning experience.,5,Anonymous Employee,careerbliss,amazon
"I worked for Amazon for 1 year and found the experience challenging physically but not mentally. Although, if I needed a job quickly to fill a gap in employment I would go there again.",3.3,Anonymous Employee,careerbliss,amazon
Good experience. Got to learn a lot! Manager was not good.,3.9,Anonymous Employee,careerbliss,amazon
"Doing work there for about 2 years and have enjoyed my time there, fast pace challenging and engaging the staff and management provide a smooth work environment that allowed me the chance to work and experience what its like to be apart of a team working hard to ensure products are delivered to there customers on time.",3.9,Warehouse Worker,careerbliss,amazon
"Amazon Jr IT support is a good starting place for an IT career in the corporate world.  However, you end up starting as a Tier 3, which the pay range starts at 12.00 - 15.00.  In order to move past that you must become a Sr IT.
There are a variety of Tier 3 employees and many do not have skills like the IT dept has.  Jr IT is a good stepping stone but from perspective of having a trade, it's almost insulting to be getting paid the same as someone who doesn't have a skill.",3.9,Anonymous Employee,careerbliss,amazon
"I've worked with Amazon for over 2.5 years, and overall the company is a wonderful company to work for. I have only two negative things to say: work/life balance is extremely poor compared to other companies I've worked for, and compensation is much less than equivalent roles I've had in other companies.",4.3,Anonymous Employee,careerbliss,amazon
"A good place to start and grow. Well organized as you would expect. Technology culture for software developers - there are weekly presentations, discussions, mailing lists, etc. Politics exist as in any office.",3.8,Anonymous Employee,careerbliss,amazon
"They chewed me up and spat me out when I was used up.  Do not work for them.  I was a developer, a tester, tech support, and maintenance, for one low salary.",3.3,Anonymous Employee,careerbliss,amazon
"Worked for Amazon for 2 years. Found that hardly anything in the Digital Products software org is planned. Everything is always a fire.Great that you get ownership over your own areas, but at the same time there are not enough people, and there are well embedded old-timers that are hard stuck to make change.Amazon only has about 2% of their employees in top IC roles, not a well balanced curve so you compete with everyone as the level band is also very wide. You need a number of executive level people in different disciplines to champion your promotion (not feedback from your peers or direct managers).",2.5,Anonymous Employee,careerbliss,amazon
"While working for Amazon, there's this constant pressure to work as if you are a tier above your current role.  You have to do BIG things in order to get noticed.  You will not get noticed if it doesn't also make your superiors look good.  Anyone (even superiors you trust) will stab you in the back if it makes them look good.  There's no sense of team, everyone's a ""leader"".",3,Anonymous Employee,careerbliss,amazon
"With AWS you learn a lot and are with very talented workers. Sadly, AWS does not reward its employees as good as other companies. Your salary and benefits are at par with other large companies.
We are geographically separated from the headquarters and feel that we are not involved with the AWS or don't have access to the technical resources as easily as others in the headquarters.",4,Anonymous Employee,careerbliss,amazon
"I’ve worked for Amazon phx6 warehouse since 2010. Amazon.com started as an online bookstore, but soon diversified, selling DVDs, VHSs, CDs, video and MP3 downloads/streaming, software, video games, electronics, apparel, furniture, food, toys, and jewelry.  The company was founded in 1994, spurred by what Bezos called his ""regret minimization framework"", which described his efforts to fend off any regrets for not participating sooner in the Internet business boom during that time.",3.9,Graphic Designer,careerbliss,amazon
"Amazon is a very large company, but I feel they got too large too fast in order to be the largest online company ever. The customer is the most important to thing to the company, and they should be. I also feel that that the employee's got lost along the way in all that growing.",3.3,Warehouse Associate,careerbliss,amazon
I was hired to work as an Inbound receiver in 2011. The work was enjoyable. I wasn't told we were seasonal employees until after the Christmas holiday.  When the worked slowed down they let us go. I still receive calls to work during the busy season.  I am not looking for temporary work.,3.4,Inbound Receiver,careerbliss,amazon
Amazon.com is a great company to work for and the compensation/benefit package is amazing.,4,PC Maintenance Technician,careerbliss,amazon
"This is a great place to work, but it can be difficult to move up.",4.4,Anonymous Employee,careerbliss,amazon
"I have worked with Amazon as a Tier One Support Engineer and provided support to internal teams, as well as, event management and event mitigation of brand impacting events. It was an awesome work environment, with little stress involved. However, there was little to no challenge involved, so some days just dragged on. 

Overall, I highly recommend Amazon as an employer as the career growth opportunities are limited only by your own ambition.",4.5,Systems Engineer,careerbliss,amazon
"I've been working for nearly 2 years with Amazon doing tech support and customer service. I personally have no ""issues"" with Amazon at all, it's a great place to work. My main issue is that I work from home via VPN and I have no room for advancement in IT. Due to security, IT isn't allowed unless it's onsite, and I can't move to Seattle at this time. I've spoken to my leadership about this transition and they are understanding. ",4,Technical Support Specialist,careerbliss,amazon
Amazon continues to expand rapidly and continues to innovate in the online retail space.  Overall I am very pleased with my professional experience being at Amazon.  I do caution that it can be difficult to manage a work life balance depending on the level of responsibility in your role.,3.4,Anonymous Employee,careerbliss,amazon
"Work satisfaction greatly depends on what team you end up in and what management structure is controlling it. If your team is collaborating with staff in India, you'll be expected to attend odd hour phone meetings. Altogether not very much emphasis is put on work-life balance. On the other hand, it can be great career maker to work and have worked for this company. People from all over the world come to work for Amazon, and it's fun to meet them in the common kitchen areas.",3.8,Senior Web Developer,careerbliss,amazon
It is very good company to start but not for your development in the technology field. Other than that I don't have anything to say about the company.,3.4,Anonymous Employee,careerbliss,amazon
"I just started working here and it seems ok. The work is tedious and fast paced, but not too bad. I wish the starting pay was more than 11.00 per hour.",3.1,Anonymous Employee,careerbliss,amazon
"Do not enjoy working at Amazon. ""Work hard, have fun, make history"", where the latter 2 are works in progress.",1.6,Anonymous Employee,careerbliss,amazon
I worked at PHL5 warehouse in Lewisberry for about 2 months. It was a good job for those 2 months but I couldn't see myself working there day in and day out.,3.4,Anonymous Employee,careerbliss,amazon
I've worked for Amazon.com. Since 10/12 in less than one year the entire management team has left or been let go. The company admits to the poor management issues but still continues the cycle. There is no consistency whatsoever.,2,Technical Specialist,careerbliss,amazon
"I've worked here for 2 years and while the technology is great, the management is subpar.  Very little room to grow and no direction from management makes it a very frustrating place to work.  On the plus side, your co-workers will probably be the smartest people you've ever worked with.  It's a great job but can burn you out really fast.",3.1,Anonymous Employee,careerbliss,amazon
"The organization as a whole is doing okay.  The problem lies in that there wasn't a clear mission for the team I was on.  This led to a lot of confusion and only by going over my boss's head did I get timely information. There's a ""just get it done"" mentality - it works sometimes - but not when you're giving conflicting instructions and amorphous goals.",2.6,Anonymous Employee,careerbliss,amazon
"I did an internship at Amazon during the Fall of 2013 (end of August to late December). My overall experience at Amazon is positive. I was able to learn a lot about myself and where and how I can improve in the future. However the one thing I did not like was the work itself and the support I received during my internship. During my 4 months there, I was plagued with constantly changing requirements. I had almost no support which made completing my job difficult.",3.4,Engineering Intern,careerbliss,amazon
"I've been working at Amazon for almost 1 year. Learning experience is great, is very fast pace and work/life balance is not that good. On call rotations are very stressful.",4.1,Anonymous Employee,careerbliss,amazon
"I have worked for Amazon since 2010. While they are the top online retailer in the world and have provided me much valuable experience, I think that they are still using an archaic performance review system that requires leaders to map compensation to a curve. And the workspace is extremely small considering my job level and experience. Amazon is extremely frugal especially considering their success.",3.3,Anonymous Employee,careerbliss,amazon
Good company and learning.,3.1,Anonymous Employee,careerbliss,amazon
Nice learning environment.,4,Software QA Engineer,careerbliss,amazon
It is a good pay for this type of job.,4.9,QA Engineer,careerbliss,amazon
"I enjoyed what I did. Like to create test cases, create test plan, perform regression test suite used tools.",4,Software QA Engineer,careerbliss,amazon
"The middle layer of management, from SDM to Director, has a lot of power to do whatever they wish. How you are treated at Amazon depends almost entirely on your manager. With a good manager, you'll do well. With a rotten manager, and there are a  lot of them, you'll do poorly. This includes such things as work-life balance, compensation, and advancement.Basic project management guidelines, best practices, and tenets are routinely violated. The lessons of The Mythical Man-Month are lost.",2.9,Anonymous Employee,careerbliss,amazon
"Amazon is a software, web-development company. The practices and culture fit well for software, web-development. Other technologies are a misfit - Computer Vision, Image Processing or Machine Learning. Work life balance sucks!",3,Anonymous Employee,careerbliss,amazon
"Amazon is a highly competitive atmosphere where no one seems to know what they're competing for.  There is no collective goal that everyone is working toward.  Teams seems to work in silo with no regard for the impact on tangential teams.  Compensation is terrible, and seems that all the smart people end up leaving, and only the ones willing to stay well past the point of what's rational are promoted.",2.6,Anonymous Employee,careerbliss,amazon
"Most of the time I worked remote with AMZN, but since I worked for the first 3-6 months in AMZN data center (unlike corp env.) it was SO different, and it was new to me. But slowly I got adjusted.",4.4,Anonymous Employee,careerbliss,amazon
"Workplace was not that good. Technology, work was really good. I like the place as far as work is considered. It all depends upon the team you are working with how the place looks like to you.",3.9,Anonymous Employee,careerbliss,amazon
Extremely good workplace if you get into good team!,3.8,Anonymous Employee,careerbliss,amazon
"Great company, lots of room for growth.",3,Anonymous Employee,careerbliss,amazon
I like it so much. I am proud of being a Software Engineer.,4,Senior Software Engineer,careerbliss,amazon
"In the year I have been with amazon, I have experienced too much territorialism.  Responsible parties are slow to onboard outside engineers, even within the same business group.  This makes self determination and ownership challenging at best, impossible at worst.  I was asked to push untested and even incomplete work for the sake of making a stakeholder look good.  Too much self interest in the.management team.",3,Anonymous Employee,careerbliss,amazon
"With my six month experience, I would say the environment and culture in Amazon is great.",3.8,Software Development Engineer in Test,careerbliss,amazon
Amazon is reflected by the business culture it has built.  Most engineers there agree.  It makes sense but it is not what you'd find at Google.,3.4,SDE Intern,careerbliss,amazon
I interned with Amazon over the summer. It was a great experience.,3.8,Anonymous Employee,careerbliss,amazon
"A lot of companies will say they are fast-paced, but that is a truly accurate assessment of Amazon.  You will be expected to turn around a staggering amount of work in a short amount of time.  This makes for a poor work-life balance environment.",3.5,Anonymous Employee,careerbliss,amazon
The job and the compensation is not what was discussed during the interview process.  The flexibility promised when intial talks were made are not what they seem nor is the scheduling.  The ability to move up and beyond has been blocked along the way.  Transportation is paid for though!,2,Support Engineer,careerbliss,amazon
"I love that it is a very easy job, you keep working out physically and the goals are achievable when you stay focused on task.What I do not like is the fact to be doing something different to my career, sometimes it becomes a repetitive task and do not having a real mental challenge",4.4,Warehouse Associate,careerbliss,amazon
"Great company, love the people, everyone is very friendly.",5,Software Development Engineer in Test,careerbliss,amazon
"It's been a mixed experience, there are lots of good and bads, as all companies. The cons mainly are around the work life balance and hence appreciation for extra efforts that you put. Amazon lacks that value system.",3.9,Anonymous Employee,careerbliss,amazon
"I've worked in Amazon since last year. Here I learn a lot of technical terms, which is very important for me.",5,Catalog Associate,careerbliss,amazon
It's a very nice place to work as an intern. Great collaboration with colleagues. Highly challenging and vibrant environment to work.,4.8,Engineer Intern,careerbliss,amazon
I worked for Amazon AWS during 2013 Summer. It was not a great experience.,3.1,Anonymous Employee,careerbliss,amazon
"Amazon uses a lot of custom tools to do even the most basic IT job. In that respect if you are a skilled IT person, beware, you will be unchallenged and do very little learning. The pay is competitive if you don't live in California, or near any big cities for IT. Unfortunately that is not the case and the turnover rate in IT shows this, and there appears to be no effort on Amazon's part to correct this issue. They seem content to have a revolving door of technicians.",2.8,Anonymous Employee,careerbliss,amazon
Amazon provides a lot of security but as a big company has a lot of policy and logistics in place that can hinder creativity and career growth. Other than process hindering career growth I am extremely happy here.,3.8,UX Designer,careerbliss,amazon
"I interned there so can't say much about the company, but it's a good place to get some work experience as a UG student.",2.9,Anonymous Employee,careerbliss,amazon
There is often mismanagement of all resources. It often feels like there is no improvement or you constantly are redoing the same work.,2.5,Anonymous Employee,careerbliss,amazon
The company is good. The actual work sucks. It's still just a basic warehouse... and you can't expect to do anything if you don't have a degree.,4.9,Anonymous Employee,careerbliss,amazon
"Read the internet about the HR policy before going to this place. If you like Perl, Mason and old stuff that's for you.",2.1,Anonymous Employee,careerbliss,amazon
Good company to start for and get experience.,3.6,Data Center Operations Technician,careerbliss,amazon
I have worked for Amazon.com for 8+ years and it has been a great place to work.,4.3,Anonymous Employee,careerbliss,amazon
I have worked with Amazon.com for about a year now and find it as an exciting place to work.,4,Anonymous Employee,careerbliss,amazon
"After one year spent in the AWS data center environment I can only say positive things about the experience. The management at all levels was helpful and responsive, my co-workers were all knowledgeable and friendly, and the on-the-job perks of an open schedule, light workload and company sponsored dinners put the entire thing over the top. I have heard some other teams in the area do not get the same perks, so other reviews may vary.",4.8,Anonymous Employee,careerbliss,amazon
I am paid just about right.,4,Anonymous Employee,careerbliss,amazon
It's an ok place with a lot of opportunity.,3.5,Picker,careerbliss,amazon
"Amazon.com has a very competitive atmosphere for management which can cause for a tense work environment at times. A lot of room for upward movement but there is a lot of pressure to exceed the demand of management. Deadlines don't exist because everything needs to get done yesterday. If you can't produce you don't have much time to recover because they will put you on the chopping block quick. If you can produce, consistently, then this is the place for you.",3.5,Anonymous Employee,careerbliss,amazon
I worked at Amazon in fall 2013. I had an amazing experience.,4.3,Anonymous Employee,careerbliss,amazon
"I have worked for Amazon Fulfillment since October of 2012. I believe they have a great core of values including those concerning customer orientation and leadership. However, I feel as though management can be vastly improved. I do not feel I am supported by my immediate management. Compensation is rather low for the responsibilities and duties required for my position. I do enjoy working for Amazon but I do not see myself building a strong career within the Fulfillment Center.",3.3,Warehouse Associate,careerbliss,amazon
I interned with Amazon last summer and I had a very positive experience. People around you are supportive and are willing to help. There is literally no management and developers are given a lot of freedom in terms of technology.,4.8,Software Development Engineer,careerbliss,amazon
"Great company overall, but limited growth potential in a satellite office.",4,Anonymous Employee,careerbliss,amazon
"I didn't like working at Amazon due to management and employee relations was not effective, some of the responsibilities and work ethic is not good. Employees life span is the shortest I have ever seen in working in enterprise. Employees leaving after short period of time due to over working.",2.8,Network Administrator,careerbliss,amazon
"It's a good company for newly hired people. But for experienced people, all the build process and development is a pain, since there is nothing useful to learn in those extra efforts.",4,Web Development Engineer,careerbliss,amazon
"I've been in Amazon China for 2 and a half years now. During this time, the dev team grew from several dozen to more than 500. And my team grow from 10 to 30. But the workplace is not enlarged much. So we get a very bad work environment. But on the other hand. My team mates are all very nice. And we can get resources for development easily.",4.6,Software Development Engineer,careerbliss,amazon
I worked for Amazon.com as an SDE intern and found the experience to be quite normal. From the experience I found that Amazon.com employees are stressed out and under-compensated. I would not have continued working there even if they had offered me a full time position.,3.1,SDE Intern,careerbliss,amazon
I've worked with Amazon for the last 2 years and they've treated me well. I've built great relationships with my coworkers and other people throughout the company. The job is low stress for 80% of the time because you can take personal control of your workflow. The compensation has been good.,4.4,VX Designer,careerbliss,amazon
"I loved working my team and learning about all these new technologies. Unfortunately, I never felt like a full part of the team. I also felt that sometimes my development choices weren't really respected; like my manager felt I was going in wrong direction sometimes, but he never told me that directly, nor did he let me know what the right, expected path was. Basically, there seemed to be a lot of expectations about my work that was under the surface and not communicated to me.",4.5,Software Development Intern,careerbliss,amazon
A very good company to work and praise.,4.6,Content Writer,careerbliss,amazon
"I have worked for Amazon since May 2013. Like any large company it has its quirks, but the leadership is innovative and the opportunities are great.",4.5,Senior Manager,careerbliss,amazon
"Amazon is a great company to work for. That being said, due to its entrepreneurial culture, not everyone fits the mold. In fact, most middle managers simply do not know how to motivate in a fast-paced environment to take advantage of the lack of bureaucracy. Amazon's problem is middle management. A lot of simple minded, obtuse and inexperienced middle managers that simply do not belong. However, senior management and entry level talent is remarkable, and the company will continue to innovate.",3.3,Anonymous Employee,careerbliss,amazon
I loved this place. I made many friends.,5,Software Development Engineer,careerbliss,amazon
Amazon.com is a globally recognized company and is an exciting place to work. The overall culture of the office is energetic and very conducive to working hard and playing hard. Amazon is very customer focused and also cares about its employees and strives to keep both sides motivated and happy.,4.1,Regional Marketing Executive,careerbliss,amazon
I worked for Amazon for 2 years beginning in 2008.,3.6,Area Manager,careerbliss,amazon
"All around pretty good work place and environment, need some more challenging work to do. Gets redundant after a while, I like to challenge myself and this isn't getting the job done. Also like helping others and this doesn't cut it.",4,Retoucher,careerbliss,amazon
I enjoy my work and would like better work personal life balance. :),3.3,Anonymous Employee,careerbliss,amazon
Unwilling to change schedule and overworked for the little bit of pay I was given.,3,Forklift Operator,careerbliss,amazon
"Amazon was everything I had ever dreamed of as a hobbyist who found his way into the big-time. It was a slice of pie and dreams that I had always wished for in a job; until I was dropped like a rock. Washington is an at-will state for employees but, I had absolutely no indication that I was to be terminated and I was told over the phone by my recruiter versus my boss. To say the least, I am very sad that they let me go because I was contributing a lot of changes to our main code branch.",3.7,Software Developer,careerbliss,amazon
Good. I learnt a lot and made a lot of friends. I'm in demand now.,4,Senior Software Development Engineer,careerbliss,amazon
It's a good place to work and learn. I learnt a lot. I'm experienced and highly in demand.,3,Software Development Engineering Intern,careerbliss,amazon
"I find Amazon to be a strong company to be apart of. As an intern, I was given the opportunity of ownership and responsibility equal to my peers. Although a very large company, they embodied a start up mentality and allowed room for self expression. If given the opportunity, I would recommend the experience.",4,UX Design Intern,careerbliss,amazon
"I have been with Amazon for almost 2 years. It is a great, fast paced company where you can definitely make your own decisions and affect change. It is also a place where it is difficult to manage your work life balance.",4.3,Vendor Manager,careerbliss,amazon
"I worked for Amazon as an intern during the summer of 2013. Amazon cares for their employees and has a productive work environment.Depending on the team, the hours can be overwhelming. However, as long as work is getting done, the environment is friendly and relaxed.",4,Anonymous Employee,careerbliss,amazon
I enjoyed working at Amazon immensely. I was working with a friend and we did interesting work together that I was uniquely suited for. Given the chance I'd work with her and the company again.,3.7,Anonymous Employee,careerbliss,amazon
"The company culture is very dynamic and democratic. The only thing I don't like is the utterly confusing Apollo system that they use to install code on an ancient version of RedHat that is installed as a virtual device on your computer. It can sometimes be difficult getting permission to install software that you need to do your job, but it is nowhere near as bad as what Boeing does..",4,Anonymous Employee,careerbliss,amazon
"Amazon has matured from just online retailer to a company who has some products very positively accepted by its customers. Company mostly cares for Dev's, not that much for others.",3.3,Anonymous Employee,careerbliss,amazon
It is a great place to work! I have had a wonderful time as an Area Manager and have learned much about the business and myself at the same time.,4.3,Anonymous Employee,careerbliss,amazon
There are a lot of benefits and drawbacks to this position.,3.3,Anonymous Employee,careerbliss,amazon
The onboarding process was not very good. There was not enough training or support to get on track and be successful.,2.9,Product Manager,careerbliss,amazon
"Managers should have their own judgement, to be fair please.",2.3,Software Development Engineer in Test Intern,careerbliss,amazon
Create a better description of the way the company actually works before you sign on!,2.7,Area Manager,careerbliss,amazon
I personally don't have any suggestions; they ran everything in such a good manner.,5,Forklift Driver,careerbliss,amazon
Management is very awesome here. People and managers in this company are great.,5,Test Manager,careerbliss,amazon
"Do not simply forward messages with see below written. Send out communication with the why included, and not just the what, so that area managers can communicate the value of decisions to the team uniformly.",3.3,Area Manager,careerbliss,amazon
"Get more experienced merchants, as there are too many book people bosses.",5,Senior Buyer,careerbliss,amazon
Try to get everyone to try to work together as one unit.,1.9,Packer,careerbliss,amazon
"Value employee feedback. When employees express a concern, heed it rather than work against the employee.",3.6,EDI Analyst,careerbliss,amazon
Hire more people to meet team demands. Hiring rate needs to be improved.,4.9,QA Engineer,careerbliss,amazon
I would suggest shorter shifts and more breaks for warehouse associates during high temperature weather.,4.1,Warehouse Associate,careerbliss,amazon
"Micromanage less, optimize workload better, prioritize, have more respect, and be more flexible.",3.6,Economist,careerbliss,amazon
Don't throw so many projects on at once. Work with employees to find strengths and weaknesses.,3.3,HR Assistant,careerbliss,amazon
"It's not a generous company; we lack perks, and they don't send us to neat conferences.",3.6,Senior Software Engineer,careerbliss,amazon
Things are fast-paced at Amazon. Sometimes doing things quickly just for the sake of doing them quickly does more harm than good.,3.5,Senior Recruiter,careerbliss,amazon
"There are a lot of meetings, seriously, a lot. The management should cut that down a bit.",3.6,Web Development Engineer,careerbliss,amazon
Thank you for providing the opportunity to work at this great company.,4.4,Programmer Analyst,careerbliss,amazon
Chronic understaffing is running some teams ragged. Increase headcount and support staffing as needed.,3.1,Operations Manager,careerbliss,amazon
I would suggest continuity. Management frequently changes and so do policies. Associates are typically more comfortable with stability and well-communicated changes.,3.9,IT Technician,careerbliss,amazon
They are well aware of what needs to be improved and do their very best.,3.4,Software Development Engineer in Test Intern,careerbliss,amazon
Don't lie to meet your numbers and achieve your goals.,3.3,Software Development Engineer,careerbliss,amazon
Management needs to pay more effort to handle old Joyo management style conflict.,3.7,Search Marketing Manager,careerbliss,amazon
"Because the average tenure in a role is usually less than two years, a lot of knowledge and experience gets lost in transition.",4,Marketing,careerbliss,amazon
"I disliked the poor management, lack of growth opportunities, and less business-driven projects.",3,Software Development Engineer,careerbliss,amazon
Keep which schools the management is working with in better order.,4.4,Marketing Intern,careerbliss,amazon
Ensure business needs are being met while ensuring the continued growth of your associates and product line.,3.9,Program Manager,careerbliss,amazon
I dislike the limited advancement opportunities for the DBA role. Database features used are not as much as I would like.,3.6,Oracle DBA,careerbliss,amazon
I would have the FCs more organized so that there was less down time figuring things out during the work day.,3.6,Operations Leadership Intern,careerbliss,amazon
I would have more meetings.,3.8,Public Relations Specialist,careerbliss,amazon
"Management should have better oversight of team and personnel development, and more focus on creating a collaborative workplace.",3.1,Senior Product Manager,careerbliss,amazon
Get to know your team's strengths and weaknesses. Don't leave it up to your reports to mentor and develop other team members.,4,HR Business Partner,careerbliss,amazon
I would suggest having right priorities for projects as per requirements.,3.4,Software Development Engineer,careerbliss,amazon
Continue the great work at Amazon.,5,Head PHX Developer,careerbliss,amazon
"As the owner of Amazon Processing, it was my pride and joy.",4,Senior Sales Executive,careerbliss,amazon
"Work hard, have fun, make history :).",3.4,Software Development Engineer,careerbliss,amazon
Amazon.com rocks! I wish I would have stayed.,4.9,Customer Service Specialist,careerbliss,amazon
This review is based on my experience in Campbellsville.,3.7,Area Manager,careerbliss,amazon
Amazon is a great place to work.,3.9,Software Development Engineer,careerbliss,amazon
Superbly awesome and wonderfully fulfilling.,4.2,Shipping Manager,careerbliss,amazon
I have tremendous respect for Jeff Bezos; Seattle was not for me and I missed California.,4.2,Web Editor,careerbliss,amazon
Systems and tools are holding Amazon back from truly being an ideal workplace.,3.1,Vendor Manager,careerbliss,amazon
"Overall, I like where I am but am looking for a permanent position.",4.1,Software Developer,careerbliss,amazon
My dog loved it too.,4.2,Account Manager,careerbliss,amazon
"Try focusing more on your employees and a little less on your customers. If you keep the customers happy and piss off the employees, you won't have any employees left.",2.5,Software Engineer,careerbliss,amazon
"This position is a wrong place for me as a software developer. Work is very ad-hoc and poorly organized, without clear chain of command. There's a lot of support and little new development, and no growth perspective.",3.2,Software Development Engineer in Test,careerbliss,amazon
Management should continue doing what they are doing! It works. Thank you.,4.9,Manager,careerbliss,amazon
Amazon Mortgage went out of business.,3.9,Loan Officer,careerbliss,amazon
"Seriously, what a pack of self-absorbed jerks. There's no fixing sociopathic personality disorders.",2.3,Senior Marketing Manager,careerbliss,amazon
My Amazon experience was interesting.,4.2,Merchant Services Manager,careerbliss,amazon
"Not a bad place, really.",3.5,Training Manager,careerbliss,amazon
Great experience. I learned so much.,4,Senior Web Developer,careerbliss,amazon
A rotten place to work.,1.9,Lead Technician,careerbliss,amazon
One of my favorite jobs.,3.8,Systems Engineer,careerbliss,amazon
"Amazon is a great place to work, but I want a career in games and entertainment.",3.9,Technical Support Representative,careerbliss,amazon
Work very hard; play hard.,4,HR Assistant,careerbliss,amazon
I really enjoyed working at Amazon.,4,Vendor Manager,careerbliss,amazon
