text,satisfaction,job_level,date,platform,source
Amazon definitely had its pros but unfortunately the cons in my experience have out weighted those pros many times. They don’t have a good system to really support their employees all they truly care about is money and their product rates. Regardless of what employees are going through they have the tendency to be very selfish.,Neither satisfied nor unsatisfied,Mid-Level,2025-04-18T17:00:35.857677-04:00,inhersight,amazon
"The company uses contractors to run the facility and of course the company uses third party companies that don’t pay , skim, pay, and hire people to run them in circles for entertainment.",Unsatisfied,Early Career,2025-04-06T16:05:18.946891-04:00,inhersight,amazon
Working half the week is fabulous.  You have a so many points and hours before you can hang yourselves.  The insurance is reasonable and other perks to work with.,Anonymous,Mid-Level,2025-03-15T18:28:48.256960-04:00,inhersight,amazon
"Management is absolutely horrible, mainly because they never have compassion for the associates who work very hard every day, and offer no remorse or understanding for our positions. Managers don’t care enough to make any changes for anything that actually matters, and solely base their problem solving skills on the fit of their budgeting. In my 4 years of working at this facility, the only reason I stay is for the pay.",Very unsatisfied,Mid-Level,2025-02-12T21:57:16.631178-05:00,inhersight,amazon
Amazon was a great company to work for!,Very satisfied,Early Career,2025-02-12T02:27:47.679430-05:00,inhersight,amazon
I feel like I should have atleast had the chance to grow with the company. I feel like if your a white badge you get treated differently,Unsatisfied,Early Career,2025-01-11T06:42:39.090101-05:00,inhersight,amazon
You are just a number.  It's horrible.,Very unsatisfied,Early Career,2024-11-19T12:16:28.738620-05:00,inhersight,amazon
"Low pay for taking abusive calls all day long, back to back, while expected to have after call time below a minute.",Very unsatisfied,Early Career,2024-09-30T22:28:41.169450-04:00,inhersight,amazon
I feel that have been treating me differently once I returned from maternity leave.,Very unsatisfied,Early Career,2024-09-24T18:36:23.446864-04:00,inhersight,amazon
Worst job ever,Very satisfied,Early Career,2024-08-26T12:26:28.940688-04:00,inhersight,amazon
"Liars is what I think of when I think of Amazon working as a shopper was not as they advertised. we were treated like a number constantly being used against each other offering incentives if we went faster, but at the same time telling us to be safe because it was during Covid. 

After they told us that they would bring us over to the Whole Foods side. Our first day we were let go, by cutting access through our badges.",Unsatisfied,Mid-Level,2024-07-15T18:59:06.607269-04:00,inhersight,amazon
"The process of employee clock in and out and/or time off request was terrible. There were many errors and no actual human to correct. As trivial as that might sound, it was frustrating how they worked the point system and getting hours correctly was another issue you always had to be on top of. Parking was a Nightmare though other than those complaints, I loved it. My coworkers were great, helpful and for the most part everyone gave 100%, which allowed for a smoother overall process.",Unsatisfied,Mid-Level,2024-06-25T22:11:51.743915-04:00,inhersight,amazon
"There is way to much favoritism, they only promote if your in a click or popular group of people, the pay is not worth the hell you have to put up with",Very unsatisfied,Mid-Level,2024-04-10T09:24:44.278726-04:00,inhersight,amazon
"Training, Mentorship lacking",Unsatisfied,Mid-Level,2024-04-01T11:43:11.593892-04:00,inhersight,amazon
"As a late career switcher to tech, I had an amazing experience as a remote SDE I with a very supportive manager and team who were invested in my career development.",Satisfied,Early Career,2024-03-18T14:57:09.966887-04:00,inhersight,amazon
I would never consider working there again.,Very unsatisfied,Early Career,2024-03-14T12:13:01.840361-04:00,inhersight,amazon
I really liked working there.,Very satisfied,Senior-Level,2024-02-29T16:46:38.886420-05:00,inhersight,amazon
"This job is highly dependent on your individual leadership and not a one size fits all. Some leaders prioritize family, health, time off. Others will call you on vacations, and not understand why you're logging off to have family dinner. My personal boundaries were not respected often, however I have heard others who have had good experiences.",Unsatisfied,Mid-Level,2024-02-08T13:25:46.796268-05:00,inhersight,amazon
They get so wrapped up in saying read the SOP that they forget people learn different and sometimes need a human touch.,Neither satisfied nor unsatisfied,Mid-Level,2024-02-06T19:06:05.824877-05:00,inhersight,amazon
It was a very unfulling experience,Unsatisfied,Mid-Level,2024-01-19T04:42:32.192787-05:00,inhersight,amazon
Quick and reasonable,Satisfied,Early Career,2023-11-07T21:12:45.339107-05:00,inhersight,amazon
"If you find a team that's a good fit for you, Amazon is a great place.",Satisfied,Senior-Level,2023-11-06T00:55:00.946902-05:00,inhersight,amazon
"I really enjoyed my first internship with Amazon as an SDE intern. I grew, learned and accomplished goals that I never knew I was going to achieve after my freshman year in college. Being able to work in the corporate world is life-changing! I can't wait to return to my next internship!",Very satisfied,Early Career,2023-10-25T18:58:09.601454-04:00,inhersight,amazon
"Amazon is a cool place to work if you work hard and keep your head down. If you're looking for anything other than a paycheck and good drinking water, then look else where.",Neither satisfied nor unsatisfied,Early Career,2023-09-07T11:09:03.686070-04:00,inhersight,amazon
When at working at Amazon there were really get managers that took the time that was needed to help you grow. Then they started hiring managers that had just graduated from college and did not know how too. They were not bad just still trying to figure out how to be managers themselves.,Satisfied,Mid-Level,2023-08-17T15:41:26.551364-04:00,inhersight,amazon
"Amazon is good but bad also. There some very good people I worked with and some are just totally off. Benefits are good, but as far as the recognition of hard work and promotions that’s more like a picky part. You gotta be really known in order to be offered something good.",Neither satisfied nor unsatisfied,Mid-Level,2023-08-11T18:17:29.317159-04:00,inhersight,amazon
The great thing about Amazon is that they will literally hire anyone without discrimination of any sort. The downfall to that is being overworked in an environment that simply isn't safe.,Neither satisfied nor unsatisfied,Early Career,2023-08-04T20:59:34.187463-04:00,inhersight,amazon
"It was a mixed bag. Success at Amazon is a factor of how good your manager is, and it's a luck of the draw.",Unsatisfied,Senior-Level,2023-07-28T13:48:43.243655-04:00,inhersight,amazon
I loved working here,Very satisfied,Early Career,2023-07-08T12:26:55.314976-04:00,inhersight,amazon
"In my previous organization, I did not have the support from Management in my career growth or confidence in my abilities.  Since I changed to a more corporate role, I believe I have the support and encouragement needed to succeed.",Satisfied,Mid-Level,2023-07-03T19:49:44.863637-04:00,inhersight,amazon
It would not be appropriate for me to answer a lot of these questions,Anonymous,Early Career,2023-06-28T08:45:58.700093-04:00,inhersight,amazon
NO COMMENT !,Satisfied,Mid-Level,2023-06-28T02:02:02.612994-04:00,inhersight,amazon
"In light of the forced RTO amazon imposed, I have watched many peers, male and female alike, leave the company consistently over the past few weeks due to Amazons unwillingness to acknowledge those who need to work and also care for sick or elderly family members. Morale is incredibly low and if work life balance is important to you this is not the company to work for.",Unsatisfied,Early Career,2023-06-27T14:04:51.333203-04:00,inhersight,amazon
"A Mixed Experience at Amazon: A Tale of Leadership Shifts

Amazon under certain leaderships, was undoubtedly one of the best places I've worked in and will forever be grateful for the learning and knowledge I have gained. However, my enthusiasm was tempered by the swift change in senior leadership. With this shift, the work environment underwent a significant transformation, and unfortunately, not for the better.

After the change, professional growth has became an uphill battle, particularly for women aspiring to secure leadership positions. This atmosphere has hindered progress and made it challenging for deserving women to advance within the company.",Very unsatisfied,Mid-Level,2023-06-27T14:03:12.146947-04:00,inhersight,amazon
"Amazon has been working toward doing better, but still needs more women in senior leadership roles. They need to further expand the maternity and paternity policy.",Satisfied,Mid-Level,2023-06-27T13:52:44.388295-04:00,inhersight,amazon
Additional steps can be taken to support parents who need assistance for childcare. A subscription to a site to help find a babysitter/nanny is not sufficient.,Satisfied,Mid-Level,2023-06-27T13:23:06.176867-04:00,inhersight,amazon
"I never felt as accepted, encouraged, and supported as I do at Amazon. This is an amazing company to work for and that is why I have made it my goal to complete my career within this space.",Very satisfied,Mid-Level,2023-06-27T13:29:10.350668-04:00,inhersight,amazon
The paternity leave at 6 weeks is a bit too short,Very satisfied,Senior-Level,2023-06-27T13:20:51.463276-04:00,inhersight,amazon
toxic work,Very unsatisfied,Senior-Level,2023-06-20T03:40:02.646510-04:00,inhersight,amazon
Fathers receive 6 weeks fully paid parental leave,Very satisfied,Early Career,2023-05-21T18:39:48.458234-04:00,inhersight,amazon
"A lot of their policies are great on paper, but i really felt like taking my maternity leave hurt my career growth and as the company starts doing layoffs, the work life balance is tipping towards work",Unsatisfied,Mid-Level,2023-04-04T22:00:14.863757-04:00,inhersight,amazon
They were very quick to fire older employees for acquiring negative point when they let the younger employees stack points and write them off.,Very unsatisfied,Early Career,2023-04-02T04:39:17.491696-04:00,inhersight,amazon
I have nothing to add,Neither satisfied nor unsatisfied,Mid-Level,2023-03-01T10:00:54.181664-05:00,inhersight,amazon
"As a new developer  and Intern, I was expecting regular guidance (once a day or every other day, 30min-1 hour sessions) with several parallel programming sessions throughout my 5 month internship.  

Instead, I received a once weekly check-in and sometimes waited for days for my mentor to get back to me when I was stuck, and no parallel programming.  Then the feedback was that I was ""not able to work independently"".  Everyone was really busy so even if they wanted to stop and help, they did not have the bandwidth.  Great smart people, maybe just not the greatest place for a new developer, especially in 2023 where the overall theme is efficiency in tech.",Unsatisfied,Early Career,2023-02-01T16:21:57.135571-05:00,inhersight,amazon
Sexual harassment at the management level was constantly covered up by HR. Unsafe working conditions for associates pushed by upper management lead to consistent on-site injury. Women in management consistently undermined by male counterparts in effort to boost their ratings. Manipulation of female associates reports of unfair treatment in favor of protecting the company image. It's worse than the rumors.,Very unsatisfied,Early Career,2023-01-28T14:52:48.775477-05:00,inhersight,amazon
"Ready to be constantly gaslit by intellectually inferior male colleagues? To work somewhere where the entire set of leadership principles celebrate aggressive, arrogant, masochistic behaviors? Where emotional intelligence and people management skills are never considered when assessing promotions? Go work at Amazon",Unsatisfied,Senior-Level,2023-01-23T13:02:08.302062-05:00,inhersight,amazon
Great working environment if you can get on permanent,Very satisfied,Early Career,2023-01-19T09:05:39.369303-05:00,inhersight,amazon
The company is a great company for someone without a busy lifestyle. The company is strictly about their products numbers rather then the actual well-being of the people they hire.,Unsatisfied,Senior-Level,2023-01-11T18:30:43.206386-05:00,inhersight,amazon
benefits are the best part about working at amazon. 20 wks paid maternity leave I think is pretty great but not aware of other similar companies policy,Neither satisfied nor unsatisfied,Mid-Level,2022-12-13T10:01:58.446358-05:00,inhersight,amazon
"They’re incredibly biased when promoting people to Process Assistants or Managers. Not once I see them promote a man unless he was gay, a veteran, or not white. There were a number of instances where employees with inconsistent attendance/ overall terrible attendance, lack of professionalism, and insufficient knowledge of how to run things were promoted solely because they were women, LGBTQ, not white, or were favorited by the higher ups.
Based what I saw and heard in my time there, I believe Amazon, or at least the facility I worked at, discriminated against men.
The managers definitely had favorites and they turned a blind eye to the constant carelessness and slacking off of those employees.
Amazon is not as “equal opportunity” and “non discriminatory” as they want people to believe.
Aside from that, it pays well but the work is exhausting and you’ll get fired if you use up all your PTO, even for emergencies. It’s not forgiving towards to attendance of most employees, unless they’re getting favoritism from the managers.",Neither satisfied nor unsatisfied,Early Career,2022-12-11T21:06:47.872461-05:00,inhersight,amazon
n/a,Very unsatisfied,Early Career,2022-11-30T17:02:12.020083-05:00,inhersight,amazon
They are not supportive of single moms.,Unsatisfied,Early Career,2022-11-13T17:18:13.451250-05:00,inhersight,amazon
"AWS is a good place to work if you are not the primary caretaker of children or other family members. Opportunities are generally available after you've shown you can deliver results. However, some of the best promotion opportunities are often given to those employees who senior leadership favor or who are the beneficiaries of proximity bias. The time-off is good, but you will find that it is hard to disconnect given that AWS moves at a very rapid pace. When working with senior leaders, you won't have control over your calendar and teams are leaning staffed, so you may have to work during your time off.  The pay is mostly stock, so you will see the up-side when the market is doing well, but suffer when it is down. 

As with every large company, your experience will vary depending on your manager. But as a woman, my experience was that I was discouraged from managing a large team across time zones because ""I may want to start a family soon."" Some of my colleagues were mothers who were often rated lower than male or child-less colleagues during reviews because of the perception that the mothers weren't working as hard. 

If you can look past the negatives or get lucky enough to work for a good manager. You will find the work is extremely challenging and rewarding. You will work with very smart people. And you will get to contribute to projects that are not being thought of at other companies.",Unsatisfied,Senior-Level,2022-11-09T18:01:59.892060-05:00,inhersight,amazon
"HR is a non responsive even when escalated to senior management and it is nearly impossible to get anyone that can actually help you through their ERC department because their CSR's have very limited access and can not email direct managers.
 Amazon LP/Security likes to create ""investigations"" on staff for the most ridiculous of reasons, walk staff to their cars but never do any investigation then wait for PTO and UPT balances to runout so the system will automatically terminate you and mail you a letter that says you ""abandoned"" your position making the whole process feel as if the individual was a target of layoffs disguised as some sort of disciplinary or safety issue.",Unsatisfied,Senior-Level,2022-10-31T14:14:57.575047-04:00,inhersight,amazon
Working here with a toddler while also pregnant has been the hardest thing. It’s like pulling teeth to get the proper information for accommodations.,Very unsatisfied,Early Career,2022-08-25T03:07:39.743758-04:00,inhersight,amazon
I was injured on the job and how I was treated behind my injury I feel was not good.,Neither satisfied nor unsatisfied,Early Career,2022-08-03T18:59:40.020077-04:00,inhersight,amazon
"It was honestly okay until the scheduling became ridiculous. The longest shifts I could get were maybe 5 hours. Not enough shifts gets posted, the do not pay you what you’re worth and it is literally just a bunch of loopholes to get any kind of leave.",Very unsatisfied,Early Career,2022-08-02T12:09:02.173547-04:00,inhersight,amazon
"In my experience, the company saw you as a way to continue to stay afloat, not as a person, and they didn't care I you stayed or left.",Unsatisfied,Early Career,2022-07-25T13:10:17.112114-04:00,inhersight,amazon
"Amazon promotes the company as the greatest place to work, but the public propaganda is just that. It's difficult to navigate HR. Everything is on their A to Z app, and they don't encourage human contact. People who work hard and show initiative are overlooked and safety is not a priority, despite the fact they say it is.",Very unsatisfied,Early Career,2022-07-21T23:08:43.854509-04:00,inhersight,amazon
An amazing place to grow and be truly respected for what we bring to the table.,Satisfied,Mid-Level,2022-07-20T12:49:30.249297-04:00,inhersight,amazon
"Amazon pays well, and they'll take your soul in exchange. They give talking points to their employees in how to properly describe what it's like working at Amazon. It is all about production, like a meat grinder. If you aren't promoting, you get shown the door. The phrase is, ""Move up or move out."" I'm looking for a different job where I will enjoy the culture, not just a paycheck.",Unsatisfied,Mid-Level,2022-07-20T11:55:18.207228-04:00,inhersight,amazon
Amazon has given me excellent work life balance.,Very satisfied,Senior-Level,2022-07-20T11:29:26.177190-04:00,inhersight,amazon
"The Leader Principles make all the difference and you can too. It is not just lip service at Amazon. The people I work with strive hard to improve themselves, each other, and the company at large. I've found the support for ones growth and alternate perspectives truly a joy. If you see a change for the better you are encouraged to make it happen.",Satisfied,Senior-Level,2022-07-01T10:09:47.383514-04:00,inhersight,amazon
90%+ of employee population in engeering team in Dublin is male. Problem with such a low intake of new female employees,Neither satisfied nor unsatisfied,Senior-Level,2022-06-30T07:25:54.949847-04:00,inhersight,amazon
Brutal environment that cares more about metrics than people,Unsatisfied,Mid-Level,2022-06-24T18:39:32.904865-04:00,inhersight,amazon
"Absolutely love working at Amazon and I feel I am included in every conversation and applicable decision regardless of my age, gender, race, etc.",Very satisfied,Mid-Level,2022-06-07T16:09:49.142759-04:00,inhersight,amazon
"This job is mentally and physically depressing if you stay  at Amazon be prepared to absolutely hate your life and your job horrible managers horrible hr horrible hours constantly under staffed because they treat employees like crap and they quit there’s a reason there turn over rate is 155%
Your only a number and as soon as you stop producing high numbers they will treat you like crap if you don’t kiss your managers @ss and treat them like god good luck moving up  I wouldn’t recommend this job to my worst enemy",Very unsatisfied,Early Career,2022-04-24T23:54:59.190922-04:00,inhersight,amazon
They didn’t treat most of the workers like actually human beings. It felt more like we were robots constantly being scrutinized on how fast we were working.,Unsatisfied,Early Career,2021-11-26T01:01:41.565916-05:00,inhersight,amazon
"Work is extremely fast paced. Only few training days before officially start working on the job. Personally I was taught in 2 hours top to use a a cherry picker. And heavy duty machine that puts you up to 30 feet in the air to pick customer orders including boxes heavy as 50 pounds. Thru it all I tried to do my best and exceeded my own expectations learning to drive other heavy duty machines but I never had a chance as a woman to be anything but an associate. The work kept on increasing as I learned more but didn't mean better pay or a chance of improvement. The toxic environment around is so horrible, and men were simply disrespectful to the point that talking to HR made no difference.",Unsatisfied,Early Career,2021-09-30T13:01:09.084138-04:00,inhersight,amazon
I had two female managers who both provided excellent leadership to our team. They both created a supportive and collaborative environment.,Very satisfied,Early Career,2021-01-22T12:47:28.855750-05:00,inhersight,amazon
They want you to be aware of mental/physical health but dont give you enough PTO. Don't accept doctors notes if your sick,Unsatisfied,Early Career,2021-01-20T23:33:16.500376-05:00,inhersight,amazon
"Amazon has many great attributes and flexibility, but foe a company this big to not give yearly raises, or to offer a raise to it's Ambassadors is very stressful. I work hard to be the best employee I can and this employer should treat all their employees the same. 90 day raise, then yearly raises to help meet the needs of the cost of living and fuel prices rising.",Neither satisfied nor unsatisfied,Early Career,2021-01-14T23:45:27.111731-05:00,inhersight,amazon
Great for part time work but shouldnt make a career out of it since they dont have much interest in advancing their own employees,Neither satisfied nor unsatisfied,Early Career,2020-12-13T05:51:10.453843-05:00,inhersight,amazon
"I work for amazon, I love the people. There definitely are things I dislike. For example: if you got a sore part of your body where you think something is wrong and you tell someone but the pain goes away, you are still required to spend money in order to get a doctor's note.",Satisfied,Early Career,2020-11-08T10:13:13.599253-05:00,inhersight,amazon
I have been very impressed with the amount and diversity of opportunities for growth at Amazon. My manager actively seeks my opinion and values my growth and input. They have clearly stated that if my goals change and end up no longer aligning with the current team that they will help me to find a better fit within the organization. I've never felt so supported!,Very satisfied,Mid-Level,2020-10-09T18:55:21.390133-04:00,inhersight,amazon
Satisfactory,Neither satisfied nor unsatisfied,Early Career,2020-09-14T17:53:22.617468-04:00,inhersight,amazon
I absolutely loved working at Amazon. Such a warming place to work and very fun. Only down fall was their odd 4hr shifts and had to wait about 2 hrs for the next shift pickup of 4 hrs and I loved an HR away so that was my only struggle.,Very satisfied,,2020-08-21T02:01:23.037663-04:00,inhersight,amazon
Management is more concerned about numbers/ production than safety and sense of leadership to their associates.,Unsatisfied,Early Career,2020-08-19T10:35:48.784460-04:00,inhersight,amazon
"Overall, I enjoyed my job and coworkers. However, development teams we worked with were almost entirely men. They would not respond to my emails or even talk to me when I was talking to them (they would answer me by addressing the closest man to me or just not at all.) I had to have my male coworkers send emails for me if I wanted something done.

Additionally, I was hired on the same day, for the same position with three other men. I was told by management that my pay was non-negotiable and was a base pay everyone on my level received. About two years in one of these men let slip how much he was being paid ($2 per hour more). He negotiated his pay. I have a college degree (he didn't), and about 4 more years work experience. Eventually I found out other female employees were told the same thing and had pay similar to mine.

I had a lot of fun at my job, but I also ran into a lot of rampant, blatant sexism that changed my view of the company.",Neither satisfied nor unsatisfied,Early Career,2020-08-14T14:45:01.816482-04:00,inhersight,amazon
"Terrible experience... 1st day was horrible. Got there for training, spent about 2 hours sitting in the break room listening to someone who doesn’t know what he’s saying. Then we went right to work. No training. Just showed us how many boxes they wanted done an hour. Then took lunch and they told us to meet in break room. 2 hours later they come back with a trainer. It was a joke and it’s a joke of a company to work for. Thought I’d try it out. Won’t ever order from amazon again either. They don’t care about their customers. They care about speed and not how your stuff is handled or anything. Let alone half the people in there don’t wear masks and they don’t take your temp when you come in.",Anonymous,,2020-08-12T01:01:10.395578-04:00,inhersight,amazon
"Amazon discriminates against women and they play favorites with the men. Shifts are given to male friends and family. The managers are mostly men under 25 and if you bring something to their attention, they blame you for a bad attitude. Lots of eye rolling, tone and attitude from the managers who obviously have no professional training. I was called ""Grandma"" three times, ""Old lady"" twice and ""stupid b!tch"" once! Their employee standards are so low that they will hire you even if you can't read or speak english.  One of the worst jobs I have ever had. There is absolutely no commitment to the  employees at all. No respect is given especially if you are a woman. I wouldn't recommend working at Amazon to anyone over 20 who is serious about working and the trajectory of their future. Run away, save yourself! Get a job slapping burgers if you want a steady job that will give you a sense of accomplishment and pride.  Amazon is a predatory monster. Take your life back!",Very unsatisfied,Mid-Level,2020-08-07T01:51:51.923906-04:00,inhersight,amazon
Women with kids are screwed out of calling in if their child has to go to the hospital. Points against them for this.,Neither satisfied nor unsatisfied,Early Career,2020-07-15T22:45:19.190745-04:00,inhersight,amazon
"I worked for Amazon for just over three years. I had been harassed by nearly a dozen men over the course of those three years. I had been cat called, men asked me for leud photos, made sexualized comments about my body, and refused to take no as an appropriate answer. When I finally felt confident enough that someone would finally listen to my experiences and take them seriously I reported the behavior to human resources. I was told that my behavior was unprofessional and I needed to reevaluate my own behavior. I never once initiated or facilitated any of the conversations or interactions with the men that harassed me yet somehow their behavior was my fault according the the head of our human resources department. One of the men specifically that sexually harassed me for nearly eight months, before and after I reported the incident to HR, was promoted to a leadership position.",Very unsatisfied,Early Career,2020-07-05T13:09:40.211927-04:00,inhersight,amazon
Frustrating — get in trouble for not having childcare during a pandemic!! I’m not putting my baby in daycare during a pandemic.,Unsatisfied,Early Career,2020-07-02T13:21:19.612811-04:00,inhersight,amazon
"Sexual harassment
Nobody cares to learn your name
People are treated like meat",Very unsatisfied,Early Career,2020-06-18T17:10:37.111216-04:00,inhersight,amazon
There are no female senior leaders. There are no female operational managers. There are only 3 female area managers out of 36.,Very unsatisfied,Early Career,2020-06-17T08:10:50.631011-04:00,inhersight,amazon
"If you know the right people, opportunities are abundant. If you stay your own course (do not mold yourself to their beliefs), it will be harder to promote. If you are not on top of everything (your hours, your tasks, your time off task) and do not write these things down... you may have to appeal for your job. They promote a lot of the same kinds of people. (The wrong fit for many). They flip managers every few months. Hard workers remain in their job for a long time because of the work being produced, instead of being coached and trained to promote and further themselves.",Unsatisfied,Early Career,2020-06-15T16:05:05.193269-04:00,inhersight,amazon
"I found it difficult to find someone to communicate with at times both on the phone and in-person. Just to talk to someone in HR, you have to go through a ridiculous 10-ish minute automated voice call before you can actually talk to a real human. Overall, my time at Amazon was very unsatisfactory.",Very unsatisfied,Early Career,2020-06-15T14:33:31.293321-04:00,inhersight,amazon
"Extremely defeating to work in this environment. A constant struggle between trying to be the best you can be  while having to fight sexist comments/retaliation tactics etc. Surrounded by male coworkers and superiors who talk over you, exclude your expertise and/or make jokes during meetings and in private. I ended up leaving when I was cursed out privately by an ex-manager for challenging his process. I was asked how I “‘really’ got the job” when I announced my resignation by male counterparts the next week. Completely toxic atmosphere. It’s sad when all the female employees call management the “D” club, because if you’re not in it - you are irrelevant.",Very unsatisfied,Early Career,2020-04-15T15:58:28.542514-04:00,inhersight,amazon
It's the best job I've had outside of the military so far.,Very satisfied,Early Career,2020-04-03T16:13:14.453792-04:00,inhersight,amazon
I only work there as a seasonal worker but at the end of the season they laid me off... in a voicemail...,Satisfied,Early Career,2020-02-28T12:14:43.776116-05:00,inhersight,amazon
"Not a great place if you are someone who gets sick, ever! The attendance policy is very harsh and there are no sick days! the result is employees going to work while ill or injured, pushing themselves to keep up with rate when they should be resting.",Satisfied,Early Career,2020-02-27T11:46:01.568280-05:00,inhersight,amazon
I like this job it’s great overnight and extra cash. They have so many opportunities for growth although they are hard to contact about any open positions online,Satisfied,Early Career,2020-02-13T18:43:51.363864-05:00,inhersight,amazon
"I got hurt while working after receiving no help from my coworkers or upper management and after I reported it, I was told I would hear from HR within a few days. I heard nothing so I called, only to be told that they never received a report so I had to create a whole new one. Luckily I asked for a copy of the original.",Very unsatisfied,,2020-02-08T01:40:04.372075-05:00,inhersight,amazon
"If you just want a salary and no true career growth, this is the place for you. If you're not a man or part of nepotism, good luck.",Unsatisfied,,2020-02-01T12:16:40.312746-05:00,inhersight,amazon
"The best quote I’ve heard about amazon leadership and overall environment is “pale, male, and stale” it is not a progressive workplace. It is by far easier to make your way up the company ladder as a male, who are often given more opportunities to lead projects and teams than women.",Unsatisfied,Mid-Level,2020-01-25T22:22:32.348302-05:00,inhersight,amazon
"""Well you wear makeup and are friends with him"" was given as a reason why a girl was PINNED to shelving and triggered her to have a panic attack and seizure because the guy refused to let her go. He still has a job. No action taken.",Neither satisfied nor unsatisfied,Mid-Level,2020-01-20T19:54:21.146579-05:00,inhersight,amazon
If you get a temp job here keep your head down and do not speak up. They treat you like you’re extremely disposable and less than human as a green badge.,Neither satisfied nor unsatisfied,Early Career,2020-01-08T04:33:38.571147-05:00,inhersight,amazon
Schedules should not just be for tenure employees. Should be able to transfers shift or hours to better accommodate a schedule. More breaks need to be implemented esp if working 12 hr shifts.,Very satisfied,Early Career,2019-12-18T17:45:33.417614-05:00,inhersight,amazon
"You work long hours as a full time associate but the inovation is intriguing. I have been very fortunate in working here. I was able to grow into an ambassador and i am now looking to go into a higher role. Amazon offers so many benifits to thier employees. We have tuition reimbursement, amazing health care plans, unpaid time off, some paid time off and vacation.",Satisfied,Early Career,2019-12-18T09:45:18.585109-05:00,inhersight,amazon
Amazon promotes a very diverse atmosphere. Too much diversity does not promote stability or a less hostile work environment.,Very satisfied,Early Career,2019-11-27T00:06:46.687642-05:00,inhersight,amazon
"I’ve been employed through a hiring agency for 4 weeks at a amazon warehouse and i must say I’ve never worked in such a toxic environment in my life. Some co workers and temps are really very nice people but there are people in higher positions that bully, berate in public and provide very little training before sending to the task. The employee turnover is so high and morale so low it’s astonishing. I’ll most likely be let go because I have too many errors, not that I mind anymore but I remember I was so excited to start and try something new but boy my eyes are opened now. And I’ll probably never buy from amazon ever again because of seeing it from the associate point of view.",Very unsatisfied,Early Career,2019-11-21T06:17:32.221410-05:00,inhersight,amazon
"Working at an Amazon Fullfillment Center is unpredictable. The medical insurance is the reason most people stay at Amazon. It’s high quality and inexpensive and starts on day 1. Remember the board game Life? So many opportunities to be successful and then you draw a card and your success starts to fall apart. That’s how success is at Amazon for both men and women. It does seem that when women move up in the company they seem to have more job security than the men. However, to move up, you must be cutthroat. For both men and women in all departments and levels, making family a priority is highly looked down upon, which makes single mothers/fathers have to fight many battles to keep their jobs especially with their strict attendance policies. Furthermore, most employees have had to experience worker’s comp within their 2 years of working there and struggle to return to work if it was a bad injury such as in the spine, shoulder, etc. The maternity leave is amazing and it’s all paid for mothers and fathers. The shifts are 10 hours which gives you 3 days off each week, although at least 1 of those days will be used to recover physically or sleep. Overtime is wonderful when it’s voluntary but during peak seasons or when attendance/staffing is low mandatory overtime is started and they’ll only have to give notice before 4pm the previous day. Fortunately they only allow up to 60 hours per week because they push it to the minute during peaks. That’s six 10 hour physically intense, rate driven days per week during summer and the holidays. If you needed that time off that they’ve called mandatory overtime, you must use your allotted paid or unpaid time off. When you go below that amount, you’ve broken the attendance policy and are up for termination. You can go to HR and try to get it excused, but that’s a hit or miss. Sometimes they can’t do much for you but if approved you can take an medical leave minimum of 7 days if it’s a medical reason, possibly a personal leave minimum of 15 days if it’s not (only medical during peak unless it’s an extreme case with documentation). So, there are options, but they aren’t easy nor are they a sure deal.",Unsatisfied,Early Career,2019-11-13T17:30:03.781811-05:00,inhersight,amazon
"2 years with Amazon and they wouldn’t promote me because I didn’t have a degree. I worked my butt off, I was trained in several roles/ departments but they just saw me as an associate. If you have a degree you’ll make it far, if you don’t you’ll most likely burn like I did.",Very unsatisfied,Early Career,2019-11-02T07:12:31.780960-04:00,inhersight,amazon
"Amazon's Sort Center has a very diverse employee base in all levels, which is encouraging. You also see promotions regularly - and they haven't had to sell their soul to get there. You will mostly find humble and friendly folk. The biggest problem you may have is the toll the work takes on your body (tendonitis/carpal tunnel).",Very satisfied,Early Career,2019-10-08T01:08:28.293611-04:00,inhersight,amazon
"It is much more difficult for females to be promoted, and once they are, the culture at this facility does not respect female leadership. We often times have to use our male counterparts to have difficult conversations because we are blatantly ignored, talked down to, and all around disrespected. We do not have the support of seniors or HR in these matters as they are far more concerned with potential PR nightmares than taking care of their management. Sexual harassment is supposed to be zero tolerance, but I know of zero instances where a woman’s complaint to HR had any consequence. The perks of Amazon are their benefits and competitive pay, but being a woman in this fulfillment center is very difficult. I can’t speak for all of Amazon, I’m sure it’s not the same everywhere as each building has its own culture, but that is my experience.",Unsatisfied,Early Career,2019-09-26T05:43:41.820636-04:00,inhersight,amazon
Comfortable clothing because you are standing in one spot for 10 hours a day,Neither satisfied nor unsatisfied,Early Career,2019-09-20T10:09:20.237915-04:00,inhersight,amazon
"Amazon as a whole might be ok, but avoid the Prime Now part of the business at all costs. Few to no benefits, an abusive culture of keeping everyone part time to avoid paying benefits, and blocking people from advancement are a few practices that feature prominently. The pay is terrible as well. 
The only time I could ever possibly recommend working for that division is if you don't mind being the lowest level employee, only want to make a few dollars on the side, and desire schedule flexibility. If that's your list, they're a decent choice. Otherwise look elsewhere.
For the love of all that is holy DO NOT take any kind of ""seasonal"" position there. They're the worst of the worst. Designed to abuse the employee and give nothing in return.",Very unsatisfied,Early Career,2019-09-18T18:15:42.263381-04:00,inhersight,amazon
"Poor management, over worked, lack of caring about employees. They would rather hire for PA's, AM's and OPS outside of the company and not promoting within.",Neither satisfied nor unsatisfied,Mid-Level,2019-09-10T04:58:13.382243-04:00,inhersight,amazon
"They provide a mother's room, a place for our muslim community to pray and wash their feet. And they provide tampons and pads in all the bathrooms and over the counter painkillers, like ibuprofen and acetaminophen.",Satisfied,Early Career,2019-09-04T22:01:45.402651-04:00,inhersight,amazon
"Great place to make money, always extra time available, that said you get mandatory over time and if you can’t work it you must use your leave. If you’re sick you’re working, you need to pick your child, you’re working, already have voluntary over time, guess what you’re getting mandatory anyways!",Unsatisfied,Early Career,2019-09-04T13:40:58.318710-04:00,inhersight,amazon
N/A,Anonymous,Early Career,2019-09-03T17:54:58.807827-04:00,inhersight,amazon
"There is definitely a benefit to being a confident white male at Amazon - they can get away with murder. I don not recommend working anywhere near operations as they are always optimizing, re-orging and cutting back.",Unsatisfied,Early Career,2019-08-19T00:13:15.992626-04:00,inhersight,amazon
"Amazon is a horrible company. First, they make constant changes but never inform the employees, (perfect example is the pay increase. The media was informed before the employees).

In Amazon, employees are just numbers. Upper management could care less about you since Amazon hires and fires on a rotating basis. 

The insurance is good, the discount is a joke, Besos spends his time NOT taking care of the company. 

Customers are verbally abusive, more than 80% of the managers are newly hired and have no clue what they’re doing, rarely are promotions done within. Amazon hires external before internal, bachelor degrees are required for any job level 3 and higher regardless at the number of years you’ve been with the company.

I do t recommend this place at all. Their are WAY better companies that take care of their employees and don’t bind them in massive amounts of red tape. 

Pay raises are on hold for who knows how long since they increase everyone to $15/hr, stocks and bonuses are gone except stocks at 5, 10, 16, and 20 year marks. 

No flexibility in scheduling, blackout dates (meaning you cannot take vacation and you can’t request it at all no matter how far in advance) from mid November to the 2nd week in January, overtime is mandatory, you have to fight for time off on a holiday. No reimbursement for internet. 

The company is mentally draining and no one follows policy. 

You can no longer email yourself (from company email to personal) so you have records of your conversation with management. 

If you’re let go they immediately lock you out. 

Calls are recorded but they are never used for training. Team managers don’t help and tell you to go elsewhere for assistance. 

You must use your paid time off and unpaid time off for emergencies and sick time m (you don’t get sick time) and they’re systems not update in real time.",Very unsatisfied,Early Career,2019-07-26T04:42:04.815288-04:00,inhersight,amazon
Great place,Very satisfied,Mid-Level,2019-07-21T00:29:31.713285-04:00,inhersight,amazon
It's an amazing place to work. A great atmosphere and benefits are good.,Very satisfied,Early Career,2019-07-05T02:43:36.002313-04:00,inhersight,amazon
Lots of skull duggery all around. Save every email and document everything for when someone tries to throw you under the bus.,Satisfied,Early Career,2019-06-20T18:08:27.745379-04:00,inhersight,amazon
"This company is putting me in the position where I have to choose between continuing my education or keeping my job. They approved half of my school accommodation and I started classes. Now they are saying I did not perform well enough. I may not get approved for the second half and I may have to pay back financial aid. I was in the top three in my department but since I was flagged I recieved a written warning that may keep me out of school. I have been told to loose weight. I have also been told by senior operations management that, "" Amazon might not treat people fair, but unlike Bob's warehouse, Amazon will still be in business tomorrow."" I have been lied to about FMLA and Amazon's policies and I have been cheated out of vacation time. I need a job that is not physically and mentally abusive.",Very unsatisfied,Early Career,2019-05-16T14:13:59.432528-04:00,inhersight,amazon
Working conditions were absolutely dystopian. I got UTIs all the time because they had strict and cruel restrictions on bathroom breaks.,Very unsatisfied,Mid-Level,2019-05-05T21:55:37.067160-04:00,inhersight,amazon
"The percentage of female to male workers as Warehouse Accociates and Ambassadors are about 50/50 (Yay!). However, the amount of female representation on supervisory positions is lacking. I wish there were more company events so we could develop more support for eachother as women. Also I fear becoming pregnant while in a lower possition as they might not put me in an office position for the safety of my baby simply based on my status. Mind you I DO have excellent office and leadership experience but my work history/qualifications has never even been asked for even at my initial hire, so they have no idea how much potential this lowly warehouse associate actually has. Don't get me wrong I love this company, but because it is so big you can get lost like you are just a number to them. I feel like Amazon is really the one missing out because of this.",Unsatisfied,Early Career,2019-05-05T12:41:11.090970-04:00,inhersight,amazon
"Although on the surface it appears Amazon has equal opportunities for women in Leadership roles, because there is a good balance of men and women in these positions, behind the scenes tells a different story. 
Very often, women's ideas are pushed aside, dismissed, and even quelled - regardless of how well thought out and logical these proposals are. A confident, intelligent woman is far less likely to impact changes than an aggressive, ignorant man. I wouldn't feel this way if I had not experienced this time and time again over the years of being employeed there, throughout the revolving door of so many Leadership changes.",Neither satisfied nor unsatisfied,Mid-Level,2019-05-03T10:17:49.307304-04:00,inhersight,amazon
"Working at Amazon Fullfillment Center is not only physically hard, it is also mentally hard. Management use cult-like physiology to force employees to comply with daily changes within the Fullfillment Center. You can get wtitten up for taking longer than 2.5 minutes to walk back from break or another department. If you are at 98.9% of expect rate you can also be written up. There are no women in upper management positions at our Fullfillment Center. There are women in Human Resources or office positions that do not know the Fullfillment Center side of the Warehouse.",Unsatisfied,Early Career,2019-05-02T11:51:30.702466-04:00,inhersight,amazon
You’re treated like a robot. Work standards change like the weather making termination rate higher every 3 months. Amazon as a whole hires on managers as “fresh”. They have little to no background to make the perfect manager for amazon but not for the employees. Company lacks compassion with policies and regulations that are set forth. On the plus side they have great benefits that keep you there through all the torture but everyone has their limits.,Unsatisfied,,2019-05-01T13:53:03.446195-04:00,inhersight,amazon
"Amazon needs some serious adjustments when it comes to pay , schedule flexibility , paid time off , and vacation time.. As a mom and a drilling reservist it’s really difficult to have a bad day or juggle my responsibilities while also being at work and being 100% ready to perform at optimum level ... I know I personally would be more willing to stay and continue working for the company if they revamp the pay, health insurance/dental
Insurance and PTO/Vacation time .",Unsatisfied,Early Career,2019-04-30T08:02:25.846598-04:00,inhersight,amazon
They treat there people like robots.,Very unsatisfied,Early Career,2019-04-27T14:57:51.127909-04:00,inhersight,amazon
I enjoyed working there,Neither satisfied nor unsatisfied,Early Career,2019-04-27T06:08:53.015305-04:00,inhersight,amazon
"Best place Ive ever worked. I do work remotely, meaning from home exclusively, but I am very supported and prepared by Amazon for every situation. EVERY direct manager Ive had (because realign often) has been female. I have not had a bad experience with any manager yet and its been two years. I swear its like they put them through rigorous sensitivity and positivity training. Every single one has been excellent at delivering not so great news in the best way possible. As long as you do your job and what is expected of you, you will succeed here. Great job for people who require little direction, work well alone, have self discipline, and can hold themselves accountable.",Very satisfied,Early Career,2019-04-18T22:10:01.920453-04:00,inhersight,amazon
"I don’t have a personal relationship or even a professional one with anyone I work with. I couldn’t fathom telling them something personal like “sorry I was off task for 20 minutes, I bled through my super tampon”",Unsatisfied,Mid-Level,2019-04-18T01:55:45.507549-04:00,inhersight,amazon
"Absolutely adore my job, coworkers and managers! Benefits can't be beat! Opportunity for growth, and management is always willing to go above and beyond to help you achieve goals! Supportive and positive environment! Intend to stay with the company long term!",Very satisfied,Early Career,2019-04-15T05:51:15.259514-04:00,inhersight,amazon
"I was very impressed with the sexual harassment policy orientation given, it was one of the most comprehensive and educational orientations I've been given. There is a zero tolerance attitude and I feel comfortable and confident it is strictly enforced. Unlike other company's warehouses, I truly feel comfortable working here. I've been with this company for more than a year and have not had to deal with any form of harrassment from any of my colleagues nor managers. It's a real relief being able to focus on my work.",Very satisfied,Early Career,2019-04-14T16:48:07.101961-04:00,inhersight,amazon
"Wonderful work environment. Very helpful staff, and friendly.",Very satisfied,Early Career,2019-04-13T00:42:18.102304-04:00,inhersight,amazon
"I love working for Amazon, there are so many amazing perks and benefits! All you have to do to keep your job is do your work!",Satisfied,Early Career,2019-04-11T03:00:06.049359-04:00,inhersight,amazon
"Amazon has a significant gap in women in senior (director or VP) levels, and I'm not convinced they are investing in bringing up women within the company in level before director (e.g., investing in the pipeline of talent). Maternity/Paternity policy could be much stronger (offer men and women the same amount of time as well as increase it).",Satisfied,Mid-Level,2019-04-08T16:25:02.417562-04:00,inhersight,amazon
"20 total weeks of paid leave (14 for maternity, 6 for parental which is available for men too) ramp back program",Very satisfied,Early Career,2019-04-06T17:17:20.936249-04:00,inhersight,amazon
"Great company to work for, if you have initiative and gumption.",Very satisfied,Mid-Level,2019-03-31T07:47:52.722990-04:00,inhersight,amazon
"I'm below a manager and don't make a living wage. Stocks and VCP were taken from us. Since then, I've been wondering if I need a job change. I'm tired of struggling.",Neither satisfied nor unsatisfied,Mid-Level,2019-03-31T01:53:39.890583-04:00,inhersight,amazon
"Manager Steve Lowley is extremely rude and ignorant to important issues. The people who work directly for Amazon are petty assholes whom do not perform their jobs professionally. There is barely any paid time time; the schedule is not set, so you never know when you’ll be off until you are off. They honestly care about the dumbest things in there. They rather ruin things that work then try to work on the things that don’t. It’s extremely underpaid, and they do not use the proper regulations for safety for delivery drivers (such as dot cards). It’s really a waste of time.",Very unsatisfied,Early Career,2019-03-30T21:51:24.384962-04:00,inhersight,amazon
"I can’t speak for all, but this facility is especially difficult for females. You are expected to brush off all sexual harassment because “you’re a woman in a warehouse, what did you expect?” Harassment is taken as a he-said, she-said and even with multiple witnesses and complaints, no action is taken. There is a large percentage of our work force that does not respect female leadership which makes it exceptionally difficult to advance. You are not allowed to enforce standards with your team members which has created a culture where anybody can say or do whatever they want with no repercussions. The benefits and pay are very competitive for similar jobs in the area, but the culture has shifted me away from wanting to grow my career at Amazon.",Unsatisfied,Early Career,2019-03-28T20:53:08.002227-04:00,inhersight,amazon
Amazon is really just a toxic work environment.,Very unsatisfied,Early Career,2019-03-08T00:48:21.807023-05:00,inhersight,amazon
"Tired of dangled carrots by Area Managers and Operations Managers that apparently... when all hard work is performed and done have no say whether or not you get the advancement they told you.
Was promised numerous opportunities for interviews and advancement. A lot of horror stories.
Women mostly seen in HR roles or Processing Assistant but rarely manager or higher.
They are cutting expenses in very wrong areas and it is getting worse.",Very unsatisfied,Mid-Level,2019-02-12T18:24:37.341551-05:00,inhersight,amazon
Good place to get your foot in the door,Neither satisfied nor unsatisfied,Mid-Level,2019-02-06T21:20:51.389061-05:00,inhersight,amazon
Great place with great benefits,Very satisfied,Mid-Level,2019-02-05T12:29:31.132842-05:00,inhersight,amazon
Not a great company to work for. When they are done with you they will find a reason to let you go.,Unsatisfied,Early Career,2019-02-04T16:19:50.815548-05:00,inhersight,amazon
You are treated as a # not as a person. They want robots not people.  I was very disappointed in their treatment of the employees.,Very unsatisfied,Early Career,2019-02-03T22:22:35.979416-05:00,inhersight,amazon
"Overall Amazon is great place to work, but it’s not for everyone. It can be tough adjusting to their culture and a lot depends on the team you end up on. There are endless options for growth and learning, but you have to seek them yourself and be very self motivated.",Satisfied,Mid-Level,2019-02-03T21:52:51.449835-05:00,inhersight,amazon
"Part-time only building, barely enough to make a liveable wage (although they pay $15 an hour). Have been working there for almost two years- lots of empty promises about moving up or getting promoted. Have to do everything through HR-which is not in Richmond and take quite a long time to respond. Great coworkers and management though.",Neither satisfied nor unsatisfied,Early Career,2019-01-31T10:25:00.221209-05:00,inhersight,amazon
I hate it pay little for so much work,Very unsatisfied,Mid-Level,2019-01-27T00:46:44.002174-05:00,inhersight,amazon
"The compensation is good for part-time. But getting full-time or management is almost impossible, especially is you do not have a college degree.",Unsatisfied,Mid-Level,2019-01-22T10:59:21.385961-05:00,inhersight,amazon
Lots of sexual harassment with no accountability. HR is often hard to get a hold of when reporting issues. Unfortunately you don’t see too many women escalate in the company.,Unsatisfied,Early Career,2019-01-20T23:04:02.419981-05:00,inhersight,amazon
"Equal pay and opportunity. Minimum company wage is $15 an hour to start with benefits and vacation days. Some room for advancement. BUT be prepared for long hours. Full time shifts are 10.5 hours long, 4 days a week. Great for parents or students who need more days off, but schedule is set. Different shift/day options but they are usually 4 days in a row. For example, I work Sunday through Wednesday. Other shifts are Wednesday through Saturday, Monday through Thursday, and Friday through Monday. AM and PM shifts available. Part time is also available but I'm not sure what those shift options would be. You'll be on your feet all day, I did get use to it after a couple weeks. Medical benefits are great and they work with a ton of other companies that you can get discounts through, including disney tickets but they have so much more. I can't say it is the most satisfying job I have ever done as I'm not doing something I enjoy or saw myself doing, but the pay is good and my coworkers are super nice. My manager is always available when we need him and willing to help in any way possible. I would say there is an equal amount of female management to make management, my manager just happens to be a male. There's mandatory over time around the holidays because it gets super busy, but you'll know ahead of time what your over time day is depending on your shift. Mine was always on Thursday. Opportunity for extra time occasionally. Opportunity for voluntary time off where you can accept time off for the day if they know it isn't going to be busy, and it will not use your vacation time, you just have the day off without pay and it doesn't count against you. Which is great especially if you have a side job. Cafeteria plays movies and has game tables. Food vendors come during lunch hours, or they have their own little ""grocery store"" with food you can buy for lunch. Refrigerators to store lunch, plenty of microwaves and utensils. After working there a year, they have a school program where they will pay 95% of tuition for certain programs. One I'm interested in is to do ultrasound, but they have others. They really do give you incentive to stay. It isn't the easiest job sometimes, but the benefits and my coworkers definitely give me reasons to stay.",Satisfied,Early Career,2019-01-18T09:05:13.707553-05:00,inhersight,amazon
"Result driven company, self guided work, autonomy, if upper management says nothing you are doing a good job",Unsatisfied,Early Career,2019-01-16T00:50:24.970755-05:00,inhersight,amazon
"Great workplace, great benefits and salary",Very satisfied,Early Career,2019-01-13T17:34:03.039939-05:00,inhersight,amazon
needs more positivity.,Satisfied,Mid-Level,2019-01-07T14:39:18.628255-05:00,inhersight,amazon
Worst place I ever worked out. They don’t care about the workers. There’s a lot of favoritism in there.,Very unsatisfied,Early Career,2019-01-04T21:30:57.840097-05:00,inhersight,amazon
Their employees are just gears in a machine. They work you till your useless and then replace you with a shiny new part.,Unsatisfied,Early Career,2019-01-03T23:52:04.738149-05:00,inhersight,amazon
"When I worked at Amazon CLT-3 it was well at first, but the same day I started working, I injured my knee badly. I used up all of my personal time and got fired even after explaining why I couldn't work. They never once mentioned to me how much personal hours we had nor did they explain to me that after you reach the negatives you'd get fired. The same day I got fired they said I had to leave premises immediately and never told my husband that I've been fired. The people I worked with in inbound we're extremely nice and understanding, everyone was extremely nice, but HR didn't always help. I honestly wouldn't work for them anymore after that. A worker there had to take me home once I was fired which was very kind of him but as I said before I'd never go back to work there anymore.",Neither satisfied nor unsatisfied,Early Career,2019-01-02T17:37:32.676998-05:00,inhersight,amazon
It was wonderful,Very satisfied,Early Career,2019-01-01T14:49:33.284905-05:00,inhersight,amazon
"Did not take my sexual harrasment complaint seriously, created a hostile work environment",Neither satisfied nor unsatisfied,Early Career,2018-12-31T20:56:47.349258-05:00,inhersight,amazon
There was an overall lack of organization that made simple tasks complicated.,Unsatisfied,Early Career,2018-12-30T23:00:51.945236-05:00,inhersight,amazon
"I have been working for 3 years for Amazon and I can say I have had some great experiences but based on the type of Manager you have really depends on the amount of respect you shall recieve. When you work for a big company such as this you can sometimes fall through the cracks if a manager doesn't notice you, so it can be hard for someone such as myself to get into manager position. Now since I have started to shift my attention elsewhere (school) they offer things that I can't do or learn at this time because of school schedule. These things should of been offered way before considering I have asked to learn them. I just would like to have a company that would truly take the time to work with me and grow me. I want to work for a company that in which shall teach because they want to not because someone didn't come in so they have to compensate for just that day.",Neither satisfied nor unsatisfied,Early Career,2018-12-27T20:25:57.447222-05:00,inhersight,amazon
I loved this job,Satisfied,Early Career,2018-12-21T00:36:25.954056-05:00,inhersight,amazon
"They fully expect you to be on your feet constantly moving for 10 hours straight. During their “peak” season you are required to work 6 - 10 hour days in a row. You are making anywhere between 6000 & 10000 scans every day. Your arms are sore, every muscle aches. You are expected to “make rate” with no errors",Unsatisfied,Early Career,2018-12-17T13:03:57.589729-05:00,inhersight,amazon
You make a fair wage for the work you do,Satisfied,Early Career,2018-12-12T23:15:05.765940-05:00,inhersight,amazon
"The frugal culture is such that no one has a sense of job security. Due to the sense of survival struggle, bad characteristic rise in a lot of people, and the wrong sort of competitiveness can occur. It's also not good to always have a nagging sense of insecurity even when your doing an excellent job. It's bad for health, and bad on the nervous system.",Very unsatisfied,Senior-Level,2018-12-12T11:14:05.736940-05:00,inhersight,amazon
"Hard to move up. After being employed 3-5 years expect same treatment as a new hire. Expect to train your managers or do their job without pay. Company does benefits, however is usually on weekend days only. ""Peak season"" is hard on everybody.",Neither satisfied nor unsatisfied,Early Career,2018-12-07T16:51:52.529628-05:00,inhersight,amazon
"Hard work and your pay does not make up for it especially after tax comes out, you get sent home if there's no work, anything can get you fired",Very unsatisfied,,2018-11-28T20:42:07.497488-05:00,inhersight,amazon
"Great if you are satisfied in a job where you do the same thing for years. Unfortunately, favoritism is an issue and you will not incline unless you really know people.",Neither satisfied nor unsatisfied,Mid-Level,2018-11-20T21:24:03.093196-05:00,inhersight,amazon
"Not for everyone, but if you're a low-stress personality that likes to do manual labor, go for it.",Unsatisfied,Early Career,2018-11-13T22:38:52.422083-05:00,inhersight,amazon
Alot of walking or standing in one spot alot of favoritism must know people to move up in this company,Neither satisfied nor unsatisfied,Mid-Level,2018-11-10T05:48:00.930304-05:00,inhersight,amazon
Working for Amazon was both interesting and there was a great culture however it was hard to advance in my position.,Satisfied,Early Career,2018-10-31T09:52:33.130264-04:00,inhersight,amazon
"If you are single with no children, you can move up. However, if you do have a family, it’s very doffing to handle work and home life.",Unsatisfied,Mid-Level,2018-10-30T14:26:31.421163-04:00,inhersight,amazon
No place to sit extremely long hours extreme quotas to fit,Very unsatisfied,Early Career,2018-10-24T10:11:45.919831-04:00,inhersight,amazon
Horrible place to work.  I highly recommend not working here.,Very unsatisfied,Early Career,2018-10-22T10:33:16.500335-04:00,inhersight,amazon
Amazon is the worst. Bezos is a lower level demon from hell.,Very unsatisfied,Early Career,2018-10-18T23:02:22.476250-04:00,inhersight,amazon
No human resources. Said I was going full time for months and never transferred me,Unsatisfied,Early Career,2018-10-09T06:33:26.228371-04:00,inhersight,amazon
none,Neither satisfied nor unsatisfied,Early Career,2018-09-30T21:23:33.544930-04:00,inhersight,amazon
Fast paced work environment. Super political and was clear I had to be around a long time before I’d see growth. Work wasn’t always recognized and it was hard to communicate with the team as a whole.,Neither satisfied nor unsatisfied,Early Career,2018-09-24T00:52:07.526122-04:00,inhersight,amazon
"Amazon was a pleasant place to work. Though not around peak. The wearhouse becomes full, causing you to not be able to hit rate. I feel as though yes rate should be a big deal but that it shouldn't be as big of a issue as they made it. The job was getting done and it should have not been handled the way it was. That being said the rest of the time was pleasant. I enjoyed those that I worked with. I enjoyed the job itself. Was a fun and upbeat inviorment. Just the management at the time wasn't very friendly. The ones that weren't friendly are now gone, so that may be just the change it needed. Everyone has their own experience so it would be silly to base it off of my situation.",Neither satisfied nor unsatisfied,Early Career,2018-09-12T12:14:56.751630-04:00,inhersight,amazon
"It doesn’t seem possible to work into a tier 3 or management position within the warehouse. The highest you can become is a Processing Assistant, and that barely has a pay increase, but much more responsibility & stress. It’s consistent, trying-to-beat-the-clock exhausting labor, and just because you’re an outstanding employee doesn’t mean you’re highly valued or that your job is safe. Pay increases are minimal, and the job variety is lacking. It’s a dead end job unless you want to go back to school to become manager.",Very unsatisfied,Early Career,2018-09-10T13:56:51.466981-04:00,inhersight,amazon
It is a high stress job with he befeit of stock ownership,Satisfied,Mid-Level,2018-09-01T19:33:07.940313-04:00,inhersight,amazon
It's a step up from fast food in pay and the hours are flexible... only nice things I have to say.,Unsatisfied,Early Career,2018-09-01T07:35:05.568165-04:00,inhersight,amazon
"I had a really good experience working at Amazon. I was in the Lab126 office. My manager was a badass woman, the sr. program manager was also a badass woman, so the team was so balanced in terms of gender, that it never felt like we were justifying or fighting for our voices to be heard. It was almost like it was accepted that the women on the team were just...super smart and even more competent than everyone else!",Very satisfied,Early Career,2018-08-31T01:10:47.172496-04:00,inhersight,amazon
"Amazon has provided tremendous opportunities for me to grow my career. I’ve been fortunate to work under many successful female managers, and the team environment is one that values work/life balance.",Very satisfied,Mid-Level,2018-08-30T14:48:06.249042-04:00,inhersight,amazon
Amazing opportunity to excel if it’s the right fit for you,Neither satisfied nor unsatisfied,Early Career,2018-08-27T00:12:58.577816-04:00,inhersight,amazon
"While the company itself isn’t overall bad, being in certain departments can just about end your progression and ability to move up in the company due to different policies in the department. There’s also the lack of livable wage, and the lack of pay raises (a “possible” $0.25 raise maybe every six months or so is very concerning).",Neither satisfied nor unsatisfied,Early Career,2018-08-26T23:37:47.562826-04:00,inhersight,amazon
Impersonal and minimal interactions with management. Pay doesn't match the physical exertion of the job. There are several extra benefits and discounts that are nice.,Neither satisfied nor unsatisfied,Early Career,2018-08-24T16:11:28.569881-04:00,inhersight,amazon
I’ve never worked for an employer that cares about their employees as much as Amazon does. So much flexibility in our schedules and the managers are top notch.,Very satisfied,Early Career,2018-08-22T06:49:10.380556-04:00,inhersight,amazon
Amazon is a good place to work.,Satisfied,Mid-Level,2018-08-18T14:21:52.493646-04:00,inhersight,amazon
Hard to find a work/life balance!,Neither satisfied nor unsatisfied,Early Career,2018-08-17T00:04:14.402833-04:00,inhersight,amazon
"Besides benefits, each aspect differs team to team",Satisfied,Early Career,2018-08-10T10:28:29.437564-04:00,inhersight,amazon
"Incredibly snooty employees, fragile and easily upset by small things. Can’t handle real life, and tend to just be a bag of dicks.",Neither satisfied nor unsatisfied,Senior-Level,2018-08-04T04:56:26.830159-04:00,inhersight,amazon
"It's a good place to work at- if you get the right department! My husband got placed in packing and he loves it. I on the other hand have been placed in customer returns other wise know as c-rets and can't stand being in the same spot for hours with little to no communication or ability to walk around from one place to another. Standing on my feet doesn't bother me it's the standing in one place for 10 hours, that's what kills me.",Very unsatisfied,Early Career,2018-07-26T05:20:37.842591-04:00,inhersight,amazon
"Two coworkers who were 7+ months pregnant were given the same physically arduous task as every other picker requiring 10 hours a day walking 12-16 miles a day mostly nonstop attempting to meet a very strict and challenging quota or else risk job termination. During an employee morale-boosting meeting, a female employee was praised yet given no actual reward for skipping time off “with her family” to come into work when needed. What backwards and inhumane values this company has.",Very unsatisfied,Early Career,2018-07-25T15:13:40.503938-04:00,inhersight,amazon
Love the company and ability to be recognized for your hard work.  It is hard work.  Many of those complaining want a ton of money for little work!,Very satisfied,Mid-Level,2018-07-13T18:41:24.912482-04:00,inhersight,amazon
"It's a lot of blatant favoritism and as a female, you kind of have to flirt with a male-dominant management not have your job screwed over.",Neither satisfied nor unsatisfied,Early Career,2018-07-12T17:19:32.134095-04:00,inhersight,amazon
Not for everyone.,Unsatisfied,Early Career,2018-07-03T00:22:20.210494-04:00,inhersight,amazon
Amazon is an ok business but needs to change some productivity policies.,Very unsatisfied,Early Career,2018-07-01T16:25:52.238711-04:00,inhersight,amazon
Upper management cares. Lower management... not so much.,Unsatisfied,Early Career,2018-06-24T21:53:00.437766-04:00,inhersight,amazon
"Overall Amazon is a good company to work for very flexible and great benefits. However there is challenges and obstacles that regular employees face that make their job seem indispensable and the fear of losing your job is always a guaranteed. They wear your body out so much that you have no other choice than to move up and losing some of your dignity, quit or get fired. If you want to move up something has to give and your knifes have to be sharp enough to back stab your peers or naturally be a terrible human being. This job will give anxiety or give you depression. It won't matter if you become a manager and above thou they compensate you enough to pay for your depression medication and numb that emptiness you have inside for working in such a selfish environment.",Very unsatisfied,Early Career,2018-06-24T21:17:55.995757-04:00,inhersight,amazon
"It's a hard environment to adapt to. Women work there, but most quit within the first few days. Men are mainly in charge and work things to their benefit. As much as safety is important, it isn't. If someone gets hurt too often, they're fired. Most worry about keeping their jobs because there's a set standard. People are given a certain amount of hours for sick time and if gone under, you could be fired. I wouldn't reccomend this job for someone just graduating high school. Or a woman trying to rise in any way.",Unsatisfied,Early Career,2018-06-13T00:25:37.110462-04:00,inhersight,amazon
The ratio of men to women working in the warehouse is 10:3,Neither satisfied nor unsatisfied,Early Career,2018-06-11T15:31:45.224293-04:00,inhersight,amazon
Operations in Amazon has very little female representation. Overall Amazon has very little female senior leadership.,Very unsatisfied,Mid-Level,2018-06-09T10:22:45.805967-04:00,inhersight,amazon
In my experience Amazon fulfillment centers take care of all their employees (no discrimination for all)! It is a wonderful company to work for. There are many incentives.,Very satisfied,Early Career,2018-06-05T09:21:20.910859-04:00,inhersight,amazon
I have Aspergers. My managers think I am stupid. Not sure why.,Unsatisfied,Early Career,2018-05-28T21:39:29.459455-04:00,inhersight,amazon
"I’ve worked off and on for Amazon since 2014. While I haven’t always loved it, I can’t deny that it offers great benefits, competitive pay rates, and plenty of opportunities for advancement for both male and female employees. I can honestly say, from personal experience, that their maternity and parental leave is phenomenal! I’m looking forward to returning to work, but not as much as I’m looking forward to coming home to my sweet baby every night.",Very satisfied,Early Career,2018-05-26T00:58:50.216841-04:00,inhersight,amazon
"It's great to learn new leadership skills, but moving up the ladder proves difficult even when qualified.",Neither satisfied nor unsatisfied,Early Career,2018-05-24T05:41:04.576325-04:00,inhersight,amazon
A healthy dynamic environemnet where you can keep learning and learning with multiple challenges aroubd,Very satisfied,Mid-Level,2018-05-21T17:02:31.388194-04:00,inhersight,amazon
"Fun place to work, good money, good exercise. Hours too long.",Satisfied,Mid-Level,2018-05-15T02:56:04.913248-04:00,inhersight,amazon
"I love working for Amazon! I hope to work here until I retire, many years from now! They have amazing health benefits, which cover pretty much everything you can think off including infertility treatments and transgender reassignment surgeries. I received 20 weeks paid maternity leave when I had my son. I had the option of not having to returning to work full-time right away when it was time to come back. They really try to live by their ethics and they are always improving.",Very satisfied,Early Career,2018-05-14T12:37:20.719019-04:00,inhersight,amazon
It's a good job if you can make production,Unsatisfied,Early Career,2018-04-21T18:47:25.084014-04:00,inhersight,amazon
"Women were told to shutup in executive meetings. Extensive mansplaining. No females in leadership from my line to the top. Male sr level execs very uneducated on gender issues,
made very public excuses about the pipeline problem and suggested that women stick to HR and Customer Support. I was gaslighted by my boss for over a year, with several known complaints to HR (from many employees). Raising the issues to HR were manipulated back onto me, and i ultimately resigned.  The offending male execs are all still in their roles, while droves of direct reports have given up and left.
 (Bay area location)",Unsatisfied,Mid-Level,2018-03-25T22:31:03.523954-04:00,inhersight,amazon
"More male managers than female, but not due to any gender bias. Fewer women work in warehouses is all. Everyone has equal opportunity with Amazon at their facilities and warehouses. It's all about your ability to interview well. No one cares about gender or race.",Very satisfied,Mid-Level,2018-03-19T04:38:01.164015-04:00,inhersight,amazon
"You will work here or you'll be let go. It's not for people who don't like fast pace environments. But they do have decent perks. Like their career program and the stock they give you. Peak can get to you if you don't get enough rest, drink lots of water, and eat.",Satisfied,Early Career,2018-03-07T01:21:21.133609-05:00,inhersight,amazon
Female harassment is not taken seriously enough by the hr department. It’s very sad.,Unsatisfied,Early Career,2018-03-05T19:39:55.159279-05:00,inhersight,amazon
"I enjoyed working here and the managers were,very nice and helpful.",Neither satisfied nor unsatisfied,Early Career,2018-01-29T19:24:18.387133-05:00,inhersight,amazon
"In terms of overall job satisfaction, I don't hate it, but it's definitely not my favorite job ever.  I haven't really had any sort of opportunity to get to know anybody, so I wouldn't call it a great team environment, which I personally like.  As far as women in roles of leadership, there are few.  Women mostly serve in the roles of Ambassadors, which are by-and-large trainers and folks who are there to help and answer questions.  Among these women, I have seen some very unprofessional behavior.  For instance, I overheard and saw a conversation the other night wherein a female Ambassador was passing her phone around and asking if she was more attractive than another woman. Unprofessional and disappointing, I thought.  Overall, I feel that this specific job lacks warmth and new opportunities.  I liked the job when I was new and learning.  Since I've learned all I need to know, it has become very stale and definitely feels like a dead-end.  If you're a people person and enjoy learning and implementing new skills, probably skip this one.",Unsatisfied,Early Career,2018-01-23T12:31:55.093052-05:00,inhersight,amazon
I love the warehouse I work for with Amazon however not being able to move to full time without moving to a completely different warehouse is frustrating.,Unsatisfied,Early Career,2018-01-11T19:57:01.845197-05:00,inhersight,amazon
"ONT5 is totally a chaotic warehouse with an absence of good leadership. Any opportunity they get to screw over associates they take it. Constantly changing in and out of managers with zero experience and once they've got the hang of things are transferred out. The Site lead manager is changed every year, guaranteed, which means that every operation in the warehouse will be changed to suit the new site managers ""vision"" rather than finding something efficient. This warehouse goes out of its way to make sure nothing runs with any ounce of efficiency and if something new is found to work best, they change it instantly. Operations change weekly. Not to mention the utter lack of care that anyone has for the products they ship out, boxes are tossed every which way and piled up so much that everything falls on the floor. Complete disregard for safety in pallet building but it is expected of associates to move so fast that they have no time to properly build the pallets of boxes. That's just the tip of the ice berg in disregard of safety procedures here. Next your schedule is under constant change. You think you have a set schedule like any other Amazon warehouse? Think again. Expect your schedule to change with barely 2 weeks notice just so it suits new operations. Not to mention they will completely eliminate your shift and force you into a completely new one if you want to keep working there. Honestly if you want to hate yourself and your life work at this warehouse. Employee beware.",Very unsatisfied,Early Career,2018-01-11T15:40:12.882453-05:00,inhersight,amazon
"“Management by insinuation.” Employees are expected to learn their roles largely independently. Little value is placed on institutional knowledge; employees are expected to move to a new role every 1-2 years, and staying in one role beyond 3 years is nearly unheard of.",Neither satisfied nor unsatisfied,Mid-Level,2018-01-10T22:43:53.594529-05:00,inhersight,amazon
Almost destroyed my body completely.,Very unsatisfied,Early Career,2018-01-07T20:10:25.072428-05:00,inhersight,amazon
"Amazon is what you make it for yourself. No one will hold your hand. Some people thrive, some people hate it. Those that thrive are generally Type-A and outgoing.",Satisfied,Early Career,2018-01-04T14:12:11.047743-05:00,inhersight,amazon
The systematic sexism at Amazon is very real and the mistreatment of employees by every level of management runs rampant. Most people are miserable.,Very unsatisfied,Mid-Level,2018-01-04T08:26:19.211304-05:00,inhersight,amazon
"It's a very unique, diverse and exciting place to work. But it would be nice to be paid the living wage. Amazon is a great company so why not represent what other companies should follow suit to?",Very satisfied,Mid-Level,2018-01-02T14:45:44.645754-05:00,inhersight,amazon
"The trouble with the company us that their policy states and provides resources to prevent any kind of discrimination.  However, they frequently hire people for their senior management that do not work to promote or develop their female associates and often relegate tasks based on gender (men on ship dock,  women can pick). There are also few efforts made to have any kind of social event for men or women and do not show signs to change that.",Neither satisfied nor unsatisfied,Early Career,2018-01-01T16:44:21.556761-05:00,inhersight,amazon
"I think your experience will really vary from team to team. I've been on teams where I've learned and grew quickly but did not feel like I was a part of the team. I've also been on teams where coworkers are amazing but management just sucked and we were forced to do a lot of non-software groundwork. One thing that's constant is there is always a lot of work. Another is we live and breathe the leadership principals, which is good for business, customers, and professional growth. At the same time it can be bad because it obviously lacks any interest and care on the personal experience and work/life balance. It felt hard to pursue promotions as a woman unless you had supportive managers and teammates, which in the end is rare because many managers will only look out for themselves. Salary increases are not worth mentioning and bonuses do not exist, seemingly no perks, sucky 401k, healthcare, and stock vesting schedule. Flexible enough for remote work where needed.",Neither satisfied nor unsatisfied,Early Career,2017-12-30T23:49:20.692214-05:00,inhersight,amazon
Most of the management for my department is comprised of women.,Satisfied,Early Career,2017-12-01T16:14:03.130350-05:00,inhersight,amazon
"Varies by department. Find a female vp (or be one) and work in her chain if you can. Devices group sounded awful (kindle etc). Year 1-2 worth it, after that leave or be ready to negotiate strongly for ""bonuses"" to meet your salary needs.",Neither satisfied nor unsatisfied,Mid-Level,2017-11-10T10:34:38.824283-05:00,inhersight,amazon
"The environment and culture at Amazon is very fast-paced and exciting and fun! The training is a riddle fast but you get the hang of it pretty quickly. This would be a great job for someone to do for a little extra money or experience, but as a single mom the unusual hours and extremely low pay are now forcing me to look elsewhere. I love working from home but even without a commute I can't afford $10 an hour. Otherwise it's a great place to work.",Neither satisfied nor unsatisfied,Early Career,2017-11-09T23:05:08.967792-05:00,inhersight,amazon
"There’s corporate Amazon and then there’s the fulfillment centers that do all of the work. Unfortunately, our benefits and perks don’t compare to Seattle. The attendance policies in the warehouses are so strict that people end up with no choice but to be fired. Amazon at the FC level turns over people at alarming rates. It’s not a good place for women because the leave process is so broken that a woman can easily be fired if her leave case hasn’t been updated on time; and there is very little support from HR and the ERC. The work in the FC can also be physically taxing on pregnant women. It would be really hard for women building their family to maintain employment at Amazon. It’s honestly sad how the conditions are.",Unsatisfied,Early Career,2017-11-05T13:05:44.444922-05:00,inhersight,amazon
"Be aware that some divisions are less female friendly than others and it's not just those that are heavily staffed with tech roles. Leadership principles drive the culture here and yet none have any bearing on human respect and self awareness--both critical qualities in developing an inclusive culture. Until this is rectified, the mentoring and development for women will only be window dressing and the real opportunities will still be for the old boys and dev dudes.",Unsatisfied,Senior-Level,2017-11-02T20:48:22.001012-04:00,inhersight,amazon
"Its a horrible work environment. They push you til your sweating blood and then they ask you what your problem is. I hated my experience there. It wasn't just the work tho. It was also the ppl. The training sucked. They didnt give you enough time to adjust to the ""normal"" rate, and management there was rude and just all around awful.",Very unsatisfied,Early Career,2017-10-24T23:05:42.786877-04:00,inhersight,amazon
"It's like working at match.com 
Not the best place for a woman single or in a relationship unless you enjoy adultery and fornication.",Unsatisfied,Early Career,2017-10-24T00:26:00.699090-04:00,inhersight,amazon
"I have truly never worked for a more friendly, equal, and overall fair company. As a woman, I have never seen more advancement opportunities available.",Very satisfied,Mid-Level,2017-10-14T20:21:49.866989-04:00,inhersight,amazon
Was hard to get in contact with someone when you need a day off. Goes by a point system which is not really fair.,Unsatisfied,Early Career,2017-10-13T14:22:06.005387-04:00,inhersight,amazon
Overall company views are positive. Individual teams show descrimination and prejudices against women.,Unsatisfied,Mid-Level,2017-10-12T11:01:04.919990-04:00,inhersight,amazon
"I was lucky to have an amazing female boss and mentor.  Amazon was a boys club.  While there were a few women in leadership roles, it was difficult to get there and difficult to demand the respect required at that level.  My boss would have special training sessions with me and another female employee to help us learn how to best speak to the room of men.",Unsatisfied,Mid-Level,2017-10-10T14:24:49.962697-04:00,inhersight,amazon
"Working in an Amazon Fulfillment center I never imagined a warehouse setting could be so diverse. It's practically a 50/50 split in men and women and influsive of race and ethnicity, gender (including those with gender variances) and sexuality. This includes management and operations as well. It is a wonderful place to work even at the lowest level.",Very satisfied,Early Career,2017-10-09T09:07:12.872170-04:00,inhersight,amazon
"Some teams are great, so it really depends on the leadership - others are so-so, but it's certainly possible to find other women in tech leadership roles.",Neither satisfied nor unsatisfied,Senior-Level,2017-10-03T17:36:40.396895-04:00,inhersight,amazon
"To my knowledge, at least the last eight Area Manager roles were filled by men.",Unsatisfied,Early Career,2017-09-29T03:25:42.659732-04:00,inhersight,amazon
Men do not treat women engineers equally here. They treat us like we are incompetent.,Unsatisfied,Mid-Level,2017-09-26T00:22:41.176301-04:00,inhersight,amazon
The sexual harassment at amazon is out of hand. Very rarely do they actually do anything about it. They just send you to HR and have you fill out a complaint form and nothing gets resolved. I've been groped on the weekly for 2 years by the same people. Nothing had been done about it.,Unsatisfied,Early Career,2017-09-21T02:18:37.556362-04:00,inhersight,amazon
Extremely female friendly for a warehouse position! Beautiful nursing room! Free feminine products in the bathroom. Access to free midol and such for cramping. More women in management positions. Comfortable atmosphere. Great benefits!,Very satisfied,Early Career,2017-09-20T10:01:33.732117-04:00,inhersight,amazon
"You are a ""Industrial Athlete"". Everyday is ""Day 1"" so always try to learn something new, even if people try to stop you. Don't be too good at your job, otherwise you will not be able to train for other roles. Always set goals and push yourself everyday. Do what it takes if you want to succeed!!!",Satisfied,,2017-09-08T12:12:00.746067-04:00,inhersight,amazon
For such a large company you would think that they would know how to not treat women differently.,Very unsatisfied,Mid-Level,2017-09-05T21:28:18.656921-04:00,inhersight,amazon
"They seem to be gender blind. It's all based on performance. If you do well, you move up. If you don't do well, you don't move up. Simple as that. ",Very satisfied,Early Career,2017-09-03T18:02:13.424464-04:00,inhersight,amazon
"As an Area Manager at Amazon, expect to work at lot of hours including overtime. It is a salaried position, so you will not be compensated for additional hours. Working at a fulfillment center makes it nearly impossible to have work-life balance, especially if you are working night shift. Lastly, taking vacation days requires another manager to cover your shift. This creates a culture of feeling guilty for taking time off, and feeling resentful to others when they take time off. ",Very unsatisfied,,2017-08-31T11:12:14.196048-04:00,inhersight,amazon
"Those who work for the corporate world of Amazon may have different experiences, but I have found that communication in Amazon Fulfillment centers is very poor and transparency is nonexistent. Schedule accommodations for daycare are very limited and only apply when we are working 55 hour weeks. The ""incentive"" pay they offer is always set to be just above what they expect us to do (even though we are the highest performing building in the network) so that we never get the full payout-and so that the building saves money. I would not recommend this place to women or anyone else. ",Very unsatisfied,Early Career,2017-08-18T19:39:19.566184-04:00,inhersight,amazon
"Biased hiring, refusing accommodations, sexist management. Was told I needed to work out my personal issues, (father dying and in the hospital) and reapply when we had better headcount. When I came back from bereavement (18 days after leaving the role) they had hired 5 male external managers. They will max you out of pay and the only way to get a raise is to move up in the company. ",Unsatisfied,Mid-Level,2017-08-17T18:19:10.282295-04:00,inhersight,amazon
"Amazon offers great pay and benefits. They have wonderful parental leave services as well as on-site lactation rooms. The atmosphere of the particular building I work for in the company is just ok, upper management has a serious lack of organization.",Satisfied,Mid-Level,2017-08-17T02:12:44.874762-04:00,inhersight,amazon
"In my department, the environment is very female friendly and there are a lot of women in upper management roles. ",Satisfied,Mid-Level,2017-08-14T00:18:20.647995-04:00,inhersight,amazon
"In my experience, Amazon provides a great equal opportunity work environment! There is no discrimination in any role that I have experienced.",Very satisfied,Early Career,2017-08-11T16:51:11.886228-04:00,inhersight,amazon
"Most of upper management consists of men, the FEW women that get promoted (and there are very few that I've seen in 5 years...) were young, pretty, unqualified, dressed inappropriately and did nothing but dote on the managers that hired them. Most of them didn't even apply for the positions (they weren't even posted for others to apply for), they were just handed the positions. It is very frustrating to be passed over when you have years of leadership experience for someone who has none because you aren't batting your eyelashes, but are still expected to run departments without the pay. It goes on constantly. ",Very unsatisfied,Early Career,2017-08-06T23:20:59.356194-04:00,inhersight,amazon
Insurance was good and started on day 1 ..work flucuates from overtime to pay off depending I n orders..,Satisfied,Early Career,2017-08-06T08:30:22.815698-04:00,inhersight,amazon
"I love my job and the people I work with.  Upper management sucks sometimes, but overall I love my immediate supervisors. ",Very satisfied,Early Career,2017-08-02T21:09:39.279106-04:00,inhersight,amazon
"Amazon works you like a dog. During Peak, the four weeks before Christmas, they tack on an extra day. You work five 11 hour shifts during each week of Peak. And if you don't show up? You burn through any unpaid or personal time you might have had. You can't take vacation during that time either. 

There are no sick days, just unpaid or personal time and it runs out fast. Even if you bring in a doctors note, they still burn your time unless you get approved for an unpaid leave of absence.

Definitely not family friendly. They don't care at all that you're missing most of the holiday festivities with your family to work mandatory overtime.

Also? Get hurt on the job and require Amazon to actually take care of your med bills? They WILL find a way to fire you. 

Worst company I've ever worked for and I've had some questionable jobs. ",Unsatisfied,Early Career,2017-07-17T01:41:01.627296-04:00,inhersight,amazon
"This job is very hard work for very little pay.  They only pay $13.50 an hour for daytime shifts and $14.00 for night shifts.  It is super hot in the warehouse and you work 10-hour shifts, sometimes 12-hours if they need you to.  There is also mandatory overtime if they are not meeting their production goals.  So you can make good money if you don't mind the strain on your body and working 50 hours a week.  My body hurt so bad that I couldn't even sleep when I would get home and my feet would swell up for days.  This job might be okay for someone in their 20's who wants to keep up with it and get promoted because it did seem like they promoted people pretty quickly if they do a good job.",Very unsatisfied,Early Career,2017-07-09T00:46:23.396284-04:00,inhersight,amazon
Very equal opportunity in all aspects,Very satisfied,Early Career,2017-07-06T22:03:07.296475-04:00,inhersight,amazon
Interacting with people is such a great stress reliever! ,Unsatisfied,Early Career,2017-07-04T08:09:16.239280-04:00,inhersight,amazon
"Amazon's time off system is extremely flawed, and sets employees (especially parents with special needs children) up for failure. You only get set hours of unpaid time off, anything over that has to be earned by working overtime. Of you have no more time off, emergency or not, you are penalized. This is unfair to parents caring for disable or special needs children that may have to miss work to care for an I'll child. You are forced to risk losing your job regardless of performance if you have to miss work and don't have unpaid time to cover it. ",Unsatisfied,Early Career,2017-06-30T01:05:43.364080-04:00,inhersight,amazon
My direct manager admitted to me that he can't deal with women. He was telling a coworker and i to stop whining about things that are going wrong and need to be addressed by him. ,Unsatisfied,Mid-Level,2017-06-27T18:05:57.794318-04:00,inhersight,amazon
I loved working at Amazon. There were so many amenities and the people were great and supportive.,Very satisfied,Early Career,2017-06-25T09:56:26.871588-04:00,inhersight,amazon
It took an older male confidant to convince my three younger to middle-aged male managers to respect what I had to say when I repestedly expressed a bullying issue in my department. ,Unsatisfied,Early Career,2017-06-22T15:15:56.321226-04:00,inhersight,amazon
"Amazon is a quick paced work environment, once you have that mastered, promotion is achievable. A major challenge is the ability to move from one branch of the industry (production/ factory manager) to another branch of the company (subsidiary branch). Consistent networking connections can help in making transitions a little bit simpler, but it is a difficult process.",Neither satisfied nor unsatisfied,Mid-Level,2017-06-18T09:03:30.313665-04:00,inhersight,amazon
I've had a lot of jobs in my life and I can sincerely say that Amazon is the most employee-friendly company that I've worked with.,Satisfied,Early Career,2017-06-13T01:06:20.575530-04:00,inhersight,amazon
"Very unorganized, not open to new ideas, not professional, and lots of he said she said. When the warehouse first opened it was very warm and management was great, then it went down hill, you could tell they hated their jobs.",Unsatisfied,Early Career,2017-06-07T20:10:12.211308-04:00,inhersight,amazon
"Amazon is the epitome of white male privilege. amazon have great intentions towards providing a diverse workplace, but in reality do not.  Women , specifically those in the creative field, are bypassed for promotions, denigrated, demeaned and ignored. ",Very unsatisfied,Senior-Level,2017-06-04T11:34:11.995997-04:00,inhersight,amazon
Females are well respected but they seem to have a harder time with promotions.,Satisfied,Mid-Level,2017-06-03T03:56:02.256153-04:00,inhersight,amazon
Your happiness is heavily dependent upon your organization. ,Neither satisfied nor unsatisfied,Mid-Level,2017-06-02T00:55:43.374800-04:00,inhersight,amazon
Amazon is a hard place to work for,Very satisfied,Early Career,2017-05-24T12:28:13.257846-04:00,inhersight,amazon
"I have found my experience to be demoralizing because I came in with ambition, big goals, and bought in to the endless opportunity Amazon markets to candidates. My experience has been very different from what was sold to me from recruiters to hiring managers. Amazon is very classist, if you are not in a senior role then you're labeled as ineffective. New opportunities are in high demand and hard to come by.  If you are not careful (treat everyday like you are on thin ice) then your peers and leadership will discredit you until you ultimately leave the company. The turnover rate is kept hush-hush for good reason, we can't keep intelligent people for very long.",Very unsatisfied,Mid-Level,2017-05-22T19:39:36.817534-04:00,inhersight,amazon
"Amazon is better than a lot of places I have worked. However, being the wealthiest company in the world,  you would think they could afford to pay people more, provide better insurance,have more sick time and provide wellness and childcare programs. ",Unsatisfied,Early Career,2017-05-13T02:01:38.765650-04:00,inhersight,amazon
"Hugely unorganized. The work, benefits are good, but they overwork everyone. Mandatory OT for weeks on end. Management tends to be cliquey and let friends get away with things anyone else would be immediately fired for. (playing on the internet or socializing during and entire shift or even sleeping during a shift)",Neither satisfied nor unsatisfied,Early Career,2017-05-11T18:09:38.506664-04:00,inhersight,amazon
"I have had many fantastic opportunities at Amazon, and I love the flexibility that I have to be with my family when needed.",Very satisfied,Early Career,2017-05-09T18:19:52.540035-04:00,inhersight,amazon
Women in all levels of management. Mothers Room for privacy. Equal pay. Free feminine products in the ladies room. ,Very satisfied,Early Career,2017-05-08T15:43:24.992092-04:00,inhersight,amazon
Dd,Unsatisfied,Early Career,2017-05-07T05:47:48.173561-04:00,inhersight,amazon
They work you to the bone then fire you when you cant keep up anymore.,Unsatisfied,Early Career,2017-05-02T19:22:01.349432-04:00,inhersight,amazon
"Most promotions go to men. And the women management that they do have, they cycle them out faster than most (excluding hr). And if the management doesn't like you then your ass good as gone. They'll harass you until you quit.",Unsatisfied,,2017-04-10T15:23:04.182357-04:00,inhersight,amazon
They try to promote females but fail. The ones they have high up give us a bad reputation. ,Unsatisfied,,2017-04-06T09:29:22.522702-04:00,inhersight,amazon
"You're allowed 18 minutes ""off task"" in your ten hour shift to go to the bathroom, and if you're on a conveyor position, you'll have to hit an alarm and then wait for a manager to cover your station before you're allowed to go. 99% of the time this manager will be male and will make you feel awkward for asking to go more than twice a day. They'll also ALWAYS send a male manager to ""address going over your time off task quota"" aka scold you for needing to go to the bathroom. It might be less of an issue if we had more than 2 30 minute breaks for the whole ten hour day, and if walking to and from break took less than five minutes each way.

I'm sure someone else has gone into depth about the huge problem Amazon has with underreporting repetitive motion injuries and their vastly disproportionate young white male majority in leadership- but this is not that write up. I'm here to solely to warn you, if you don't like having your bathroom habits monitored and controlled, this is definitely a hellish workplace. If you suffer from PMDD or even just a generally awful period, seriously don't subject yourself to this. ",Very unsatisfied,Early Career,2017-04-05T00:55:54.279966-04:00,inhersight,amazon
"Overall, I do not mind my job. However, it always seems that there are far less women in higher positions. On top of that, sexual harassment by coworkers is often rampant and it does not seem that much is done about it. In my own personal experiences, hardly anything was done about the coworkers I reported for sexual harassment. These are my two biggest concerns with my job. ",Unsatisfied,Early Career,2017-04-03T10:14:48.028052-04:00,inhersight,amazon
"It was openly supported to treat women differently,  to talk over them in meetings,  to have a totally different grading scale for work.  If a man wanted your project or job,  they would accuse  women of 'being emotional'  because they couldn't find fault in the work and that was good enough to have a woman removed from the position.  Men took credit for others work and you were never allowed to use facts against a man in a meeting.  ",Very unsatisfied,Mid-Level,2017-04-01T17:35:18.899993-04:00,inhersight,amazon
Very physically demanding job. Has good days and bad. ,Satisfied,,2017-03-31T21:52:29.575291-04:00,inhersight,amazon
Amazon has a lot to offer if you're willing to give your life to your work. I was working 60 to 70 hour work weeks and then was told I need to work more. There are opportunities for advancement but it's all about the people you know.,Unsatisfied,Mid-Level,2017-03-31T20:00:31.745169-04:00,inhersight,amazon
Amazon does not do as good a job of using data to drive decision-making about employee support as it could. ,Neither satisfied nor unsatisfied,Mid-Level,2017-03-30T10:00:51.597615-04:00,inhersight,amazon
AWS is as bad as you read in the New York Times. I only stayed a year and have taken an executive position in another major tech company. I have almost 20 years experience and AWS was awful. Not recommended especially for women. They're years behind in diversity and tolerate behavior other employers would fire employees for immediately. It was appalling.  It's hostile and women are treated like admins regardless of their expertise and experience.,Very unsatisfied,Mid-Level,2017-03-25T20:39:36.470390-04:00,inhersight,amazon
I am unreasonably happy in my job.  I work with strong women leaders and I have great opportunities to learn from them.,Very satisfied,Senior-Level,2017-03-20T21:32:32.329261-04:00,inhersight,amazon
Amazon does not seem to value is employees. I left because I quickly learned I had little chance of being promoted. I would never work there again.,Unsatisfied,Early Career,2017-03-14T19:42:11.941577-04:00,inhersight,amazon
"I feel like it is time we are honest when someone, especially a big business, gets it right. Amazin gets it right in a big way. ",Very satisfied,Early Career,2017-03-02T11:54:23.547357-05:00,inhersight,amazon
"Amazon has its ups and downs but is definitely a good workplace that is always moving forward in positive ways, I'm happy to be a woman working for this company",Very satisfied,Early Career,2017-02-28T21:06:00.839912-05:00,inhersight,amazon
I am a recruiter with in the tech department. I am run ragged on a daily basis. I was not properly trained yet when given a chance to be trained we were forced to work while in the training. I have a brain/memory disorder that requires me to work harder than the average person to absorb new information/processes. I asked if it would be possible to work from home every now and then so that the stress from the daunting office day to day won't interfere with my learning process. When I did this I was told that if I had the will to learn I would find a way! I am currently in the process of looking for a new job at a new company!,Unsatisfied,Mid-Level,2017-02-24T13:52:48.575697-05:00,inhersight,amazon
"Great benefits, excellent parental leave, great people to work with very diverse. Not a lot of women in leadership roles though",Satisfied,,2017-02-24T11:08:27.866438-05:00,inhersight,amazon
There are no females in senior management.  There are currently less women in management on the floor than I have fingers on my left hand. Tampon dispensers are always empty. Bathrooms are nasty. Men are not held accountable for sexual harassment in my experience whether it was physical or verbal. The benefits for maternity are amazing but LOA team makes it near impossible to get these benefits by not returning calls and giving you the run around and not answering you. There is no on-site representation so everything has to be done via phone and during their work hours; which does not match up with many of MKE1 full-time shifts. ,Neither satisfied nor unsatisfied,Early Career,2017-02-23T15:23:24.772682-05:00,inhersight,amazon
Though the workforce is fairly even and lower management levels have pretty even levels of female equivalents the higher managers seem to be primarily male.  Parental leave and personal paid and unpaid time as well as vacation are great perks along with healthcare that make it easier to have a family and work here,Satisfied,Early Career,2017-02-22T12:47:20.318792-05:00,inhersight,amazon
"I was told I was not chummy enough with fellow managers (all male, discussed only sports) given poor review based on feelings, contrary to performance metrics. Took a leave of absence which was treated with disdain by hr and Sr mgmt. Was told management did not use personal time for illness, or only when ""legitimately sick"" without any knowledge of my illness. ",Very unsatisfied,Senior-Level,2017-02-18T00:08:56.689396-05:00,inhersight,amazon
My main issue is the policy of time off task wich covers bathroom breaks.  Certain positions make it almost 100% sure that you'll be far away from a bathroom with only a 5 minute window to get there use the bathroom and back before time is counting against you.,Neither satisfied nor unsatisfied,Early Career,2017-02-09T19:10:29.049986-05:00,inhersight,amazon
"Working at Amazon you are expected to work all the time. If you get an email or phone call at 2am, you are expected to reply at 2am. You are never off. Ever. You will work with the smartest people you have ever known. You will learn more than you ever have. And after a year or two, you will be more exhausted than you have ever been. It is not uncommon to see men and women crying at their desks and in the hallways.",Unsatisfied,Senior-Level,2017-02-08T13:52:49.236589-05:00,inhersight,amazon
I love amazon and have been learning so much. It's one of those jobs if you do it for a long time you can be amazing or you can move up.,Very satisfied,,2017-01-31T12:57:09.176034-05:00,inhersight,amazon
"Amazon is actually very fair.  I've moved up,  there are a good amount of female leaders,  though my building is mostly males. ",Satisfied,Mid-Level,2017-01-13T20:41:13.603471-05:00,inhersight,amazon
"Amazon is very progressive and very diverse. Women get free tampons and pads, the ratio of women to men management is the best I've seen at any job, and there is a very inclusive environment. Enjoyable working environment and HR cares about the employees",Satisfied,Early Career,2017-01-11T22:25:12.307271-05:00,inhersight,amazon
"I was sexually harassed almost daily and a lot of males seemed to have my back, but mainly because they thought I was cute or wanted to have sex with me. It also seemed to be a male dominated environment, so I suppose that could have been part of it. ",Unsatisfied,Early Career,2017-01-09T19:03:15.677804-05:00,inhersight,amazon
Second Full filament center I've worked at...love a company that as a female even provides hygiene products without feeling the need to charge us for them. It's the little things that sometimes make the biggest difference. ,Very satisfied,Early Career,2017-01-06T11:47:43.396176-05:00,inhersight,amazon
"On the outside, it looks progressive. On the inside, associates and power leadership are thorns in the side. It's so hard to get meetings with upper management. They have no time to work with you on your development. It's so sad.",Unsatisfied,Mid-Level,2017-01-06T04:58:18.006426-05:00,inhersight,amazon
"Amazon is an amazing company to work for!  The pay, benefits and accommodations for all scenarios are outstanding. From my father's death to my own health issues, they have always gone above and beyond to assist however they can. They also encourage furthering education,  and pay 95% after one year. I could go on and on about all that they provide for employees! ",Very satisfied,Early Career,2017-01-04T00:29:49.905876-05:00,inhersight,amazon
We aren't offered anything and if you don't measure up you're gone. Not allowed to talk about it. It's forbidden. ,Very unsatisfied,Early Career,2017-01-03T19:22:41.280044-05:00,inhersight,amazon
"Although it is not the horrible company that a lot of reviews state, there is still much room for improvement. If a salaried manager is working 13 hour days instead of 10, do not get upset when they go home early for being sick once in awhile, or quickly ask if they put in their time for it. Salaried managers usually give much time at work plus time at home working from their computers to assist the company in its growth. Conduct thorough reviews on your Sr Management team to ensure they do not play favorites at sites, which can cause low morale and unneeded drama. Lastly, create a better on-boarding for the college hires that become managers. Some of these students have never worked a day in their life and they are now in charge of 50+ people. In order for them and the company to be successful provide tracked training site specific. ",Satisfied,Mid-Level,2016-12-28T21:56:26.356816-05:00,inhersight,amazon
Always considerate and understanding ,Satisfied,Early Career,2016-12-07T09:01:18.751947-05:00,inhersight,amazon
"Women are often excluded from conversations, or when they are present, things are not said. Even in management, women are given less projects and analytical expectations, yet are held to higher standards of professional conduct, especially when handling their emotions. When a woman is doing anything other than smiling or agreeing, if she is lucky enough to even be heard, she is told to step back and evaluate how she's speaking or portraying her face for the sake of her OLR. It's your good old fashioned boys' club, with a powerful modern nuance.",Very unsatisfied,Mid-Level,2016-12-03T19:04:40.930351-05:00,inhersight,amazon
"I've experienced that I'm paid less than my male counter parts at every level in the company I've worked. Same job, same years of experience, less pay. Cannot receive a merit increase except for at specific times of the year and if granted, it's the same as everyone's so even if a raise is provided, my male colleagues get the same raise, never decreasing the wage gap.",Unsatisfied,Early Career,2016-12-02T15:46:44.762263-05:00,inhersight,amazon
"Male management is actively dismissive of female management. Getting your voice heard in meetings is agony. My male counterparts have less experience and education than I do and make more money than I do -- their total compensation is higher. Other female managers have mentioned in private that they have discovered the same issue at their own buildings. And yes, I have spoken in specifics with my male colleagues about our total compensation packages - down to RSU vesting schedules. Male managers who excel are promoted aggressively. Female managers who excel are kept in their positions because they're ""too valuable.""",Very unsatisfied,Mid-Level,2016-11-19T20:41:11.148524-05:00,inhersight,amazon
"Amazon belittles and humiliated those to work hard, are successful and can achieve greatness for the overall well-being of the company. Providing input and suggestions isn't welcome and proposing higher positions for the same work is looked down upon. Getting demoted and eventually fired because of continued determination for the success of you and your peers is a very real possibility. Amazon does not acknowledge their own mistakes, but instead blames those who work hard daily to provide for the company, and especially if you make calls to ethics and report your managers for being ethically challenged and sexist, racist, egotistical ""leaders"". ",Very unsatisfied,Early Career,2016-11-19T20:03:39.089830-05:00,inhersight,amazon
"They need a culture of Emotional IQ. The Indian men are the worst offenders  and tech leadership is crawling with them. Horrible unconscious bias. The worst in 20 years of being in the industry. Even the women are biased towards other women. I can't wait to find another job, but the pay chains me there till I find one and at my level it takes a while.",Unsatisfied,Senior-Level,2016-11-18T19:59:59.946039-05:00,inhersight,amazon
Great for someone wanting to get their foot in the door with a large company. A ton of room to move up if you're willing to wait. BUT Management changes often and you are more of a number than a person. ,Neither satisfied nor unsatisfied,Mid-Level,2016-11-17T18:00:52.259334-05:00,inhersight,amazon
Amazon has men and women in the same positions. They are paid the same. Amazon also supplies feminine hygiene products (pads and tampons) in all bathrooms for free. ,Very satisfied,Early Career,2016-11-15T14:34:06.178993-05:00,inhersight,amazon
"The place runs on testosterone, adversity and being 'frugal'. It is not uncommon to see internal threads about why it is unfair for the company to be offering medical benefits for new moms (and very recently dads), when people who choose not to have kids don't anything comparable. No wonder the only female Jeff B technical advisor (TA) had to be way overqualified for the job, (CEO of Quidsi vs director-level for most men chosen for the job) and was chosen 20 years into the company's existence. For those who don't know, this TA position is basically the way high potential talent gets groomed for positions like VP. She was already at a CEO level. ",Very unsatisfied,Senior-Level,2016-11-15T02:25:54.315026-05:00,inhersight,amazon
"Though Amazon has improved  maternal and paternal leave, it is not an environment friendly to family life or work life balance. The hours pace and general base level requirements make it difficult to take any sort of time off. ",Unsatisfied,Mid-Level,2016-11-14T17:58:08.661205-05:00,inhersight,amazon
"Free feminine products in the restroom. Access to free pain relievers, although not a women specific product it's certainly helpful. The facility also has a lactation room. ",Very satisfied,Early Career,2016-11-14T16:54:05.349496-05:00,inhersight,amazon
"A great place to work! Professional, fun and respectful culture. Positive managers who really care about everyone as they reach targeted goals. The focus is not just on the client, which is well known with Amazon, but also the employee needs as well through flexible schedules, a fair wage, excellent benefits, great training, a nursing room for lactating mothers, break rooms that offer offer free food, water, coffee, games and a widescreen tv. Everyone is treated with respect and there is even a computer room that employees can use at break and lunch to search for other positions! Equal opportunities are evident here. Love working for Amazon! ",Very satisfied,Early Career,2016-11-03T20:19:43.782955-04:00,inhersight,amazon
"It's a great place to work if you are in the right role. I only wish we valued employee time more, and worked to leverage them for the roles they are hired for ",Neither satisfied nor unsatisfied,Mid-Level,2016-10-25T17:13:41.855627-04:00,inhersight,amazon
Current ops admin for a new site. My knowledge of the benefits the company provides leads me to believe that this company is absolutely a great place for women and parents in general to work. I work long hours but only 4 days a week and the pay I receive is absolutely competitive. ,Satisfied,Early Career,2016-09-22T19:29:47.286717-04:00,inhersight,amazon
You should ask about work-life balance company can have good terms but make you work a lot this does not enable to grow your family.,Unsatisfied,Mid-Level,2016-09-01T11:16:28.951879-04:00,inhersight,amazon
"Blown away by the lactation room (complete with relatively comfortable chair, fridge, sink, and soap) and the level of support given to those of us who were nursing mothers. I was unprepared for such positivity. During those long nights of picking, pumping became my favorite part of the work day. It was so appreciated.",Very satisfied,Early Career,2016-08-29T17:28:14.766219-04:00,inhersight,amazon
They hire managers straight out of college and that needs to be worked on some more. Some managerial experience should be required for such a big place. ,Neither satisfied nor unsatisfied,,2016-08-11T01:19:12.430354-04:00,inhersight,amazon
"Big old boys club. Upper leaders take credit for other's work when it succeeds, she'd blame on to others for their own mistakes. ",Very unsatisfied,Mid-Level,2016-08-08T22:38:09.540577-04:00,inhersight,amazon
"Upper management is mostly men. Dock positions are all men, even if women prove themselves ",Very unsatisfied,Early Career,2016-08-03T22:20:43.571981-04:00,inhersight,amazon
"I was a work from home employee. I enjoyed most aspects of my job and the maternity leave was to die for. Seriously no one does maternity better than Amazon.  I took a buyout and left. The program needs work but it's headed in the right direction. Amazon is innovative and will always thrive. I hope, because I still love them dearly. 

    _sandshol

",Satisfied,Mid-Level,2016-08-03T13:21:18.973454-04:00,inhersight,amazon
"It is what it is, then some ",Neither satisfied nor unsatisfied,Mid-Level,2016-07-20T00:32:30.489035-04:00,inhersight,amazon
"Don't work at a warehouse unless you're built like an Icelandic muscle head. Was given an RMI to fill out and no doctors would touch it. Was told it could be taken to an urgent care facility but that was a lie. When I did finally get it turned in, it wasn't enough and they wanted more. Doctor put restrictions on me that amazon didn't like, so they told me to either get better or leave. Underpaid, overworked, Amazon treats their employees like they're disposable, at least in states with lenient labor laws.",Very unsatisfied,Early Career,2016-07-12T18:55:27.321560-04:00,inhersight,amazon
"In general, a great company to work for. However, it's very hard for women to get promoted. Looking at my site, less than a quarter of leadership and above are women. It's definitely a boys club at Amazon. ",Neither satisfied nor unsatisfied,Early Career,2016-07-07T12:35:52.170530-04:00,inhersight,amazon
"This is based on the Redlands warehouse, horrible management all around and don't want you to succeed. A lot of favoritism and phonys. Bully you anytime you get even remotely hurt and tell you you're crazy when you say how you feel. Great company, HORRIBLE location.",Neither satisfied nor unsatisfied,Early Career,2016-06-28T16:29:00.198172-04:00,inhersight,amazon
"When you are treated like a number instead of a human being, you feel like you are not valuable to the company in which you work. Unfortunately this has been the case for quite some time with my current place of employment. It gets exhausting to keep dealing with the same untrustworthy leadership day in and day out. Upper leadership does not seem to care, but yet they want to know why the good employees continue to leave. Until there is a significant change in leadership, people will continue to feel the same way.",Very unsatisfied,Early Career,2016-06-28T14:44:42.470774-04:00,inhersight,amazon
"In the mobile device space, there were around industry average proportion of women (not enough), but all women were in QA roles, no women in development roles. It was like the software equivalent of traditional gender roles, women were cleaning up the mess the men made. There were some few women in the management chain, but again only on the QA side.",Unsatisfied,Early Career,2016-06-23T18:01:57.488382-04:00,inhersight,amazon
Read the NYT article,Very unsatisfied,Senior-Level,2016-05-11T18:44:42.889385-04:00,inhersight,amazon
I once complained about a female coworker who I felt was picking on me to my manager.  He told me that my coworker had higher standards for me because we were both female.,Neither satisfied nor unsatisfied,Early Career,2016-04-19T14:59:33.864286-04:00,inhersight,amazon
The few women in management were not right for the job (picked because they were in departments with poor performers).  Male co-workers made much more money in the same position.,Unsatisfied,Mid-Level,2016-04-05T23:46:06.190307-04:00,inhersight,amazon
"When you are going through all of the new hire training, it seems as if they really care about their employees. They even have a safety team on site if anything should go wrong. However, the actual most important thing to them is productivity. I am pregnant and I can only move so fast and I need to use the restroom more often. There was no way to adjust my goals so that I could meet them and I was chastised for being pregnant in the first place.",Unsatisfied,Early Career,2016-04-05T13:08:17.163275-04:00,inhersight,amazon
"Overall there are worse places to be a woman.  Depending on the specific team and org you're in, it can definitely be better and worse. Those orgs which have clear, written goals for diversity tend to follow through on those, so seek those out. So far, any outright harassment or discriminatory behavior is readily squashed by HR, so usually all you have to battle with is the unconscious bias and subtle sidelining. Choosing your team wisely can mitigate the unconscious bias factors. ",Satisfied,Mid-Level,2016-03-10T16:58:16.814935-05:00,inhersight,amazon
"Amazon Fulfillment Centers are very hard on managers for hours.  There is very little work-life balance and you are expected to work 60 hour weeks minimal.  I personally had core hours (hours I had to be at the facility every week) of 55 hours, but as a manager I was required to be there before the start of the shift and so I worked more than 60 every week.  When it cam time for me to take the shift that required fewer hours my male counterpart appealed to my manager that he had kids and I did not, and therefore our rotation (we were supposed to do this every 3-4 months) was stopped.

During my time there, men stating they had childhood duties were smiled upon.  I said I needed to go to visit my very ill father and our boss told me that he needed for me to turn in an assignment that Saturday by noon.  I had to stay up all night and work dutifully until noon to complete it. a document by noon.  A male co-worker stated that he needed to spend time with his kids a few weekends later and our boss stated that life had to have those types of enjoyment.  The very next week I was asked to do what that employee failed to do the prior week.  My boss saw himself in my co-worker, there-fore he felt guilty when my male co-workers needed time with their families.  For women he just couldn't relate.   

In another case, a female co-worker made the comment that she was having childcare issues and her manager questioned whether she was cut out for the job.  

I am bringing up personal cases so it may seem like this would not apply to you.  But, Amazon is so ""young"" male dominated, they don't question that they aren't tolerant to different people.  They expect a homogeneous thought process and are very intolerant to people that don't share life experience.",Very unsatisfied,Mid-Level,2016-01-20T18:42:55.349982-05:00,inhersight,amazon
"As an entry level associate, there is no discrimination against women. They are all treated the same and get great benefits. As for moving up in the company. it is not likely for women at Amazon. There are a few supervisors that are women, but when it comes to management, from what I've seen at my buidling, only about 10% of management are women. In my 4 year career with Amazon I have never seen a woman as an Operations Manager, Senior Operations Manager, or General Manager. ",Neither satisfied nor unsatisfied,Mid-Level,2016-01-09T08:04:10.093198-05:00,inhersight,amazon
"Recent changes in parental / maternity leave are very positive.  Travel expectations for some roles are really challenging.  The company does not do ""remote work"" very well.  There's still very much a strong preference for everyone to be in Seattle.   Long hours and high expectations but manageable with the right boss, and salary is commensurate with effort in my opinion, which makes it worthwhile.  I really like my job and working for Amazon, but it is challenging, for sure.  I would be happier if there were more options for remote employees to be truly remote and unencumbered by working outside of corporate HQ.",Satisfied,Mid-Level,2016-01-08T02:53:51.808993-05:00,inhersight,amazon
Work life balance is non existent. Only a handful of women at the Herndon office. And several have had really awful experiences.,Very unsatisfied,Mid-Level,2015-12-19T19:47:06.434596-05:00,inhersight,amazon
"There seem to be more men managing team on the production floor, but the HR team has a female majority, and the sexual harassment policy is one of no tolerance. I know that if someone is exhibiting inappropriate behavior, I can bring it to someone's attention and be taken seriously.",Very satisfied,Early Career,2015-11-24T21:15:16.626792-05:00,inhersight,amazon
"If you are not an overgrown frat boy, you will not be promoted.  That said, Seattle is an amazing place and many people fall in love with the area and cannot bear to leave, myself included.",Very unsatisfied,Mid-Level,2015-11-23T20:46:47.070279-05:00,inhersight,amazon
"I've found the warehouse I work for with Amazon.com is an amazing opportunity for women AND men of all ages, races, sexual orientations, etc.  It is the most diverse workplace I've ever been in. While I'm currently in a position that has extreme potential, I find it has more options than when I was in positions of management for other companies I've worked for where I was close to the top, yet somehow still stifled with my power.  I cannot speak more highly of Amazon as a work environment that everyone could be comfortable working for. ",Very satisfied,Early Career,2015-11-23T10:30:24.188653-05:00,inhersight,amazon
"If you're a young, single woman (or young looking) - you can do very well at Amazon. but expect your relationships to be difficult, and suffer immensely if you have children. Some managers are supportive, but many preach support then ding you in the annual review. ",Unsatisfied,,2015-10-31T18:22:39.074766-04:00,inhersight,amazon
Women left out of critical meetings. Manager and team leads don't help with on boarding process. Quick to criticize. Micromanagement. Managers want to look good and blame employees for mistakes before trying to understand the problems. Unforgiving environment. Men posture and dominate meetings. Shouting louder gets you heard. Quick to make judgments about people.,Anonymous,,2015-04-09T08:46:15.703992-04:00,inhersight,amazon
"For retail jobs:
Hours relatively inflexible due to nature of ecommerce. Work life balance is tough if you want to have career advancement. Many leave retail to start family.

Decent representation of women in retail management team. Career advancement is completely merit based which is great. Mentorship and focus on women issues is lacking.",Anonymous,,2015-04-03T21:16:17.647970-04:00,inhersight,amazon
Our President and COO is one of the most inspirational women leaders I have met.  We have a Women in Technology group that meets regularly and is supported by management.  ,Anonymous,,2015-03-10T15:22:32.401425-04:00,inhersight,amazon
Amazon is full of type A folks that work hard and play hard.  You can have flexibility and work-life balance but you have to figure that out on your own.  Its a great place to work if you desire freedom to do whatever you need for your role without a lot of bureaucracy.  Amazon has a way to go to get more women into leadership and technical roles. ,Anonymous,,2015-02-26T19:34:19.753836-05:00,inhersight,amazon
Bro-y young tech/sales environment with grind mentality. Little to no maternity/paternity leave. Did have pretax flexible dependent FSA account to help offset child care cost which was helpful. I lucked out and had a great boss that was flexible with telecommuting if my child or self was sick. Doesn't offer part time telecommute positions to retain talented individuals who need a more flexible job while rearing small children. Very few women in non-sales aspects of company.,Anonymous,,2015-02-24T21:52:19.199635-05:00,inhersight,amazon
